-8.91,-0.35,1.31,-2.11,0.91,-2.58,-8.69,1.23,3.95,3.23,0.37,2.74,2
-9.06,-0.35,1.17,-5.08,0.57,-0.80,-8.66,1.13,4.19,-1.06,1.26,1.54,2
-9.26,-0.53,1.01,-7.27,-1.09,-0.44,-8.59,1.24,4.38,-5.34,0.18,1.52,2
-9.30,-0.55,0.92,-6.43,-1.45,-0.93,-8.60,1.23,4.19,-5.01,-1.03,0.52,2
-8.92,-0.59,1.32,-1.92,-1.31,-3.25,-8.68,1.30,3.88,3.98,-1.12,1.60,2
-8.91,-0.47,1.22,-1.92,-0.11,-3.11,-8.69,1.07,3.71,6.24,-0.58,1.98,2
-9.03,-0.60,1.22,-2.31,0.15,-2.65,-8.75,1.05,3.89,6.64,0.18,-0.32,2
-9.10,-0.62,1.25,-2.51,-0.63,-1.09,-8.86,1.13,3.93,3.06,0.96,-1.92,2
-9.13,-0.69,1.18,-3.45,1.39,-0.40,-8.53,1.38,4.34,-0.49,-0.74,-2.82,2
-9.04,-0.60,1.19,-1.95,1.99,-0.87,-8.58,1.48,4.28,0.11,-2.36,-3.00,2
-9.17,-0.63,1.12,-0.12,1.11,-1.66,-8.69,1.38,3.89,3.50,-2.51,-0.63,2
-9.13,-0.57,1.07,1.50,2.52,-3.05,-8.65,1.22,3.79,4.50,-2.20,0.21,2
-9.18,-0.53,1.04,-0.66,1.43,-2.78,-8.72,1.30,3.82,3.39,-0.02,-0.66,2
-9.31,-0.55,1.07,-1.56,1.25,-2.51,-8.60,1.33,4.04,1.53,0.83,-0.66,2
-9.16,-0.54,0.97,-2.27,-0.12,-2.57,-8.60,1.46,4.25,1.15,0.57,-0.39,2
-9.11,-0.61,1.01,-2.79,-0.04,-2.78,-8.66,1.39,4.29,1.80,-0.52,0.37,2
-9.09,-0.48,1.00,-4.08,0.92,-1.18,-8.62,1.40,4.02,-0.12,-0.76,0.67,2
-9.04,-0.54,0.90,-4.50,-0.02,-1.53,-8.59,1.33,3.90,-1.46,-0.71,1.08,2
-8.97,-0.57,0.87,-4.34,0.27,-1.66,-8.74,1.31,3.89,-1.14,-0.31,0.33,2
-9.12,-0.68,0.88,-3.81,-0.34,-1.89,-8.75,1.31,3.96,-0.58,0.11,0.16,2
-9.07,-0.62,0.89,-3.26,-1.51,-1.13,-8.66,1.33,4.16,-0.03,0.06,-0.66,2
-9.14,-0.63,0.91,-2.84,-1.56,-1.88,-8.65,1.23,4.06,-1.47,-0.60,-0.37,2
-9.05,-0.50,0.99,-1.90,-2.17,-0.91,-8.75,1.35,3.99,-0.01,-0.79,-0.48,2
-8.96,-0.52,0.94,-2.13,-1.64,-0.97,-8.64,1.29,3.99,0.66,-0.62,-0.52,2
-9.01,-0.54,0.91,-2.47,-2.15,-1.59,-8.69,1.35,4.06,-1.24,-0.15,-0.53,2
-9.21,-0.53,1.01,-1.94,-1.28,-1.66,-8.72,1.31,4.16,0.79,-0.66,-0.50,2
-9.18,-0.52,1.09,-2.30,-0.24,-1.19,-8.60,1.34,4.10,1.90,-0.44,-0.23,2
-9.13,-0.40,1.13,-2.68,-0.75,-1.31,-8.59,1.24,4.12,-0.85,-0.66,-0.18,2
-9.23,-0.50,1.09,-3.21,0.02,-2.31,-8.62,1.26,4.02,0.21,-0.23,0.08,2
-9.21,-0.51,0.89,-3.44,-0.40,-2.41,-8.69,1.31,4.02,-0.14,0.23,0.21,2
-9.00,-0.57,0.96,-3.18,-0.51,-2.36,-8.67,1.30,4.03,0.30,0.30,0.44,2
-9.02,-0.53,0.97,-3.13,-0.42,-2.50,-8.61,1.23,4.12,-0.28,-0.03,0.59,2
-9.02,-0.55,0.93,-3.34,0.40,-2.32,-8.72,1.29,4.10,1.05,-0.21,0.39,2
-9.05,-0.54,0.90,-3.02,-0.39,-2.15,-8.68,1.31,4.06,1.16,-0.12,0.40,2
-9.06,-0.51,0.86,-2.64,-0.57,-2.01,-8.62,1.47,3.99,-0.42,-0.33,0.75,2
-9.27,-0.66,0.97,-2.16,-1.41,-2.49,-8.66,1.23,4.10,0.23,0.24,0.40,2
-9.05,-0.52,0.95,-2.25,-1.48,-2.10,-8.73,1.33,4.05,0.82,-0.15,-0.50,2
-9.20,-0.59,0.93,-2.81,0.37,-1.37,-8.64,1.31,4.14,1.28,-0.15,-0.52,2
-9.17,-0.63,0.90,-2.57,-0.79,-2.01,-8.57,1.38,4.13,1.02,-0.52,0.14,2
-9.21,-0.58,0.94,-2.29,0.38,-2.18,-8.72,1.42,3.95,1.37,-1.01,-0.27,2
-9.17,-0.56,0.82,-2.40,-0.61,-1.97,-8.73,1.31,3.95,0.87,-0.28,0.12,2
-9.06,-0.51,0.86,-2.15,-0.25,-2.67,-8.64,1.35,4.06,1.00,-0.34,0.56,2
-9.13,-0.62,0.88,-2.42,-0.25,-2.56,-8.64,1.30,4.02,1.37,-0.61,-0.29,2
-9.25,-0.65,0.88,-2.81,-0.93,-2.23,-8.70,1.47,4.00,-0.05,-0.35,0.14,2
-9.14,-0.60,0.73,-2.76,-0.82,-1.86,-8.65,1.35,4.07,0.16,-0.02,0.11,2
-9.29,-0.62,0.80,-2.98,-0.63,-2.24,-8.58,1.33,4.07,0.43,-0.07,0.25,2
-9.22,-0.68,0.91,-2.60,-1.56,-2.08,-8.67,1.41,4.02,-0.33,0.08,-0.30,2
-9.20,-0.59,0.74,-2.78,-1.56,-2.38,-8.67,1.44,4.11,1.83,0.16,0.12,2
-9.20,-0.61,0.82,-2.76,-1.98,-2.17,-8.67,1.37,3.97,-0.15,0.21,-0.14,2
-9.22,-0.63,0.95,-2.68,-0.54,-2.04,-8.67,1.36,3.97,-0.44,0.08,0.04,2
-9.11,-0.58,0.83,-2.82,-0.41,-1.82,-8.62,1.40,4.00,1.49,-0.65,-0.27,2
-9.05,-0.60,0.80,-1.94,-0.48,-2.09,-8.66,1.48,3.97,-0.07,-0.44,-0.04,2
-9.01,-0.60,0.70,-2.78,-0.66,-1.50,-8.61,1.36,3.97,-1.11,-0.51,-0.02,2
-9.07,-0.55,0.87,-2.50,-0.24,-1.65,-8.67,1.35,4.09,-1.08,-0.42,-0.71,2
-9.03,-0.61,0.81,-2.13,-2.25,-1.84,-8.65,1.44,4.00,0.11,-0.37,-0.15,2
-9.29,-0.53,0.91,-2.56,-1.44,-2.12,-8.63,1.35,3.99,0.51,-0.05,-0.24,2
-9.14,-0.60,0.89,-3.20,-1.60,-1.78,-8.64,1.41,3.99,-0.33,0.24,-0.15,2
-9.13,-0.56,0.82,-2.79,-1.85,-1.71,-8.70,1.42,4.05,0.04,0.04,-0.41,2
-9.08,-0.58,0.94,-2.58,-1.45,-2.17,-8.63,1.39,3.99,0.20,-0.22,0.53,2
-9.01,-0.60,0.90,-2.93,-1.42,-1.40,-8.64,1.46,3.92,0.62,-0.16,-0.43,2
-9.17,-0.68,0.86,-2.92,-0.64,-2.43,-8.68,1.44,3.99,0.44,-0.04,-0.25,2
-9.08,-0.70,0.79,-2.50,-0.84,-2.42,-8.73,1.36,4.01,0.84,-0.08,-0.11,2
-9.13,-0.71,0.68,-2.15,-0.92,-2.18,-8.67,1.37,4.05,1.05,-0.41,-0.03,2
-9.17,-0.80,0.75,-2.15,-1.27,-1.92,-8.67,1.45,3.98,0.27,-0.44,-0.47,2
-9.30,-0.69,0.78,-1.96,-1.95,-1.69,-8.71,1.35,3.87,0.93,-0.11,-1.57,2
-9.35,-0.70,0.88,-1.52,-2.06,-1.65,-8.69,1.46,4.00,0.08,-0.09,-1.29,2
-9.23,-0.63,0.94,-1.34,-2.10,-1.50,-8.63,1.42,3.99,1.86,-0.41,-0.49,2
-9.14,-0.60,0.97,-1.92,-0.98,-1.83,-8.57,1.38,4.08,0.56,-0.54,-0.73,2
-9.13,-0.56,0.97,-2.65,-0.77,-1.47,-8.70,1.38,4.05,-1.18,-0.54,0.38,2
-9.30,-0.61,0.82,-2.98,-0.63,-1.22,-8.60,1.32,4.03,0.56,-0.85,0.38,2
-8.96,-0.55,0.97,-3.08,-0.21,-1.86,-8.62,1.37,3.96,0.11,-0.63,0.27,2
-9.01,-0.68,0.89,-2.69,-1.28,-0.85,-8.78,1.45,4.09,-0.33,-0.85,-0.11,2
-9.14,-0.47,0.94,-2.40,-2.62,-1.18,-8.69,1.27,4.07,-0.36,-0.17,-0.45,2
-9.27,-0.55,0.80,-2.84,-2.25,-0.89,-8.73,1.38,3.90,0.99,-0.22,-1.92,2
-9.10,-0.60,0.92,-2.89,-1.56,-1.62,-8.60,1.41,4.15,1.30,0.14,-0.47,2
-8.95,-0.56,0.81,-2.44,-1.02,-1.79,-8.62,1.52,4.12,0.53,-0.83,-0.89,2
-9.09,-0.56,0.84,-2.26,0.14,-2.07,-8.65,1.46,4.03,0.05,-1.01,0.16,2
-9.07,-0.55,0.92,-2.69,0.66,-2.03,-8.64,1.43,4.10,0.02,-1.10,0.34,2
-9.07,-0.62,0.96,-2.52,-0.28,-2.14,-8.68,1.43,4.00,-0.23,-0.79,0.58,2
-9.22,-0.57,0.69,-2.57,-0.15,-1.92,-8.57,1.32,4.00,0.89,-0.85,-0.05,2
-9.17,-0.59,0.78,-2.68,-1.06,-1.73,-8.72,1.46,3.94,0.63,-0.23,-1.07,2
-9.11,-0.58,0.68,-2.43,-1.71,-1.69,-8.61,1.49,4.04,0.50,-0.14,-0.46,2
-9.17,-0.57,0.91,-2.43,-1.49,-1.73,-8.69,1.43,4.11,-1.03,0.00,-0.53,2
-9.25,-0.77,0.88,-1.87,0.59,-1.64,-8.70,1.37,4.05,1.69,-1.04,-0.66,2
-9.23,-0.49,0.72,-2.85,-0.69,-1.21,-8.51,1.40,3.99,1.39,-0.63,-0.56,2
-9.29,-0.55,0.71,-3.36,-1.64,-1.20,-8.57,1.50,3.99,-0.54,-0.19,-1.15,2
-9.25,-0.59,0.99,-3.85,-0.74,-1.77,-8.70,1.55,4.09,-1.34,0.21,0.12,2
-9.13,-0.58,0.84,-3.05,-0.82,-1.85,-8.61,1.33,4.16,-1.05,-0.19,-0.12,2
-9.20,-0.58,0.85,-3.27,-1.66,-0.96,-8.66,1.37,3.95,-0.08,-0.02,-0.03,2
-9.24,-0.57,0.75,-3.02,-2.21,-1.71,-8.69,1.35,4.04,0.45,-0.17,-1.01,2
-9.23,-0.64,0.82,-2.56,-2.58,-1.97,-8.66,1.34,4.01,-0.15,0.45,-1.16,2
-9.33,-0.59,0.84,-2.63,-3.48,-2.02,-8.57,1.29,4.03,0.01,0.76,-1.66,2
-9.35,-0.63,0.92,-1.43,-4.66,-1.47,-8.65,1.38,4.10,0.42,0.82,-1.34,2
-9.16,-0.60,0.98,-1.60,-4.02,-2.27,-8.65,1.38,4.01,0.09,0.60,-1.37,2
-9.04,-0.54,0.87,-0.75,-2.99,-3.05,-8.67,1.37,4.01,1.34,-0.01,-1.69,2
-8.97,-0.62,1.01,-0.67,-2.04,-3.40,-8.72,1.36,4.07,1.50,-0.35,-0.32,2
-9.06,-0.44,1.08,-1.63,-2.80,-1.44,-8.67,1.35,4.16,0.63,-0.22,-0.60,2
-9.07,-0.59,0.94,-2.22,-2.02,-1.58,-8.47,1.30,4.25,-1.04,-0.11,-0.53,2
-9.01,-0.63,0.95,-1.51,-2.60,-1.22,-8.79,1.35,4.09,-0.50,-0.87,-1.42,2
-9.16,-0.60,0.97,-1.25,-1.40,-1.44,-8.66,1.28,3.88,0.84,-0.80,-0.79,2
-9.19,-0.63,1.14,-1.91,-1.65,-1.32,-8.57,1.32,4.01,0.08,0.20,-1.56,2
-9.04,-0.63,1.17,-2.21,-2.00,-1.63,-8.69,1.39,4.05,-0.56,0.16,-1.21,2
-9.12,-0.61,1.17,-2.48,-0.24,-1.37,-8.76,1.46,4.01,1.02,-0.66,-0.22,2
-9.29,-0.54,1.03,-1.45,-0.10,-1.44,-8.61,1.34,3.90,0.08,-1.01,0.92,2
-9.20,-0.70,1.25,-4.55,0.40,-1.90,-8.76,1.20,3.94,-1.42,-0.39,0.09,2
-9.00,-0.58,0.90,-4.44,-0.26,-1.24,-8.76,1.34,3.95,-0.85,-0.40,-0.03,2
-9.05,-0.53,1.10,-4.09,-1.05,-1.77,-8.68,1.23,4.06,-1.79,-0.11,1.25,2
-9.00,-0.50,1.06,-3.65,-1.47,-2.14,-8.67,1.24,4.12,-0.24,-0.24,-0.85,2
-9.07,-0.69,1.00,-2.21,-0.66,-0.85,-8.64,1.32,4.11,0.58,-1.03,-0.95,2
-9.17,-0.70,0.90,0.31,-0.32,-0.90,-8.69,1.31,4.06,3.16,-1.80,-0.98,2
-9.12,-0.47,1.03,0.92,0.40,-0.66,-8.67,1.26,3.94,5.53,-2.22,-0.80,2
-9.07,-0.31,1.07,-1.28,-0.08,-1.11,-8.62,1.31,3.98,3.63,-1.56,-0.12,2
-9.21,-0.47,0.84,-1.73,-4.02,-3.76,-8.67,1.32,3.98,1.79,0.41,-1.48,2
-9.01,-0.54,1.02,-0.74,-4.23,-4.48,-8.78,1.34,3.99,1.44,1.03,-2.09,2
-9.07,-0.57,1.06,-0.35,-2.73,-4.35,-8.67,1.41,4.09,3.60,0.96,-1.48,2
-9.07,-0.64,1.22,-1.73,-0.34,-3.20,-8.70,1.52,4.10,0.87,0.34,0.37,2
-9.18,-0.66,1.03,-2.37,-0.24,-1.31,-8.70,1.31,4.13,-1.72,-0.66,1.24,2
-9.25,-0.62,1.05,-2.41,-0.97,-0.94,-8.67,1.23,4.09,-0.58,-1.38,1.13,2
-9.19,-0.56,0.99,-2.39,-0.79,-1.49,-8.71,1.28,3.96,1.68,-1.11,0.34,2
-9.19,-0.54,1.01,-3.18,-0.08,-2.52,-8.69,1.34,3.94,1.34,-0.84,-0.25,2
-9.21,-0.50,0.91,-3.98,0.05,-2.34,-8.55,1.40,4.09,-0.62,-0.21,0.57,2
-9.27,-0.49,1.04,-4.37,-1.73,-2.45,-8.62,1.28,4.07,-2.33,0.08,0.00,2
-9.11,-0.58,0.90,-4.05,-1.03,-2.10,-8.77,1.37,4.04,-2.14,-0.05,-0.66,2
-9.07,-0.59,0.89,-3.08,-0.40,-2.56,-8.67,1.32,3.99,-0.47,0.04,0.60,2
-9.06,-0.63,0.93,-3.00,-1.82,-2.20,-8.60,1.36,3.93,0.08,0.52,-1.02,2
-9.25,-0.67,1.04,-3.13,-2.13,-1.87,-8.71,1.48,4.07,0.30,0.32,-1.40,2
-9.26,-0.59,0.84,-3.18,-2.96,-0.89,-8.65,1.46,4.05,-1.21,0.27,-0.44,2
-8.92,-0.55,0.99,-3.53,-2.18,-0.76,-8.70,1.34,4.05,-0.63,0.02,-0.73,2
-9.06,-0.51,1.17,-3.85,-2.23,-0.40,-8.63,1.29,3.99,-1.81,-0.29,-0.51,2
-9.05,-0.45,1.04,-4.21,-2.21,-0.69,-8.75,1.35,3.99,-2.20,0.05,-0.36,2
-8.95,-0.53,1.01,-4.34,-2.05,-0.98,-8.62,1.24,3.94,-2.60,0.04,-0.16,2
-9.03,-0.48,1.08,-3.73,-2.58,-0.82,-8.80,1.15,4.04,-0.32,0.08,-1.11,2
-9.09,-0.55,1.13,-2.46,-2.64,-1.35,-8.58,1.13,3.97,0.96,0.28,-0.57,2
-9.06,-0.58,1.14,-1.60,-1.15,-2.09,-8.74,1.25,3.99,1.96,-0.12,-0.93,2
-9.06,-0.58,1.11,-1.53,-1.02,-2.34,-8.71,1.33,3.95,2.15,-0.30,-0.21,2
-9.20,-0.53,1.07,-1.53,-0.58,-2.44,-8.70,1.21,3.86,1.19,-0.33,-0.50,2
-9.14,-0.60,1.13,-2.02,-1.19,-2.47,-8.70,1.16,4.01,0.25,0.19,-0.14,2
-9.18,-0.60,1.14,-1.96,-1.05,-2.53,-8.73,1.20,4.02,1.31,0.19,-0.53,2
-9.16,-0.60,1.18,-1.69,-0.82,-2.25,-8.76,1.29,4.03,0.60,-0.26,0.49,2
-9.13,-0.65,1.14,-1.10,0.08,-2.69,-8.72,1.35,4.10,1.93,-0.65,0.11,2
-9.21,-0.66,0.96,0.44,0.32,-2.47,-8.71,1.26,4.10,2.75,-1.61,0.37,2
-9.25,-0.70,0.90,-0.05,0.87,-3.30,-8.68,1.30,4.00,3.92,-1.81,-0.55,2
-9.25,-0.62,0.92,0.41,-1.03,-2.15,-8.76,1.32,3.95,1.90,-1.47,-0.60,2
-9.26,-0.61,1.00,-1.05,-1.08,-1.42,-8.60,1.37,4.06,0.28,-0.92,-0.42,2
-9.18,-0.54,1.07,-2.13,-1.68,-0.53,-8.61,1.41,4.00,0.05,-1.20,-1.06,2
-9.08,-0.49,1.02,-2.40,-2.44,-0.70,-8.65,1.18,3.95,0.60,-0.31,-0.34,2
-9.07,-0.58,1.11,-2.79,-2.47,-0.84,-8.67,1.23,3.95,0.13,-0.36,-1.03,2
-9.20,-0.52,1.08,-3.69,-2.08,-1.36,-8.60,1.34,3.98,-0.63,0.30,-0.39,2
-9.16,-0.56,1.16,-3.23,-2.47,-2.14,-8.68,1.40,3.99,-1.02,0.23,-0.15,2
-9.07,-0.50,1.08,-3.52,-2.73,-2.38,-8.67,1.22,3.97,-1.05,0.79,0.37,2
-9.12,-0.65,1.14,-3.27,-2.25,-2.58,-8.64,1.24,4.01,-0.19,0.63,-0.27,2
-9.10,-0.57,1.14,-2.82,-1.71,-2.44,-8.73,1.33,4.00,0.25,-0.01,-0.38,2
-9.13,-0.60,1.22,-2.03,-1.31,-1.79,-8.76,1.35,4.09,1.33,-0.35,-0.25,2
-9.14,-0.62,1.18,-1.82,-0.03,-1.56,-8.68,1.29,4.07,0.86,-0.85,0.00,2
-9.03,-0.57,1.16,-1.63,0.20,-1.36,-8.67,1.25,4.05,1.16,-1.17,-0.26,2
-9.10,-0.54,1.11,-2.13,0.08,-1.96,-8.79,1.39,3.91,1.23,-1.23,-0.17,2
-9.12,-0.59,1.13,-2.34,0.20,-1.42,-8.68,1.34,3.98,1.12,-0.50,-0.21,2
-8.91,-0.49,1.03,-2.09,0.23,-1.85,-8.58,1.41,4.08,0.40,-0.76,-0.25,2
-8.99,-0.56,1.07,-2.68,1.07,-1.71,-8.65,1.35,4.04,0.13,-0.84,-0.08,2
-9.12,-0.67,1.20,-3.37,0.22,-1.74,-8.65,1.33,3.99,-0.51,-1.02,-0.21,2
-8.99,-0.54,1.19,-3.56,-0.31,-0.93,-8.63,1.32,4.06,-0.09,-0.60,0.57,2
-9.04,-0.48,0.91,-3.96,-1.16,-1.09,-8.68,1.30,4.11,-0.92,-0.47,0.42,2
-9.07,-0.47,0.89,-4.37,-1.20,-1.27,-8.69,1.31,4.04,-0.64,-0.63,0.06,2
-9.04,-0.50,1.06,-3.88,-1.72,-0.61,-8.71,1.26,4.11,-0.63,-0.44,-0.27,2
-9.13,-0.48,1.01,-3.54,-2.18,-0.98,-8.62,1.17,4.02,-0.03,-0.08,-0.47,2
-9.02,-0.47,1.09,-3.59,-2.53,-1.62,-8.70,1.28,3.86,1.44,0.18,-1.15,2
-9.08,-0.59,0.98,-3.43,-2.34,-1.82,-8.66,1.26,3.99,1.39,0.05,-0.98,2
-9.18,-0.54,1.01,-2.40,-2.37,-1.77,-8.66,1.39,4.09,0.86,0.05,-1.10,2
-9.20,-0.56,1.10,-1.91,-2.26,-2.84,-8.71,1.35,4.04,1.75,0.00,-0.60,2
-9.01,-0.62,1.13,-1.75,-1.34,-2.63,-8.67,1.33,4.04,0.60,-0.23,-0.31,2
-9.10,-0.67,1.16,-1.98,-0.11,-2.57,-8.69,1.37,4.09,0.41,-0.42,0.02,2
-9.16,-0.52,1.09,-2.04,-0.29,-2.32,-8.72,1.28,4.09,0.30,-0.73,-0.14,2
-9.14,-0.56,0.98,-1.44,-1.06,-2.47,-8.66,1.28,4.05,0.78,-1.02,0.45,2
-9.20,-0.58,1.11,-1.51,-0.52,-2.93,-8.62,1.39,4.03,1.53,-1.10,-0.09,2
-9.13,-0.46,1.14,-1.27,0.15,-2.24,-8.79,1.38,4.03,-0.09,-0.91,0.31,2
-9.11,-0.53,1.07,-1.58,1.52,-1.40,-8.59,1.32,4.08,-1.32,-1.15,0.69,2
-9.26,-0.53,1.06,-2.98,1.71,-2.43,-8.67,1.30,4.01,0.21,-2.04,0.41,2
-9.20,-0.71,1.00,-3.16,1.49,-2.03,-8.71,1.37,3.97,0.83,-1.37,0.90,2
-9.32,-0.69,0.83,-2.49,1.05,-1.00,-8.67,1.37,4.07,1.59,-1.56,0.23,2
-9.23,-0.62,0.91,-1.53,0.78,-0.80,-8.64,1.34,4.13,1.34,-1.56,0.75,2
-9.32,-0.61,0.86,-0.04,-0.08,-1.34,-8.66,1.37,4.19,3.15,-1.95,-0.31,2
-9.18,-0.55,0.88,-0.27,0.49,-1.56,-8.62,1.29,4.08,3.06,-1.84,-0.21,2
-8.98,-0.49,0.85,0.08,-0.79,-1.31,-8.60,1.33,4.05,2.23,-1.49,-1.33,2
-9.08,-0.42,0.82,-0.44,-1.60,-1.73,-8.57,1.37,4.02,2.24,-1.02,-1.33,2
-9.04,-0.47,0.87,-1.01,-2.11,-2.74,-8.65,1.37,4.07,2.68,-0.54,-1.41,2
-9.06,-0.52,0.93,-0.98,-0.67,-1.87,-8.61,1.40,4.11,2.34,-0.36,-1.46,2
-9.07,-0.59,0.97,-1.34,-2.11,-2.21,-8.62,1.39,4.13,1.60,0.11,-0.73,2
-9.21,-0.69,0.93,-1.71,-1.82,-1.84,-8.70,1.35,4.19,1.14,-0.16,-1.10,2
-9.13,-0.54,0.91,-2.11,-1.23,-1.86,-8.57,1.43,4.14,1.63,-0.90,-1.19,2
-9.04,-0.51,0.87,-2.72,-0.55,-2.11,-8.59,1.44,4.20,1.05,-0.87,-0.94,2
-9.32,-0.62,0.95,-2.81,-0.31,-2.51,-8.60,1.47,4.08,2.94,-0.73,0.15,2
-9.13,-0.50,0.88,-3.66,0.40,-2.01,-8.58,1.53,4.13,1.54,-0.28,0.01,2
-9.26,-0.63,0.86,-4.06,-0.02,-2.29,-8.65,1.41,4.10,-1.06,-0.03,0.48,2
-9.07,-0.49,0.89,-4.43,-0.83,-1.99,-8.59,1.35,4.13,-1.19,0.35,-0.05,2
-9.08,-0.61,0.78,-3.52,-0.91,-1.60,-8.57,1.36,4.11,-1.13,0.06,0.05,2
-9.35,-0.63,0.88,-3.24,-1.26,-2.18,-8.66,1.39,4.21,0.53,-0.22,-0.63,2
-9.25,-0.59,0.94,-2.70,0.23,-2.02,-8.53,1.41,4.12,0.81,-0.50,-0.46,2
-9.26,-0.62,0.83,-2.14,-1.56,-2.02,-8.57,1.33,4.10,0.13,-0.48,0.05,2
-9.28,-0.59,0.87,-2.44,-0.82,-1.74,-8.74,1.36,4.12,1.49,-0.66,-0.97,2
-9.22,-0.55,0.94,-2.19,-1.56,-2.34,-8.61,1.37,4.10,1.04,-0.21,-0.42,2
-9.04,-0.52,0.90,-1.70,-1.61,-1.99,-8.65,1.43,4.16,1.38,0.10,-1.18,2
-9.06,-0.59,0.94,-1.89,-1.81,-2.03,-8.70,1.36,4.24,0.95,-0.12,-0.77,2
-9.09,-0.58,0.95,-1.20,-2.59,-1.50,-8.73,1.39,4.14,0.24,-0.47,-1.00,2
-8.99,-0.57,0.98,-1.40,-2.56,-1.56,-8.73,1.32,4.05,0.37,-0.31,-0.74,2
-9.09,-0.57,1.01,-0.60,-1.36,-2.63,-8.57,1.32,4.05,1.20,-0.44,-0.34,2
-9.04,-0.57,1.03,-0.55,-2.53,-2.93,-8.67,1.27,4.04,0.62,-0.42,-0.65,2
-9.16,-0.62,0.89,-0.56,-1.66,-2.79,-8.56,1.36,4.06,0.58,-0.08,-0.37,2
-9.23,-0.70,0.90,-0.40,-1.82,-2.92,-8.72,1.32,4.08,1.45,-0.11,-0.76,2
-8.98,-0.47,0.99,-3.13,-0.50,-1.48,-8.58,1.37,4.08,0.46,0.09,-1.00,2
-9.06,-0.59,1.02,-2.94,-0.65,-1.34,-8.66,1.37,4.22,-0.26,-0.44,-0.85,2
-9.02,-0.48,1.03,-3.06,0.86,-1.35,-8.74,1.42,4.15,0.95,-0.71,0.09,2
-9.03,-0.59,0.90,-2.85,0.66,-1.58,-8.55,1.26,4.16,1.16,-0.89,-0.05,2
-9.15,-0.59,0.87,-2.74,-0.02,-1.85,-8.67,1.39,4.09,0.36,-1.06,-0.01,2
-9.05,-0.56,0.84,-2.66,-0.11,-1.66,-8.68,1.37,4.09,1.47,-0.98,-0.32,2
-9.10,-0.55,0.99,-2.39,0.15,-1.21,-8.64,1.34,4.06,0.85,-0.85,-0.31,2
-9.28,-0.56,0.88,-1.82,0.19,-1.47,-8.70,1.34,4.11,1.04,-0.88,-0.34,2
-9.32,-0.58,0.87,-1.86,-1.44,-1.36,-8.61,1.31,4.07,1.46,-0.51,-0.14,2
-9.30,-0.57,0.95,-2.24,-1.19,-1.68,-8.62,1.29,4.13,0.80,-0.44,-0.58,2
-9.28,-0.54,0.98,-2.74,-1.81,-1.53,-8.63,1.35,4.15,-0.05,-0.16,-0.66,2
-9.25,-0.57,0.84,-3.18,-2.76,-1.46,-8.65,1.38,4.06,-0.40,0.03,-0.34,2
-9.07,-0.50,0.94,-2.51,-3.39,-1.31,-8.75,1.42,4.33,-3.12,0.17,0.27,2
-9.01,-0.44,0.99,-2.73,-2.43,-1.19,-8.55,1.39,4.08,-2.26,-0.10,0.50,2
-9.01,-0.50,1.01,-2.63,-2.66,-1.25,-8.58,1.25,4.14,-1.77,-0.08,-0.01,2
-9.03,-0.45,1.17,-3.02,0.20,-1.35,-8.77,1.28,4.16,0.57,-0.35,-0.44,2
-9.23,-0.59,1.02,-1.80,-1.15,-1.80,-8.58,1.43,3.89,0.15,0.22,-0.94,2
-9.28,-0.36,1.07,-2.02,-1.00,-1.75,-8.61,1.29,3.99,-0.19,1.10,-0.98,2
-9.09,-0.52,1.23,-2.98,-1.98,-1.90,-8.66,1.28,4.01,-0.59,0.34,-1.32,2
-9.07,-0.41,1.02,-1.72,-2.34,-2.53,-8.59,1.43,4.11,1.46,0.45,-0.73,2
-8.93,-0.54,1.12,-0.47,-0.96,-3.17,-8.59,1.25,4.14,1.90,-0.60,-0.29,2
-9.09,-0.47,0.78,-0.88,-1.41,-2.44,-8.65,1.22,3.90,2.05,-0.27,-0.37,2
-9.00,-0.75,0.78,-1.73,-0.84,-1.96,-8.71,1.35,4.07,1.19,-0.74,-0.52,2
-9.07,-0.69,0.92,-2.16,0.34,-1.67,-8.63,1.44,4.23,1.25,-0.82,0.12,2
-9.15,-0.60,0.69,-2.79,-1.11,-0.99,-8.69,1.38,4.09,2.00,-1.38,0.27,2
-9.07,-0.54,1.03,-3.12,0.07,-0.66,-8.76,1.39,4.12,0.84,-1.16,0.22,2
-9.24,-0.40,1.01,-4.17,0.73,-0.77,-8.50,1.36,4.05,-0.51,-0.32,-0.21,2
-9.21,-0.50,0.86,-4.66,-0.91,-0.86,-8.64,1.42,4.17,-1.49,-0.46,0.01,2
-9.36,-0.27,0.84,-3.67,0.34,-1.84,-8.53,1.31,4.05,-0.08,-0.44,1.04,2
-9.27,-0.53,1.06,-3.69,0.03,-2.16,-8.63,1.28,4.03,0.26,-0.27,0.13,2
-9.20,-0.55,0.67,-4.14,-0.73,-2.67,-8.54,1.38,4.17,-0.03,0.18,-0.14,2
-9.18,-0.43,0.81,-2.69,-1.40,-2.47,-8.67,1.38,4.25,0.90,0.49,-0.27,2
-9.19,-0.63,0.77,-2.21,-1.60,-2.47,-8.69,1.39,4.09,1.61,-0.20,-0.17,2
-9.18,-0.54,0.88,-1.92,-1.07,-2.61,-8.64,1.39,4.07,0.66,0.34,0.06,2
-9.21,-0.64,0.90,-2.00,-2.31,-2.51,-8.67,1.37,4.11,1.73,-0.21,0.27,2
-9.35,-0.61,0.79,-2.27,-1.88,-2.05,-8.70,1.49,4.19,1.14,0.01,-0.27,2
-9.24,-0.60,0.86,-3.36,-2.28,-1.56,-8.58,1.37,4.10,-1.64,0.18,0.44,2
-9.31,-0.56,0.97,-3.66,-2.51,-1.38,-8.53,1.30,4.07,-1.08,-0.02,-0.53,2
-9.13,-0.57,0.92,-4.03,-1.82,-1.17,-8.72,1.35,4.08,-1.87,0.38,-0.15,2
-8.96,-0.54,0.89,-3.80,-0.21,-1.31,-8.57,1.40,4.13,-0.15,0.18,0.09,2
-9.03,-0.62,0.93,-3.48,0.12,-1.70,-8.77,1.46,4.08,-0.77,-0.98,-0.05,2
-9.19,-0.53,0.92,-3.34,0.89,-2.59,-8.65,1.53,4.05,1.56,-0.67,0.28,2
-9.11,-0.62,0.86,-2.66,-0.21,-2.40,-8.63,1.33,4.01,1.05,-0.30,0.92,2
-9.18,-0.63,0.79,-2.37,-0.44,-2.44,-8.61,1.37,4.02,1.15,-0.29,-0.13,2
-9.13,-0.67,0.93,-1.68,-0.48,-2.21,-8.64,1.42,4.09,1.05,-0.63,-0.20,2
-9.06,-0.62,0.92,-1.76,-0.32,-2.51,-8.63,1.42,4.11,1.58,-0.35,0.21,2
-9.18,-0.61,0.92,-2.00,-0.56,-2.38,-8.55,1.32,4.04,1.53,-0.32,0.28,2
-9.21,-0.55,0.88,-2.59,-0.38,-2.02,-8.66,1.47,4.06,1.26,0.04,-0.14,2
-9.06,-0.57,0.96,-3.81,-0.22,-1.29,-8.60,1.58,4.06,-0.24,-0.42,1.34,2
-8.99,-0.64,0.82,-4.16,0.89,-1.83,-8.65,1.55,4.10,-0.35,-0.73,1.63,2
-9.10,-0.70,0.82,-4.10,1.78,-1.94,-8.66,1.56,4.11,-0.20,-1.20,2.02,2
-9.04,-0.55,0.88,-4.41,2.04,-0.78,-8.57,1.48,4.17,-1.53,-1.30,1.42,2
-9.36,-0.60,0.65,-4.00,-0.36,-1.35,-8.66,1.36,4.02,-0.68,-0.55,-0.08,2
-9.37,-0.68,0.56,-3.96,-0.78,-1.60,-8.64,1.45,4.08,0.40,-0.11,-0.39,2
-9.26,-0.67,0.65,-3.24,-1.18,-1.60,-8.55,1.60,4.11,0.19,0.18,0.56,2
-9.32,-0.68,0.63,-2.72,-1.42,-1.28,-8.61,1.62,4.21,-0.21,-0.14,-0.73,2
-9.17,-0.62,0.52,-1.84,1.08,-1.36,-8.61,1.49,4.20,2.88,-0.37,-0.79,2
-9.42,-0.67,0.28,-1.07,-0.95,-0.60,-8.80,1.73,4.00,1.76,-0.81,-2.14,2
-9.05,-0.56,0.75,-1.13,-0.84,-1.09,-8.54,1.31,3.89,2.60,0.81,-3.14,2
-8.97,-0.50,0.93,-1.50,-4.09,-1.91,-8.51,1.43,4.05,2.27,0.80,-2.20,2
-8.89,-0.41,0.99,-2.41,0.89,-1.98,-8.62,1.64,4.25,2.94,0.24,-2.50,2
-9.18,-0.57,0.76,-3.27,0.08,-2.08,-8.53,1.56,4.13,0.53,-0.18,0.76,2
-9.26,-0.58,0.70,-2.20,-3.54,-1.84,-8.84,1.49,4.06,1.44,-0.02,-1.53,2
-9.09,-0.60,0.88,-3.75,-3.46,-1.52,-8.57,1.50,4.06,-2.37,0.24,1.11,2
-9.44,-0.61,0.55,-4.28,1.40,-0.78,-8.59,1.49,4.08,-0.36,-0.91,-0.37,2
-9.26,-0.48,0.80,-3.18,-3.53,-1.24,-8.60,1.37,3.95,-0.75,-0.36,0.34,2
-8.99,-0.61,0.68,-2.67,-3.27,-1.99,-8.57,1.43,4.05,-0.35,-0.11,-0.02,2
-8.99,-0.57,0.83,-1.59,-0.81,-2.63,-8.61,1.29,4.10,0.88,-0.31,-0.47,2
-9.15,-0.43,0.72,-0.14,-3.18,-5.26,-8.55,1.39,3.96,3.44,0.86,-1.44,2
-9.09,-0.38,0.81,0.59,-2.38,-6.77,-8.68,1.42,3.89,3.79,1.62,-1.45,2
-9.07,-0.61,0.79,-0.76,-3.24,-5.62,-8.63,1.37,4.05,2.66,2.59,-0.62,2
-9.02,-0.68,0.91,-2.05,-2.77,-5.47,-8.63,1.44,4.08,2.12,2.13,-1.61,2
-9.25,-0.69,0.96,-2.97,-0.93,-4.56,-8.65,1.44,4.16,-0.15,0.64,0.16,2
-9.24,-0.83,0.93,-3.71,0.50,-3.76,-8.75,1.55,4.07,0.47,0.20,0.92,2
-9.20,-0.77,1.00,-5.89,0.34,-2.84,-8.74,1.41,3.92,-1.87,-0.02,0.89,2
-9.26,-0.73,0.88,-8.25,2.69,-0.62,-8.72,1.49,3.96,-4.47,0.14,1.02,2
-9.27,-0.80,0.60,-7.30,1.06,0.27,-8.65,1.48,4.01,-4.67,0.11,0.81,2
-9.21,-0.74,0.47,-5.37,-0.15,-0.11,-8.69,1.47,4.02,-2.08,0.00,0.69,2
-9.16,-0.78,0.50,-2.98,-3.03,-2.21,-8.73,1.31,3.84,3.03,0.46,0.82,2
-9.13,-0.84,0.58,-0.96,-4.57,-2.87,-8.67,1.29,3.74,3.09,1.54,-0.94,2
-9.24,-0.92,0.71,-1.87,-6.11,-3.44,-8.76,1.49,3.84,0.73,2.26,-4.56,2
-9.14,-0.89,0.91,-2.20,-7.99,-2.38,-8.78,1.48,3.94,-1.28,2.15,-5.31,2
-9.17,-0.84,0.96,-2.66,-6.31,-0.04,-8.84,1.60,3.97,-2.98,3.13,-4.44,2
-8.94,-0.70,1.11,-3.59,-5.57,1.90,-8.69,1.52,3.99,-5.63,1.85,-3.27,2
-8.87,-0.62,1.13,-7.50,-1.62,1.26,-8.51,1.49,3.94,-8.89,0.97,-0.57,2
-9.05,-0.67,1.13,-8.00,-0.21,-0.21,-8.60,1.43,3.91,-7.06,-1.11,1.11,2
-8.92,-0.62,1.15,-7.37,3.41,-1.44,-8.73,1.50,3.92,-2.92,-1.56,2.01,2
-9.09,-0.64,0.99,-5.34,3.27,-3.40,-8.64,1.63,3.69,3.31,-0.41,5.95,2
-9.10,-0.86,0.81,-1.51,1.32,-4.57,-8.88,1.40,3.72,6.05,-0.44,8.08,2
-9.11,-0.89,0.98,-0.76,1.53,-3.66,-8.93,1.17,3.79,4.59,0.57,8.49,2
-9.13,-0.73,0.86,-2.22,0.26,-1.86,-8.68,1.09,3.96,0.04,0.24,7.36,2
-9.24,-0.83,0.90,-3.54,-0.79,-0.92,-8.71,0.84,4.14,-0.82,-0.89,2.29,2
-9.17,-0.75,1.17,-5.10,1.46,0.46,-8.79,1.33,3.96,-1.50,-2.34,-2.96,2
-9.13,-0.86,1.07,-5.01,2.42,1.89,-8.85,1.45,4.05,-5.22,-3.69,-2.92,2
-9.29,-0.81,0.68,-2.53,-0.36,2.06,-8.67,1.48,3.99,0.84,-4.94,-2.50,2
-9.34,-0.55,0.71,0.37,-2.20,-0.21,-8.65,1.40,3.75,4.85,-4.15,-0.08,2
-9.13,-0.48,0.81,0.51,-0.21,-1.60,-8.77,1.50,3.78,1.72,0.79,-2.44,2
-9.27,-0.50,0.80,-0.66,0.66,-2.26,-8.66,1.44,3.86,2.87,1.79,-2.75,2
-9.23,-0.77,0.77,-2.45,1.27,-2.32,-8.65,1.71,4.22,-0.15,1.00,-0.97,2
-9.32,-0.61,0.80,-2.71,-0.02,-2.21,-8.50,1.57,4.21,-0.55,0.11,-1.04,2
-9.32,-0.61,0.72,-3.10,-0.42,-3.23,-8.62,1.48,4.01,0.27,-0.59,1.26,2
-9.18,-0.63,0.58,-3.44,-0.63,-3.77,-8.55,1.45,3.92,1.85,-0.40,1.53,2
-9.22,-0.66,0.72,-3.60,-1.22,-4.37,-8.66,1.46,3.69,0.95,0.79,1.11,2
-9.18,-0.61,0.73,-4.08,-2.02,-3.63,-8.76,1.45,3.73,-1.97,2.00,-0.04,2
-8.96,-0.76,0.71,-3.70,-2.53,-2.53,-8.70,1.37,4.14,-1.01,1.58,1.02,2
-9.04,-0.75,0.79,-3.16,-2.66,-2.52,-8.65,1.22,4.11,1.31,0.84,-0.40,2
-9.03,-0.58,0.86,-1.99,-0.95,-2.06,-8.74,1.49,4.12,2.60,0.31,-1.42,2
-9.31,-0.67,0.63,0.65,-0.51,-3.62,-8.67,1.52,4.02,4.40,-0.05,-0.30,2
-9.11,-0.80,0.93,-1.89,-2.85,-3.02,-8.59,1.33,3.71,2.96,0.80,-1.73,2
-9.06,-0.87,0.84,-2.98,-1.88,-2.15,-8.71,1.51,3.74,-0.06,1.14,-3.05,2
-9.06,-0.88,0.85,-4.04,-1.14,-1.67,-8.82,1.58,4.03,-0.84,0.50,-3.09,2
-9.23,-0.91,0.80,-3.25,-1.47,-1.55,-8.65,1.62,3.99,0.82,-0.24,-0.89,2
-9.00,-0.71,0.91,-2.47,-2.08,-2.34,-8.74,1.46,3.79,-0.95,-0.32,0.54,2
-9.00,-0.81,0.81,-2.39,-1.93,-2.41,-8.60,1.42,3.75,-0.19,-0.06,0.67,2
-9.04,-0.77,0.94,-2.52,-1.67,-2.18,-8.82,1.45,3.74,-0.67,0.34,-0.69,2
-9.08,-0.86,0.90,-3.24,-1.85,-1.87,-8.73,1.43,3.88,-0.98,0.21,-0.18,2
-9.31,-0.81,0.82,-2.54,-3.24,-1.64,-8.77,1.44,3.91,-0.34,-0.15,-0.71,2
-9.26,-0.89,0.86,-2.24,-2.68,-1.79,-8.76,1.40,3.86,0.06,-0.64,-0.60,2
-9.23,-0.76,0.98,-2.12,-2.12,-1.00,-8.75,1.44,3.89,-0.11,-0.27,-0.72,2
-9.21,-0.64,1.14,-4.18,-1.56,-1.56,-8.60,1.43,3.86,0.08,-0.11,-0.34,2
-9.02,-0.79,0.91,-3.64,-1.11,-1.57,-8.77,1.45,3.89,-0.48,-0.68,-0.25,2
-9.12,-0.75,0.92,-3.23,0.01,-1.49,-8.70,1.48,3.82,1.58,-0.74,0.53,2
-9.04,-0.68,1.00,-3.40,-0.27,-1.54,-8.67,1.43,3.81,0.81,-0.98,0.31,2
-9.07,-0.72,0.90,-3.79,-0.16,-1.37,-8.65,1.44,3.90,-0.92,-0.34,0.53,2
-9.13,-0.73,0.75,-3.89,-0.71,-2.35,-8.68,1.51,3.88,-0.27,-0.21,0.42,2
-9.13,-0.74,0.86,-3.69,-0.50,-2.46,-8.67,1.45,3.83,-1.37,-0.28,0.27,2
-8.96,-0.76,0.90,-3.50,-0.16,-2.39,-8.73,1.41,3.82,0.03,-0.30,0.83,2
-9.18,-0.82,0.69,-3.21,-0.74,-2.14,-8.72,1.45,3.85,-0.25,-0.10,0.12,2
-9.10,-0.80,0.89,-2.63,-1.31,-2.37,-8.72,1.39,3.93,0.87,-0.44,-0.44,2
-9.16,-0.77,0.91,-2.24,-0.95,-1.27,-8.81,1.50,3.99,0.37,-0.54,-0.87,2
-9.16,-0.78,0.76,-2.10,-1.45,-1.27,-8.73,1.40,3.84,0.25,-0.07,0.05,2
-9.08,-0.80,0.73,-2.07,0.92,-1.62,-8.80,1.45,4.04,1.60,-0.45,-0.88,2
-9.14,-0.82,0.86,-2.85,-1.85,-0.97,-8.62,1.50,3.93,0.46,-0.37,-1.18,2
-8.95,-0.75,0.86,-3.63,-1.10,-1.36,-8.60,1.43,3.84,-1.66,-0.28,-1.44,2
-9.03,-0.82,0.90,-3.61,-1.63,-1.05,-8.74,1.51,3.88,-1.89,-0.37,-0.99,2
-9.13,-0.82,0.93,-3.02,-2.56,-1.20,-8.74,1.45,3.84,-0.85,-0.24,0.56,2
-9.19,-0.75,0.70,-1.34,-0.89,-1.62,-8.76,1.30,3.96,0.76,-0.45,-0.07,2
-9.33,-0.79,0.67,-1.37,-0.99,-1.61,-8.80,1.41,3.92,2.60,-0.45,-0.95,2
-9.26,-0.74,0.87,-1.01,-2.69,-1.59,-8.59,1.51,3.87,0.07,0.20,-1.06,2
-9.18,-0.75,0.99,-1.78,-1.05,-1.88,-8.52,1.42,3.83,-1.40,-0.15,-0.26,2
-8.99,-0.70,0.92,-2.24,-1.07,-1.76,-8.86,1.33,3.82,1.93,-0.47,-0.45,2
-9.06,-0.87,0.56,-1.90,-0.13,-1.72,-8.71,1.30,3.87,2.53,-0.46,0.60,2
-9.16,-0.75,0.86,-1.10,-5.65,-0.92,-8.72,1.43,3.95,1.00,0.58,-1.38,2
-8.99,-0.68,0.93,-1.39,-2.12,-1.25,-8.56,1.42,4.01,-1.58,-0.08,-1.57,2
-9.21,-0.74,0.77,-1.89,1.26,-1.17,-8.66,1.50,3.87,2.01,-1.35,-0.45,2
-9.18,-0.77,0.81,-2.07,-4.27,-1.46,-8.67,1.50,3.76,0.66,-0.21,-0.89,2
-9.18,-0.69,0.90,-2.35,-1.26,-2.04,-8.60,1.46,3.90,-3.04,0.11,-0.98,2
-9.11,-0.68,0.97,-3.73,0.08,-2.36,-8.69,1.48,3.95,1.18,-0.37,-0.48,2
-9.05,-0.70,0.76,-4.49,-0.80,-1.76,-8.69,1.46,3.85,0.00,0.47,-1.09,2
-9.25,-0.76,0.81,-3.09,-3.98,-1.27,-8.63,1.51,3.88,-1.12,0.54,0.11,2
-9.12,-0.81,0.86,-2.97,-2.09,-2.18,-8.74,1.43,4.05,-1.53,0.14,-0.10,2
-9.09,-0.89,0.90,-2.59,-0.96,-1.43,-8.84,1.43,3.89,-0.82,-0.56,0.28,2
-9.27,-0.82,0.94,-3.87,-2.25,-0.06,-8.61,1.12,3.83,-1.76,-0.78,-0.17,2
-9.08,-0.60,0.87,-3.66,-3.93,-0.50,-8.58,1.34,3.78,-0.68,-0.50,-1.33,2
-9.06,-0.64,1.03,-3.31,-3.19,-2.77,-8.67,1.34,3.68,-1.41,0.15,-0.93,2
-9.12,-0.71,0.93,-3.24,-3.12,-2.60,-8.74,1.46,3.85,-0.77,1.24,-1.10,2
-9.24,-0.80,1.01,-3.70,-4.27,-2.81,-8.75,1.29,4.03,-2.50,1.24,0.21,2
-9.14,-0.83,1.02,-3.56,-4.39,-2.32,-8.65,1.29,4.06,-1.37,0.44,-0.24,2
-9.13,-0.81,1.25,-3.00,-2.20,-2.44,-8.76,1.30,3.91,-1.98,-0.41,-0.69,2
-9.21,-0.85,1.04,-2.44,-0.53,-1.90,-8.81,1.35,3.88,0.31,-0.67,-0.71,2
-9.00,-0.79,1.08,-1.58,-1.07,-1.69,-8.73,1.29,3.82,1.56,-0.66,0.61,2
-9.06,-0.80,1.08,-1.60,0.10,-1.73,-8.71,1.31,3.79,1.16,-1.17,-0.21,2
-9.21,-0.81,0.92,-1.66,-0.45,-1.66,-8.79,1.37,3.77,2.27,-0.70,-0.50,2
-9.24,-0.81,1.06,-1.56,-0.28,-1.55,-8.78,1.35,3.78,1.31,-0.40,-0.44,2
-9.16,-0.79,1.14,-2.15,-0.89,-1.95,-8.77,1.34,3.90,1.33,-0.72,-0.73,2
-9.24,-0.76,1.03,-2.18,-0.54,-2.26,-8.77,1.40,3.75,1.84,-0.81,-0.97,2
-9.11,-0.74,1.15,-2.32,-1.46,-1.96,-8.69,1.36,3.76,0.42,0.00,-0.15,2
-9.04,-0.69,1.09,-2.07,-1.49,-1.72,-8.69,1.34,3.94,-0.06,0.10,-0.14,2
-8.99,-0.73,1.00,-3.18,-0.47,-1.85,-8.72,1.37,3.95,-0.47,-0.27,-0.15,2
-9.04,-0.73,1.10,-3.51,-0.16,-1.66,-8.77,1.39,3.90,-0.69,-0.37,-0.12,2
-9.00,-0.75,1.17,-3.61,-0.24,-1.66,-8.80,1.36,3.80,-1.04,-0.70,0.56,2
-9.11,-0.84,1.10,-4.14,0.82,-1.45,-8.77,1.35,3.88,-1.03,-0.59,0.34,2
-9.13,-0.73,0.97,-2.92,-0.32,-1.37,-8.68,1.32,3.86,-0.53,-1.24,1.39,2
-9.05,-0.83,0.97,-2.15,-0.40,-2.35,-8.78,1.22,3.87,-0.10,-1.13,0.89,2
-9.09,-0.59,0.93,-1.79,-0.80,-2.52,-8.66,1.29,3.82,1.75,-0.60,0.33,2
-9.25,-0.81,0.91,-2.11,-1.61,-2.95,-8.78,1.12,3.90,0.87,0.40,0.40,2
-9.19,-0.81,1.02,-2.01,-1.85,-2.55,-8.70,1.37,3.93,1.66,0.04,-1.74,2
-8.99,-0.80,0.98,-1.66,-2.13,-1.68,-8.69,1.41,4.06,-0.63,-0.84,-2.92,2
-8.99,-0.69,0.99,-2.56,-1.42,-1.45,-8.72,1.59,3.89,-0.19,-0.72,-1.72,2
-9.05,-0.75,0.98,-2.56,-2.02,-1.02,-8.72,1.42,3.92,-0.02,-0.73,-0.84,2
-9.14,-0.84,0.94,-2.79,-1.34,-1.63,-8.66,1.44,3.89,-0.89,-0.58,0.61,2
-9.18,-0.75,1.05,-2.63,-0.41,-1.84,-8.71,1.23,3.91,-0.32,-0.92,0.34,2
-9.25,-0.80,1.18,-2.15,-0.80,-2.29,-8.76,1.26,3.84,0.33,-0.27,0.18,2
-9.20,-0.81,1.00,-2.13,-0.78,-2.17,-8.78,1.19,3.96,1.67,-0.36,-0.37,2
-9.24,-0.83,0.92,-1.63,-0.98,-2.01,-8.69,1.38,3.97,2.15,-0.74,-0.50,2
-9.25,-0.89,0.92,-1.92,-1.11,-2.01,-8.73,1.37,3.85,1.63,-0.74,-0.78,2
-9.05,-0.72,0.98,-1.65,-1.37,-1.23,-8.77,1.51,3.96,1.25,-0.82,-0.92,2
-9.03,-0.68,1.09,-1.65,-1.98,-1.50,-8.67,1.38,3.87,0.04,-0.40,0.36,2
-9.03,-0.65,0.97,-1.91,-0.76,-2.14,-8.75,1.35,3.96,1.52,-0.40,-0.58,2
-9.01,-0.72,1.06,-2.14,-0.76,-2.60,-8.67,1.34,3.91,0.89,-0.42,-0.34,2
-8.97,-0.65,1.13,-2.47,-1.39,-2.45,-8.78,1.37,3.93,-0.35,-0.32,-0.72,2
-9.14,-0.84,1.03,-2.15,-1.34,-2.42,-8.73,1.42,3.83,-0.24,-0.15,-0.02,2
-9.17,-0.75,1.02,-2.05,-0.57,-1.65,-8.77,1.28,3.92,0.58,-0.75,-0.18,2
-9.18,-0.80,0.91,-2.45,-0.53,-1.59,-8.68,1.38,3.95,-0.17,-0.48,-0.18,2
-9.07,-0.73,1.06,-2.87,-0.88,-1.82,-8.73,1.26,3.94,0.06,-0.34,-0.48,2
-9.00,-0.76,1.08,-2.61,-1.12,-1.56,-8.71,1.32,3.91,0.60,-0.37,-0.66,2
-8.98,-0.78,1.04,-2.16,-1.27,-0.95,-8.73,1.31,3.94,1.50,-0.59,-0.30,2
-8.94,-0.81,1.08,-2.50,-1.40,-1.22,-8.75,1.32,3.86,0.71,-0.58,-0.24,2
-9.00,-0.71,1.02,-2.88,-0.85,-0.51,-8.74,1.33,3.99,0.29,-0.69,-0.87,2
-9.07,-0.70,0.95,-3.38,-0.66,-0.62,-8.62,1.27,4.04,-1.09,-0.49,-0.69,2
-9.19,-0.72,1.06,-2.70,-1.06,-1.55,-8.77,1.41,3.93,1.60,-0.66,-0.55,2
-9.27,-0.73,0.97,-2.47,-0.44,-2.27,-8.67,1.41,3.85,2.38,-0.37,-0.06,2
-9.24,-0.71,1.02,-2.41,-0.18,-2.34,-8.67,1.37,3.91,1.29,-0.48,-0.53,2
-9.19,-0.79,1.01,-2.56,-0.64,-2.11,-8.71,1.36,4.02,-0.46,-0.09,0.45,2
-9.07,-0.72,1.10,-2.37,-0.76,-1.83,-8.71,1.21,3.93,0.57,-0.35,-0.51,2
-9.23,-0.82,1.13,-2.21,-0.85,-1.95,-8.76,1.30,3.95,0.30,-0.38,-0.23,2
-9.06,-0.71,1.06,-1.61,-1.12,-1.94,-8.75,1.24,3.92,1.00,-0.80,-0.08,2
-8.99,-0.74,1.04,-1.66,-0.87,-1.75,-8.77,1.30,3.86,2.89,-0.39,-0.57,2
-9.20,-0.84,1.03,-1.31,-1.32,-1.89,-8.65,1.34,4.03,0.69,-0.55,-0.50,2
-9.13,-0.80,1.12,-0.98,-1.18,-2.05,-8.70,1.31,4.02,2.24,-0.84,-0.69,2
-9.15,-0.71,1.03,-1.50,-0.93,-1.41,-8.78,1.35,3.94,1.91,-0.98,-0.63,2
-9.00,-0.60,1.13,-1.98,-0.98,-1.11,-8.68,1.31,3.83,1.02,-0.47,0.14,2
-9.06,-0.64,0.91,-2.99,0.50,-2.33,-8.67,1.41,3.84,1.50,-0.86,-0.15,2
-9.15,-0.75,0.90,-2.76,-0.19,-2.56,-8.65,1.46,3.87,0.40,-0.34,0.65,2
-9.10,-0.67,0.98,-2.50,-0.58,-2.17,-8.71,1.46,3.95,1.31,-0.37,0.08,2
-9.09,-0.69,0.98,-2.47,-0.35,-2.25,-8.62,1.33,3.94,0.87,-0.13,0.65,2
-9.11,-0.73,0.99,-3.00,-0.20,-2.31,-8.73,1.41,3.90,0.76,-0.31,0.27,2
-9.00,-0.73,0.93,-3.22,0.45,-2.14,-8.72,1.40,3.93,0.69,-0.53,0.79,2
-9.05,-0.87,0.89,-2.76,0.35,-2.66,-8.68,1.38,3.98,0.36,-0.62,1.02,2
-9.25,-0.75,0.89,-2.87,0.50,-2.30,-8.70,1.39,3.96,1.11,-0.84,0.40,2
-9.27,-0.84,0.80,-2.14,-0.08,-1.74,-8.68,1.37,3.95,0.31,-0.72,0.15,2
-9.28,-0.86,0.83,-1.79,-0.30,-1.92,-8.73,1.37,4.06,0.15,-0.89,0.15,2
-9.25,-0.80,0.87,-1.96,-0.82,-2.15,-8.71,1.42,3.94,1.14,-0.79,-0.40,2
-9.14,-0.72,0.85,-2.48,-0.95,-0.95,-8.67,1.37,3.81,0.76,-0.51,-0.53,2
-9.20,-0.75,0.84,-2.91,-1.58,-1.83,-8.84,1.53,3.96,0.91,-0.10,-0.83,2
-9.19,-0.80,0.80,-2.48,-1.34,-2.27,-8.63,1.53,3.99,0.69,-0.25,0.05,2
-9.24,-0.77,0.97,-2.68,-1.50,-2.17,-8.65,1.45,3.90,-0.87,-0.10,-0.16,2
-9.23,-0.77,0.87,-3.18,-1.59,-1.99,-8.69,1.39,3.96,-0.43,-0.16,-0.08,2
-9.14,-0.76,0.96,-3.02,-1.47,-1.58,-8.69,1.42,3.95,0.13,-0.27,-0.37,2
-9.26,-0.81,0.97,-2.95,-1.34,-1.74,-8.72,1.39,3.91,-0.16,-0.11,-0.47,2
-9.16,-0.82,0.86,-2.18,-1.39,-1.64,-8.67,1.33,3.88,0.24,-0.41,-0.55,2
-9.04,-0.74,0.91,-1.76,-1.95,-1.74,-8.76,1.33,3.88,0.36,-0.21,-1.01,2
-9.02,-0.77,0.90,-1.26,-1.96,-1.76,-8.67,1.38,3.94,1.41,-0.30,-0.93,2
-9.15,-0.79,0.86,-1.46,-1.75,-2.42,-8.68,1.43,3.85,2.31,-0.35,-1.46,2
-8.93,-0.71,0.95,-1.93,-2.60,-1.38,-8.83,1.45,4.00,-0.02,0.04,-1.08,2
-9.10,-0.75,0.91,-2.40,-1.93,-1.63,-8.57,1.43,3.98,0.64,-0.29,-0.28,2
-9.09,-0.77,0.95,-3.03,-0.74,-1.68,-8.80,1.51,3.91,0.72,-0.37,-0.89,2
-9.06,-0.85,0.97,-3.09,-0.60,-1.83,-8.68,1.45,3.94,-0.29,-0.20,0.50,2
-9.19,-0.75,1.04,-3.15,-0.80,-1.67,-8.67,1.40,3.98,-0.66,-0.48,-0.19,2
-9.22,-0.80,0.95,-2.95,-0.73,-1.75,-8.72,1.36,3.92,-0.53,-0.38,0.29,2
-8.94,-0.68,0.97,-2.92,-1.06,-1.50,-8.71,1.41,3.95,-0.63,-0.47,-0.23,2
-9.03,-0.78,0.95,-2.52,-1.40,-1.40,-8.70,1.36,3.84,0.45,-0.32,0.16,2
-8.96,-0.73,0.84,-2.29,-1.37,-1.55,-8.64,1.36,3.95,0.53,-0.37,-0.40,2
-9.14,-0.81,0.92,-2.14,-1.78,-1.93,-8.72,1.45,3.88,0.02,-0.20,0.08,2
-9.11,-0.76,1.00,-2.10,-1.37,-2.44,-8.73,1.35,3.94,1.15,-0.11,-0.61,2
-9.17,-0.73,0.90,-2.66,-1.11,-2.02,-8.74,1.40,3.95,0.56,-0.11,-1.08,2
-9.02,-0.69,0.94,-2.21,-1.68,-1.57,-8.65,1.43,3.94,0.50,-0.19,-0.39,2
-9.02,-0.74,1.03,-2.26,-1.11,-2.08,-8.73,1.54,3.95,2.11,-0.37,-0.88,2
-9.07,-0.75,0.97,-2.63,-0.89,-1.92,-8.68,1.43,3.98,0.37,-0.32,-0.44,2
-9.04,-0.73,0.98,-3.04,-1.00,-1.70,-8.71,1.42,4.04,-0.76,-0.20,-0.23,2
-9.15,-0.84,0.97,-2.92,-0.82,-2.01,-8.67,1.38,3.98,0.38,-0.18,0.10,2
-9.18,-0.80,0.91,-2.82,-0.88,-1.94,-8.71,1.38,3.88,0.23,-0.47,-0.37,2
-9.26,-0.77,0.89,-2.36,-1.11,-1.99,-8.69,1.38,3.80,0.52,-0.37,-0.17,2
-9.15,-0.76,0.88,-2.44,-0.76,-1.93,-8.68,1.34,3.94,0.54,-0.42,-0.31,2
-9.27,-0.75,0.85,-1.75,-1.49,-2.56,-8.61,1.32,3.98,0.95,-0.25,-0.15,2
-9.10,-0.79,0.98,-1.54,-1.79,-2.63,-8.72,1.42,3.93,1.18,-0.09,-0.34,2
-9.00,-0.75,0.99,-2.27,-1.31,-1.52,-8.77,1.43,4.01,0.95,-0.01,-0.73,2
-9.14,-0.79,0.93,-2.68,-1.24,-1.47,-8.61,1.39,3.96,0.15,-0.12,-0.63,2
-9.06,-0.75,1.06,-3.34,-1.55,-1.04,-8.69,1.48,3.94,-0.44,-0.35,-0.55,2
-9.02,-0.79,0.96,-3.82,-0.51,-0.95,-8.74,1.49,3.93,-0.82,-0.81,-0.05,2
-9.15,-0.71,1.02,-2.62,-0.89,-1.51,-8.73,1.32,3.91,-0.98,-0.43,0.28,2
-9.23,-0.82,1.01,-2.59,-0.72,-1.89,-8.69,1.31,3.87,0.64,-0.37,0.24,2
-9.22,-0.71,1.05,-2.69,-0.62,-2.05,-8.64,1.33,3.87,0.43,-0.14,-0.31,2
-9.21,-0.79,0.94,-2.39,-0.60,-2.40,-8.69,1.34,4.02,0.89,-0.28,-0.36,2
-9.04,-0.68,0.91,-1.80,-0.85,-2.55,-8.66,1.35,3.93,1.77,-0.44,-0.38,2
-9.04,-0.73,0.99,-1.52,-1.26,-2.75,-8.75,1.43,3.88,1.46,-0.16,-0.18,2
-8.95,-0.76,1.04,-2.00,-0.99,-2.71,-8.70,1.32,3.95,1.57,-0.50,0.22,2
-8.96,-0.69,0.95,-2.37,-0.78,-1.84,-8.78,1.44,3.90,1.57,-0.06,-0.42,2
-9.19,-0.79,0.92,-2.91,-0.67,-1.18,-8.61,1.39,3.94,0.19,-0.34,0.05,2
-9.12,-0.80,0.93,-3.23,-0.34,-1.86,-8.73,1.49,3.90,0.50,-0.75,-0.15,2
-9.20,-0.81,0.99,-3.76,0.53,-1.63,-8.68,1.52,3.90,0.18,-0.63,0.89,2
-9.26,-0.78,0.86,-3.51,-0.05,-1.55,-8.71,1.43,3.90,-0.49,-0.61,0.42,2
-9.24,-0.81,0.81,-3.19,-0.73,-2.08,-8.61,1.35,4.16,-0.11,-0.15,0.62,2
-9.28,-0.80,0.93,-3.14,-0.47,-2.05,-8.67,1.35,3.94,0.66,-0.47,0.10,2
-9.24,-0.86,0.86,-2.77,-0.56,-2.10,-8.78,1.46,3.98,-0.18,-0.66,0.34,2
-9.11,-0.76,0.90,-2.43,-0.58,-2.10,-8.65,1.44,3.86,1.02,-0.56,0.15,2
