-8.94,-0.89,1.40,-2.32,-0.85,-2.43,-7.55,2.12,5.57,2.56,-1.82,-0.04,5
-8.95,-0.83,1.44,-2.36,-1.34,-2.95,-7.52,2.11,5.56,1.05,-1.41,0.60,5
-8.93,-0.91,1.40,-2.73,-2.12,-2.46,-7.64,2.08,5.67,-0.63,-0.55,-0.41,5
-8.95,-0.89,1.35,-3.16,-2.06,-2.37,-7.58,2.10,5.56,-0.11,0.37,-0.15,5
-9.00,-0.98,1.42,-2.92,-2.32,-2.79,-7.57,2.17,5.67,-0.65,0.41,-1.21,5
-8.97,-1.04,1.41,-2.73,-1.53,-2.47,-7.60,2.14,5.75,0.35,0.16,-1.15,5
-9.07,-1.05,1.46,-1.85,-2.86,-2.60,-7.61,2.20,5.72,1.06,0.08,-0.76,5
-9.02,-1.01,1.49,-1.95,-0.91,-2.06,-7.57,2.12,5.72,1.22,0.46,-0.56,5
-8.94,-1.00,1.50,-2.21,-1.60,-2.05,-7.63,2.15,5.75,0.89,0.18,-0.70,5
-8.87,-1.00,1.51,-2.25,-1.08,-1.73,-7.52,2.07,5.65,0.50,-0.08,-0.98,5
-9.00,-1.02,1.37,-2.47,-2.08,-1.42,-7.57,2.12,5.77,1.11,-0.56,-0.98,5
-9.15,-0.95,1.41,-2.05,-1.31,-1.39,-7.67,2.10,5.71,-0.04,-0.75,-1.54,5
-9.08,-0.96,1.45,-2.74,-0.46,-1.25,-7.50,2.13,5.70,0.87,-0.74,-0.83,5
-9.03,-1.01,1.38,-2.64,-1.56,-1.92,-7.63,2.12,5.76,0.99,-0.97,-0.72,5
-9.15,-0.98,1.48,-2.01,-2.08,-1.58,-7.54,2.11,5.61,-0.21,-0.98,-0.81,5
-9.16,-0.99,1.33,-2.27,-1.39,-1.98,-7.63,2.11,5.70,0.89,-0.36,-0.34,5
-9.12,-0.97,1.46,-2.27,-1.15,-1.85,-7.62,2.16,5.67,0.47,0.11,-0.37,5
-8.97,-0.95,1.46,-1.94,-2.15,-1.91,-7.70,2.10,5.64,0.81,0.23,-0.50,5
-8.87,-0.87,1.55,-2.47,-1.37,-1.81,-7.56,2.06,5.67,0.54,0.50,0.06,5
-8.88,-0.88,1.52,-2.68,-0.90,-1.37,-7.79,1.98,5.72,1.69,-0.08,-0.10,5
-8.87,-1.08,1.31,-0.97,2.37,-2.90,-8.03,1.79,4.77,-16.21,9.65,12.76,5
-9.01,-1.18,1.17,2.92,0.92,-3.90,-8.51,1.05,3.82,-9.03,20.48,13.00,5
-9.30,-1.16,1.08,12.44,-0.63,-5.11,-8.07,1.18,4.08,11.05,23.49,-0.03,5
-9.45,-1.28,1.22,17.56,-2.26,-6.06,-7.40,0.55,6.71,46.02,17.45,-25.95,5
-9.31,-0.86,1.03,29.25,-11.92,-8.60,-8.18,2.37,5.76,30.38,-10.30,-28.40,5
-8.82,-0.81,1.36,28.08,-12.88,-9.29,-8.37,1.46,4.28,20.40,-1.06,-16.59,5
-8.75,-0.76,1.69,23.72,-15.20,-7.62,-8.22,1.50,4.08,37.69,2.89,-21.19,5
-8.66,-1.06,2.05,23.46,-19.79,-6.50,-8.21,1.99,3.76,27.86,-0.37,-32.05,5
-8.96,-0.73,2.07,16.80,-22.60,1.82,-8.58,1.94,6.18,14.69,4.72,-45.58,5
-8.81,-0.94,1.80,11.08,-28.18,4.40,-8.19,1.78,6.31,36.84,-5.96,-42.15,5
-8.77,-0.62,2.28,-1.69,-29.36,7.22,-7.29,4.02,8.50,60.53,-19.77,-22.76,5
-7.93,-1.08,3.57,-20.15,-39.00,12.61,-7.02,9.33,8.49,20.37,-20.08,37.79,5
-7.24,0.10,5.51,-67.76,-45.36,49.97,-4.66,10.92,1.46,-89.08,-3.53,137.41,5
-7.82,0.43,5.36,-90.40,-37.94,64.33,-6.08,13.42,-1.22,-149.18,30.29,170.59,5
-7.90,0.45,6.02,-159.61,-22.33,76.71,-9.10,12.37,-5.04,-220.27,88.80,219.78,5
-7.88,0.29,6.33,-209.48,-5.19,95.79,-11.27,11.02,-6.40,-229.98,131.66,244.56,5
-8.87,0.81,5.27,-250.14,16.90,110.73,-12.83,8.74,-7.40,-216.35,195.67,240.95,5
-7.46,0.91,2.88,-250.14,32.48,101.60,-11.25,7.87,-5.63,-227.52,210.25,224.90,5
-8.17,1.88,0.22,-250.14,29.78,99.80,-9.57,8.72,-5.09,-233.28,210.84,219.25,5
-8.95,1.25,-1.49,-250.14,3.07,99.07,-9.66,10.26,-4.76,-250.14,217.44,239.85,5
-10.85,2.17,-1.36,-250.14,-43.76,130.50,-10.68,13.08,-8.62,-250.14,250.13,250.13,5
-12.86,1.27,-1.52,-250.14,-7.58,126.85,-11.76,13.75,-9.36,-226.24,250.13,250.13,5
-15.07,-1.17,-3.05,-250.14,-44.15,120.71,-13.94,14.11,-6.62,-231.04,250.13,250.13,5
-12.20,-1.65,-2.67,-250.14,-34.92,113.38,-13.02,11.36,-3.47,-230.74,250.13,231.16,5
-6.59,0.95,-1.92,-250.14,-14.15,98.59,-5.01,5.54,-0.12,-100.50,152.04,207.37,5
-9.42,0.53,-3.20,-250.14,-14.86,95.79,-3.42,5.86,0.98,-75.89,129.60,182.01,5
-8.49,-0.70,-1.45,-250.14,-65.28,104.16,-3.66,7.78,0.11,-92.37,193.18,145.85,5
-10.04,-0.58,0.73,-250.14,-33.02,106.24,-3.11,8.51,2.01,-97.82,208.14,116.31,5
-8.36,-0.46,0.87,-250.14,-21.70,85.09,-3.59,10.85,3.49,-84.73,168.05,121.03,5
-10.19,-1.02,0.30,-240.54,8.03,77.76,-4.01,10.41,2.08,-72.08,137.36,136.84,5
-8.18,-0.50,0.69,-201.64,-22.73,69.39,-5.70,8.64,4.75,-75.17,101.16,136.54,5
-7.73,0.86,3.14,-178.36,6.52,56.52,-4.97,6.34,3.03,-20.50,83.86,148.69,5
-8.81,-2.25,2.11,-147.73,-4.42,39.19,-5.24,6.41,4.53,-25.13,50.51,85.93,5
-12.83,-2.47,0.65,-124.15,11.54,34.79,-5.01,9.70,8.14,-0.49,40.71,54.34,5
-9.03,-1.92,2.96,-51.26,0.81,25.94,-4.65,9.70,7.92,17.89,-10.79,61.03,5
-8.28,-1.77,2.64,-32.32,8.93,13.57,-2.76,10.60,7.81,40.36,-36.99,106.62,5
-8.81,-0.65,2.10,1.09,6.05,-2.17,-0.48,9.30,3.45,74.15,-43.33,150.81,5
-8.51,-0.79,2.86,12.16,1.24,-7.47,0.39,8.32,0.09,96.66,-22.15,153.66,5
-8.85,-0.95,2.52,5.77,18.43,-14.21,0.76,7.62,-0.44,125.83,25.74,136.95,5
-9.07,-1.10,1.20,15.92,-0.85,-9.31,1.69,7.35,-3.88,161.44,73.43,98.67,5
-9.03,-1.08,1.75,19.32,-17.76,-7.85,-1.75,7.56,-2.57,163.12,250.13,-34.06,5
-8.62,-1.68,0.67,24.02,3.56,-11.35,-8.53,2.45,19.62,102.29,-5.71,-35.15,5
-7.08,-0.84,5.43,7.36,-12.80,-13.18,4.38,7.83,-3.22,17.24,-80.44,-57.24,5
-8.67,-0.82,2.34,20.81,9.94,-7.26,2.70,7.48,2.29,-51.40,-15.86,-54.89,5
-9.01,-0.74,1.48,24.54,6.30,-7.23,-3.03,2.17,1.51,-104.53,-126.18,-226.12,5
-8.77,-0.72,1.22,23.49,4.02,-6.92,-4.63,2.26,1.93,-86.40,-97.08,-250.14,5
-9.49,-0.75,1.60,22.66,-0.71,-6.11,-8.83,1.88,-0.11,-86.08,-57.08,-250.14,5
-9.21,-0.75,1.31,26.42,-11.23,-2.97,-19.12,3.28,3.78,-93.06,-69.68,-250.14,5
-9.98,-0.63,0.25,0.44,-36.51,-4.20,-16.88,10.47,9.30,-18.78,-72.69,-250.14,5
-7.89,-0.54,2.52,-7.89,-21.14,-5.39,-10.72,8.40,9.99,23.24,2.28,-65.51,5
-8.04,-2.43,4.02,-7.82,-39.76,-0.38,-7.78,9.87,7.04,12.99,28.76,50.94,5
-8.39,-1.31,3.56,2.30,-22.44,4.47,-6.58,8.52,4.98,-47.54,6.95,64.08,5
-7.41,-0.81,4.00,-46.60,-33.24,14.62,-3.77,7.74,4.21,-52.41,-0.85,106.88,5
-7.81,-1.41,4.36,-66.92,-29.30,21.64,-4.88,8.62,2.23,-78.45,30.31,113.84,5
-8.03,-1.54,5.03,-84.76,-25.40,35.73,-7.21,8.11,2.36,-159.17,49.87,125.51,5
-6.89,0.86,6.54,-159.10,-11.48,63.05,-10.25,8.11,-0.08,-216.53,46.72,138.69,5
-8.64,1.54,3.32,-250.14,1.99,98.72,-12.06,9.51,-2.63,-250.14,92.52,170.69,5
-9.62,1.91,4.11,-250.14,-2.57,117.95,-14.12,11.63,-4.80,-250.14,88.62,211.95,5
-10.96,1.91,2.19,-250.14,-6.87,131.95,-17.21,13.33,-8.56,-250.14,108.19,250.13,5
-12.22,3.05,-1.16,-250.14,-29.79,146.68,-14.89,10.15,-10.78,-250.14,140.63,250.13,5
-8.92,0.13,-2.91,-250.14,-60.44,147.56,-11.12,6.21,-9.02,-250.14,178.02,221.98,5
-7.70,-0.25,-0.96,-250.14,-31.31,124.82,-8.59,4.62,-7.52,-250.14,145.91,185.31,5
-7.89,1.27,-2.07,-250.14,-12.89,100.77,-6.33,5.28,-7.88,-250.14,106.04,148.37,5
-10.44,0.44,-2.66,-250.14,-28.35,82.06,-8.26,6.32,-4.94,-215.32,147.09,128.18,5
-10.39,-1.94,-1.63,-250.14,-59.15,85.36,-10.52,7.16,-0.75,-209.52,161.21,103.02,5
-9.67,-2.10,-0.23,-250.14,-34.89,77.42,-10.31,6.74,-0.61,-221.22,128.44,104.70,5
-9.48,-2.31,-0.15,-250.14,-36.58,67.47,-9.23,5.19,1.47,-183.55,100.31,109.16,5
-9.54,-1.91,-0.32,-245.52,-20.89,65.17,-10.00,5.59,0.48,-170.96,95.59,99.19,5
-7.63,-1.89,1.19,-212.87,-33.12,62.60,-9.09,4.12,0.68,-164.73,99.37,96.40,5
-7.66,-0.76,0.26,-193.25,-16.44,58.31,-8.03,3.77,2.03,-135.49,62.17,93.39,5
-7.88,-1.56,0.54,-174.44,-16.29,45.79,-6.37,3.39,1.89,-97.90,50.88,104.95,5
-10.15,-2.55,2.06,-155.85,-19.44,39.14,-7.61,4.73,4.35,-91.60,51.53,93.98,5
-12.11,-2.69,1.95,-115.28,-42.66,44.68,-10.24,8.74,7.61,-78.82,-10.69,77.73,5
-6.83,-0.97,3.72,-86.87,-7.16,35.68,-8.48,9.50,7.84,-22.75,-32.38,110.34,5
-9.98,-1.96,1.08,-72.05,17.91,30.17,-7.53,11.26,6.50,36.71,-68.10,181.89,5
-8.55,-1.42,2.19,-49.27,16.50,17.76,-6.00,10.37,5.00,42.18,-54.87,211.04,5
-9.21,-0.74,1.20,-38.95,8.92,15.56,-2.19,7.16,-0.41,63.62,16.15,224.34,5
-9.26,-0.86,1.10,-43.25,1.84,21.37,-1.49,6.59,-0.03,55.34,36.73,185.65,5
-9.32,-0.90,0.92,-46.35,-11.70,17.07,0.47,5.99,-1.94,119.63,74.37,137.40,5
-9.14,-1.06,1.54,-31.85,-15.86,12.38,-0.03,6.03,-2.42,153.82,122.66,91.37,5
-9.07,-0.65,1.28,-21.98,-14.50,9.47,-1.33,8.15,-1.20,106.20,238.19,-17.59,5
-8.87,-0.28,1.39,-23.69,-15.66,8.98,-2.04,7.30,-0.67,142.37,250.13,-47.13,5
-8.69,0.14,-0.00,-9.85,-17.83,3.12,15.67,11.17,-6.93,22.32,-20.38,-43.57,5
-8.25,-1.31,2.71,-0.32,2.20,-1.59,3.66,6.84,3.62,-59.49,60.16,-46.53,5
-8.59,-1.06,0.46,8.99,16.54,-12.53,-0.41,6.85,3.20,-70.16,-11.30,-53.46,5
-9.03,-1.65,1.63,14.52,6.00,-13.66,-1.87,4.25,2.10,-82.15,-56.63,-117.15,5
-9.24,-1.35,0.84,8.57,-12.21,-13.89,-3.25,6.50,3.81,-74.72,-58.18,-186.79,5
-9.22,-1.09,1.42,-4.67,-6.21,-10.44,-3.30,5.02,0.71,-40.97,-47.82,-250.14,5
-8.86,-1.57,2.04,-38.34,-30.13,0.61,-4.47,11.80,3.68,-42.06,3.26,-243.48,5
-8.44,-2.57,1.81,-40.76,-38.02,9.80,-4.38,14.58,6.61,-121.12,30.18,-169.71,5
-8.65,-2.97,3.13,-48.27,-29.03,18.40,-3.63,19.45,7.96,-119.63,31.65,-66.90,5
-8.20,-2.22,3.32,-47.48,-35.47,30.69,-1.52,15.12,5.95,-134.98,19.32,39.89,5
-7.65,0.64,5.64,-159.68,-4.50,54.60,-5.25,18.23,-3.20,-239.35,97.79,237.73,5
-6.94,1.95,5.38,-230.29,-14.56,83.56,-8.55,18.30,-5.80,-192.47,146.09,250.13,5
-8.52,3.51,4.16,-250.14,-0.10,106.68,-11.88,16.82,-6.42,-181.27,197.50,250.13,5
-9.74,3.39,0.06,-250.14,-7.19,131.46,-14.30,16.07,-6.51,-180.82,240.65,250.13,5
-12.44,2.18,-2.00,-250.14,-28.73,154.54,-15.03,14.30,-7.46,-198.07,250.13,250.13,5
-12.51,1.33,-3.21,-250.14,-13.01,157.81,-12.55,11.20,-6.84,-139.39,250.13,250.13,5
-10.03,0.42,-2.60,-250.14,-34.93,145.32,-10.01,9.00,-3.77,-107.05,250.13,243.42,5
-8.34,0.57,-2.15,-250.14,-15.41,123.24,-7.64,7.42,-2.49,-133.10,250.13,197.60,5
-9.62,1.59,-2.13,-250.14,-16.70,101.60,-6.88,7.21,0.49,-119.84,187.12,128.42,5
-9.90,0.30,-2.91,-250.14,-28.73,99.29,-6.41,7.83,1.02,-91.74,206.16,109.24,5
-9.19,-0.66,-1.18,-250.14,-39.83,94.28,-7.06,9.12,2.16,-120.93,216.66,101.56,5
-8.85,-1.60,-0.56,-250.14,-14.44,93.99,-6.07,9.71,1.05,-124.90,212.05,104.19,5
-10.31,-0.38,0.19,-250.14,-23.17,90.38,-6.96,9.37,1.61,-169.37,172.37,129.89,5
-9.20,-1.31,1.02,-250.14,-30.30,90.19,-7.21,9.37,3.04,-181.92,158.14,137.52,5
-10.37,-1.14,1.14,-229.28,-5.64,70.19,-8.40,7.70,1.31,-177.15,132.31,131.40,5
-9.60,-1.19,1.12,-186.57,-13.15,66.54,-9.62,6.71,2.25,-131.08,99.31,108.47,5
-7.95,-0.38,1.41,-135.92,-22.85,58.35,-6.44,6.11,4.28,-9.30,28.72,90.31,5
-8.71,-0.86,0.91,-135.63,-8.27,48.52,-4.85,6.55,4.26,-39.87,62.29,104.36,5
-8.26,-1.47,2.07,-105.19,-35.70,42.31,-5.85,5.62,5.44,-85.09,78.89,113.24,5
-8.44,0.40,3.43,-69.58,-3.54,38.38,-6.99,4.73,5.24,-75.79,78.91,99.31,5
-8.73,0.15,3.06,-49.63,6.92,27.76,-8.93,4.25,6.46,-15.04,15.65,39.79,5
-8.37,0.08,2.29,-42.82,27.05,18.79,-7.42,3.77,6.77,12.33,-12.10,22.54,5
-7.66,-0.84,1.83,-29.68,20.63,3.68,-5.24,4.40,7.02,24.63,-42.98,15.85,5
-9.42,-0.63,1.97,-20.54,23.68,-3.58,-3.96,6.14,7.28,4.08,-56.34,12.62,5
-9.26,-1.48,2.10,-20.34,16.92,-3.59,-3.58,9.40,6.93,26.98,-75.87,26.47,5
-9.45,-1.87,2.20,-9.46,5.76,-3.49,-2.48,9.61,5.58,25.25,-73.89,42.43,5
-8.73,-1.51,2.20,1.38,7.21,-9.09,-2.48,9.17,6.27,36.78,-98.89,59.10,5
-8.40,-1.44,2.11,5.37,6.08,-13.57,-1.83,8.86,4.87,37.74,-82.90,79.83,5
-8.36,-1.66,2.40,0.88,-3.18,-12.95,0.60,8.88,2.35,62.88,-70.40,95.54,5
-8.71,-1.81,1.91,7.27,11.07,-13.60,1.20,9.00,2.03,85.66,-44.31,95.63,5
-9.44,-1.80,1.51,15.72,-7.15,-13.47,2.51,8.92,-0.69,100.04,-15.06,92.33,5
-9.10,-1.43,1.51,11.22,-17.09,-13.54,2.92,8.44,-2.24,102.25,32.85,87.53,5
-8.99,-1.79,2.14,16.81,-33.24,-3.53,1.74,8.40,-5.65,141.18,196.29,16.16,5
-8.36,-0.87,2.04,21.34,-10.05,-1.69,-0.57,6.39,0.30,121.82,250.13,-35.87,5
-9.57,-0.75,0.33,39.85,-22.53,-3.18,14.50,15.90,-3.71,40.34,-140.73,-13.85,5
-7.83,-0.69,4.91,25.11,5.28,-3.94,3.76,5.58,4.66,-6.86,35.78,-36.94,5
-8.99,-0.44,2.45,25.00,0.30,-4.97,2.44,7.99,2.63,-42.45,13.15,-33.14,5
-8.59,-0.36,1.98,0.94,14.27,-6.63,0.36,7.35,2.85,-48.05,-53.27,-49.59,5
-8.76,-0.62,1.88,13.45,-9.10,-2.87,-0.37,3.91,3.62,-57.02,-50.69,-100.89,5
-9.01,-0.27,1.99,3.44,-9.12,-2.26,-2.74,6.26,2.52,-47.89,-34.89,-155.11,5
-8.85,-0.09,2.45,-23.13,-24.50,7.97,-3.39,8.14,2.39,-18.61,-13.26,-208.22,5
-8.55,-0.15,2.76,-32.35,-27.09,13.93,-4.09,8.65,1.62,-48.08,14.02,-213.39,5
-8.14,-0.59,3.19,-45.76,-28.02,21.49,-4.59,8.41,2.71,-138.08,72.85,-207.37,5
-7.92,-1.08,3.19,-53.08,-28.64,24.53,-6.56,7.79,5.50,-118.06,113.98,-193.56,5
-7.79,-1.64,4.48,-55.37,-36.88,25.81,-8.76,7.19,7.05,-105.50,101.74,-139.30,5
-7.90,-1.54,4.65,-52.07,-28.71,28.69,-9.69,5.26,7.47,-116.67,66.66,-91.29,5
-7.62,-1.21,5.37,-54.36,-23.87,33.58,-9.84,4.21,6.89,-52.09,19.76,-67.77,5
-7.56,-1.17,5.79,-70.37,-10.15,36.18,-9.12,4.68,5.59,-45.21,-1.38,-29.62,5
-7.66,-1.32,5.41,-83.98,11.33,40.30,-8.24,4.49,4.16,-81.55,-14.91,38.35,5
-7.23,-1.35,5.30,-91.80,9.34,41.90,-8.54,4.34,3.97,-95.92,-21.02,54.88,5
-7.46,-1.13,4.39,-101.79,16.31,42.89,-8.44,3.90,3.45,-84.22,-33.21,63.21,5
-7.81,-0.62,4.49,-114.18,12.79,44.48,-8.10,4.50,3.67,-105.39,-28.71,75.30,5
-8.02,0.28,4.12,-131.24,11.83,48.43,-8.57,4.17,3.50,-112.24,-24.56,91.48,5
-7.99,0.59,3.29,-132.22,6.95,51.36,-9.07,4.44,3.07,-115.93,-19.33,99.11,5
-9.11,0.52,3.10,-144.76,9.92,56.54,-9.07,4.12,2.69,-107.76,-11.07,109.95,5
-9.24,0.35,2.93,-148.19,0.83,64.68,-9.63,4.45,3.09,-103.48,4.95,109.83,5
-8.76,0.17,2.30,-159.39,-6.31,68.23,-8.91,4.24,2.81,-123.60,36.89,129.24,5
-9.10,-0.02,2.14,-163.69,-9.44,69.40,-8.94,4.13,2.88,-131.75,41.89,133.83,5
-9.15,-0.11,2.46,-165.96,-17.66,69.02,-8.79,4.05,2.72,-136.21,47.40,132.93,5
-9.05,-0.13,2.46,-172.73,-11.47,68.27,-8.80,3.81,2.74,-145.67,59.82,126.72,5
-9.02,0.27,2.22,-173.15,-12.98,67.01,-8.55,3.60,2.51,-143.00,64.90,116.18,5
-8.51,0.12,2.07,-167.60,-17.73,66.22,-8.06,3.89,2.81,-134.99,67.90,113.25,5
-8.09,0.46,1.85,-170.30,-6.21,62.77,-8.38,3.81,2.29,-144.27,77.84,121.61,5
-8.91,-1.27,1.73,-172.79,-22.15,55.62,-8.86,3.90,2.52,-134.89,78.53,121.81,5
-8.76,-2.85,3.64,-148.00,-20.98,45.97,-9.65,4.90,2.58,-154.47,75.51,107.77,5
-8.65,-2.62,2.98,-148.63,-7.85,49.56,-9.53,4.75,2.87,-137.56,63.03,91.49,5
-7.83,-2.05,2.64,-147.23,-1.00,54.81,-8.39,5.23,3.13,-112.38,58.41,83.09,5
-8.03,-1.81,1.61,-158.08,6.96,54.74,-7.23,5.04,3.33,-116.26,64.59,91.02,5
-8.80,-1.45,1.09,-168.51,-4.18,54.90,-6.54,5.21,3.78,-124.40,65.45,90.77,5
-9.01,-1.05,0.76,-180.50,-7.70,54.66,-6.64,6.00,4.99,-124.77,67.63,85.86,5
-9.31,-0.80,1.66,-187.18,-5.23,49.63,-6.98,6.08,4.38,-118.49,65.09,94.47,5
-8.66,-0.58,1.54,-185.02,-20.53,53.35,-7.35,7.41,4.29,-128.02,59.27,113.28,5
-10.04,0.04,1.75,-182.46,-24.74,50.50,-8.72,7.37,4.05,-103.94,38.09,161.40,5
-10.14,-0.37,1.73,-182.23,-18.18,50.40,-8.57,7.95,4.49,-101.95,51.08,176.57,5
-9.52,-0.31,1.37,-175.69,-17.89,51.26,-8.74,7.68,3.74,-79.08,34.95,178.44,5
-9.09,-0.28,1.34,-173.71,-9.69,53.31,-7.48,7.34,4.62,-44.70,12.29,174.17,5
-9.21,-0.79,0.64,-166.43,-15.75,48.82,-5.47,7.15,4.28,-21.19,16.28,173.92,5
-8.51,-0.50,1.27,-147.24,-20.99,47.46,-4.66,7.75,4.05,-9.86,25.84,168.28,5
-8.51,-0.15,1.39,-144.07,-7.22,43.58,-3.78,7.94,5.75,2.33,27.47,164.92,5
-8.68,-0.18,1.29,-129.02,-11.32,43.85,-2.97,8.91,4.94,8.58,24.98,166.17,5
-9.95,-1.43,1.84,-110.12,17.98,33.21,-0.84,9.39,6.28,51.91,26.03,155.37,5
-9.81,-2.19,0.79,-93.83,8.36,25.11,0.51,8.28,4.79,63.87,21.72,143.98,5
-9.21,-2.22,1.34,-55.94,4.72,14.09,1.29,9.34,4.37,69.68,16.99,138.15,5
-8.38,-2.21,1.17,-45.54,-3.02,8.51,2.37,7.60,0.75,90.99,19.21,132.06,5
-8.79,-1.96,1.02,-14.02,-11.21,1.13,2.99,6.62,-3.85,158.44,97.95,80.57,5
-9.05,-2.02,1.52,-2.67,-13.01,1.33,2.63,6.56,-5.02,168.80,168.34,34.09,5
-9.22,-1.06,1.43,12.42,-21.31,0.89,0.48,6.78,-1.80,128.15,250.13,-26.18,5
-9.49,-1.30,1.18,17.23,6.38,-8.02,-14.09,3.99,12.79,155.99,166.45,31.34,5
-8.69,-0.16,1.73,14.93,12.83,-12.90,6.91,7.37,5.10,13.77,128.63,-13.91,5
-8.60,-0.35,2.91,-2.65,-2.50,-10.22,5.47,10.15,2.79,-30.44,-68.11,-4.18,5
-9.09,-0.23,0.47,3.39,6.95,-7.35,4.47,7.78,3.36,-15.13,-13.42,4.33,5
-9.16,0.11,1.47,-0.27,-1.27,-3.16,2.26,5.59,4.45,-55.89,-11.40,-8.28,5
-9.47,0.46,1.41,-36.79,-1.16,-0.31,1.27,2.79,2.92,-15.27,-2.15,-117.36,5
-9.70,-0.01,0.81,-45.32,-25.28,5.93,1.62,5.07,2.92,-35.53,12.23,-158.25,5
-9.37,0.00,1.84,-70.96,-37.11,13.62,0.39,6.42,3.20,-26.60,65.17,-206.97,5
-8.76,-1.60,2.70,-99.58,-36.96,20.71,-1.52,9.05,1.49,-20.98,102.07,-233.89,5
-7.61,-2.57,3.72,-115.86,-35.63,25.70,-4.39,14.30,6.09,-169.43,143.46,-153.79,5
-7.73,-3.31,3.91,-115.21,-25.95,29.05,-4.03,11.58,5.36,-184.43,168.05,-108.83,5
-7.29,-2.75,4.30,-110.33,-17.94,36.78,-5.22,10.20,6.41,-173.56,170.31,-52.29,5
-7.58,-2.39,3.48,-119.72,-3.76,40.69,-5.29,7.34,6.55,-125.06,139.15,-9.63,5
-8.05,-1.83,2.62,-133.57,-2.87,45.85,-6.97,7.74,7.39,-118.34,53.55,38.72,5
-8.41,-1.36,2.56,-138.85,-1.66,44.50,-6.88,6.36,6.57,-98.15,25.40,64.06,5
-9.55,-1.06,2.52,-139.99,-5.76,43.76,-6.75,7.07,6.20,-84.98,7.64,81.78,5
-8.23,-0.63,2.12,-143.35,-13.13,42.45,-7.36,6.50,5.18,-95.10,-13.37,94.30,5
-9.93,-0.77,1.85,-150.18,-21.88,55.25,-8.12,7.28,4.02,-96.39,3.26,102.28,5
-9.38,-0.95,2.08,-157.40,-15.87,58.82,-8.38,7.18,4.36,-110.34,9.53,105.47,5
-9.41,-0.68,1.43,-157.03,-20.40,62.51,-7.49,6.44,3.12,-102.39,29.08,115.23,5
-9.21,-0.40,1.27,-165.74,-22.78,65.96,-6.98,6.17,2.99,-108.70,53.91,119.83,5
-8.97,-0.15,1.81,-173.44,-24.14,69.32,-6.16,6.16,3.01,-118.06,78.77,118.55,5
-8.61,0.40,2.18,-179.42,-22.98,65.66,-6.02,6.23,2.85,-126.16,101.70,124.21,5
-8.73,0.20,1.38,-184.54,-19.05,62.66,-6.58,6.30,3.11,-128.43,107.33,131.15,5
-8.58,-0.14,1.40,-183.31,-15.59,63.42,-7.27,6.50,3.56,-122.80,97.85,137.80,5
-9.02,-2.19,1.96,-174.34,-26.53,55.94,-8.06,6.68,4.06,-117.08,103.62,146.27,5
-8.99,-2.89,2.52,-164.63,-11.44,47.26,-8.14,6.59,3.38,-128.43,99.89,154.68,5
-8.15,-1.81,3.57,-146.47,-32.33,52.93,-8.73,6.88,3.38,-138.32,81.79,144.29,5
-7.70,-1.16,2.78,-162.31,4.41,54.82,-7.96,6.34,3.69,-109.98,64.49,133.32,5
-8.54,-1.04,0.62,-179.39,8.25,50.82,-5.23,6.36,3.45,-62.27,81.04,121.02,5
-9.26,-1.30,0.24,-181.73,2.42,48.83,-5.08,6.60,3.37,-74.28,92.59,114.89,5
-8.90,-1.35,0.78,-183.16,-1.69,49.17,-5.10,7.05,4.27,-85.37,109.93,110.11,5
-9.77,-0.54,0.70,-185.05,-5.42,44.35,-5.74,7.48,4.79,-96.03,106.75,115.85,5
-9.23,0.48,0.95,-187.99,-6.74,43.07,-6.11,7.56,5.37,-77.34,88.96,153.11,5
-11.07,-0.17,0.32,-188.82,-12.77,37.27,-5.88,7.82,5.17,-58.71,82.51,162.65,5
-10.81,-0.05,1.24,-173.78,-32.44,44.13,-6.79,8.80,6.90,-69.50,74.39,162.25,5
-9.70,-0.68,0.37,-174.63,-23.00,44.63,-6.64,8.87,5.67,-40.76,67.66,170.22,5
-9.61,-0.53,0.03,-178.34,-14.85,44.33,-4.99,7.38,5.03,-7.33,52.22,180.85,5
-9.26,-0.21,1.74,-164.58,-34.78,51.10,-3.68,8.79,6.21,-8.24,35.71,171.50,5
-8.26,-0.23,1.76,-160.12,-17.96,43.99,-3.48,8.64,5.55,13.45,31.78,169.00,5
-8.15,-0.16,1.62,-146.26,-14.37,38.79,-2.16,9.17,6.60,29.60,28.86,180.78,5
-8.74,-1.60,1.38,-136.05,7.31,33.89,0.18,8.59,5.99,21.85,-6.98,185.46,5
-10.06,-1.84,0.48,-130.09,9.61,30.84,1.07,8.50,3.95,36.76,-13.69,176.98,5
-8.79,-3.09,1.54,-110.04,3.00,18.52,2.63,6.89,4.00,38.59,-5.45,154.43,5
-9.49,-3.30,0.36,-68.40,-3.95,14.50,3.23,5.90,2.44,23.27,2.51,124.92,5
-8.19,-2.69,0.40,-39.37,0.15,11.63,4.15,6.03,1.88,68.17,17.63,48.82,5
-8.87,-2.64,0.51,-36.69,13.60,6.64,5.19,6.59,2.29,65.44,28.89,33.99,5
-9.23,-2.12,0.38,-21.21,-6.53,3.31,5.51,6.73,2.01,66.58,38.64,28.63,5
-9.81,-1.67,0.64,-24.98,-9.85,0.53,6.04,6.73,0.22,106.02,57.27,20.82,5
-8.95,-1.62,1.24,-24.29,-23.96,4.61,5.42,7.95,-1.35,163.10,131.60,-4.68,5
-8.54,-0.96,1.03,-20.86,-22.09,6.56,4.11,8.57,-2.02,179.08,181.35,-12.08,5
-9.17,-1.49,1.79,-16.60,-18.29,3.82,2.07,7.62,0.31,180.65,250.13,-35.73,5
-10.07,-1.16,-0.68,6.58,-16.77,0.01,-2.39,2.25,19.62,30.14,26.70,-26.18,5
-9.15,-0.31,0.34,-9.34,-5.80,-4.56,2.40,10.08,4.40,-8.18,81.84,-61.11,5
-8.67,-0.64,1.83,5.17,-6.17,0.66,1.49,5.58,4.69,4.08,-50.20,-42.15,5
-9.13,-0.32,1.35,-3.48,-22.79,4.06,0.46,5.38,4.83,3.49,-49.48,-86.53,5
-8.63,-0.14,2.28,-15.21,-30.27,8.01,0.37,5.34,3.10,-52.42,-27.89,-135.82,5
-8.80,-0.59,2.62,-34.66,-26.37,17.45,0.75,8.64,3.89,-50.16,-5.50,-197.65,5
-8.60,-1.75,2.35,-41.08,-24.28,16.15,-0.15,10.42,3.76,-95.28,39.29,-201.78,5
-8.29,-2.29,3.01,-43.96,-32.18,18.93,-2.32,6.93,2.62,-182.60,81.85,-187.74,5
-8.23,-1.87,3.77,-55.85,-33.12,23.56,-5.43,7.51,4.82,-250.14,153.64,-138.93,5
-8.31,-1.14,4.09,-83.43,-13.84,38.47,-8.56,6.74,8.35,-89.10,125.57,-59.80,5
-8.21,-2.22,3.92,-89.12,-7.11,38.92,-7.59,4.73,6.96,-46.26,93.93,-41.26,5
-7.88,-1.23,4.45,-88.71,-7.13,40.54,-6.45,4.30,8.00,0.29,54.79,-39.92,5
-7.98,-0.31,3.99,-103.21,5.20,39.69,-6.92,5.82,7.80,-53.69,39.82,-14.05,5
-7.64,-0.31,3.44,-114.93,-2.86,33.31,-7.94,4.79,7.29,-82.13,-14.83,29.25,5
-7.81,-0.16,3.13,-121.73,3.32,36.61,-8.05,4.13,5.42,-102.56,-4.98,60.55,5
-9.82,0.13,2.31,-128.05,-9.54,47.09,-8.66,3.59,3.99,-98.43,-12.85,69.08,5
-9.26,-0.61,2.79,-138.70,-6.86,59.60,-9.15,3.82,4.75,-107.46,-11.47,53.57,5
-9.20,-0.34,1.63,-158.53,-20.78,62.97,-9.19,2.95,1.75,-117.70,7.68,66.98,5
-9.14,-0.47,1.76,-171.69,-22.85,64.34,-8.52,3.50,2.50,-127.73,22.12,82.01,5
-8.38,-0.48,2.80,-173.91,-36.43,62.94,-8.42,3.44,2.09,-145.48,38.67,92.47,5
-8.69,-0.32,2.88,-180.75,-18.98,55.88,-8.81,2.96,1.85,-156.24,42.76,99.80,5
-9.87,-1.54,2.20,-191.54,-20.05,61.03,-10.29,2.82,1.70,-153.13,53.43,85.55,5
-8.46,-3.39,2.43,-183.27,-24.40,54.75,-10.01,3.40,2.03,-174.79,50.16,99.79,5
-8.04,-3.94,3.03,-167.02,-26.34,46.84,-10.01,2.67,2.10,-194.20,42.40,109.10,5
-7.77,-3.06,3.76,-159.40,-18.21,51.24,-10.37,2.33,2.62,-175.07,16.63,93.12,5
-7.82,-3.10,2.20,-160.63,-1.70,50.16,-8.86,3.35,3.25,-133.63,10.06,82.53,5
-8.17,-3.12,1.00,-155.96,4.14,44.91,-8.73,3.45,3.68,-138.63,-4.51,81.92,5
-9.07,-2.91,0.49,-146.02,-4.21,38.98,-8.54,3.69,3.17,-125.08,-5.34,69.05,5
-8.75,-2.73,0.86,-145.84,-8.69,38.00,-8.11,4.23,3.37,-106.88,-3.32,62.15,5
-8.65,-2.79,0.20,-153.73,-16.52,37.63,-7.84,4.90,3.22,-109.68,6.72,74.89,5
-8.95,-2.19,0.48,-156.31,-14.57,38.13,-8.22,5.03,3.84,-119.10,8.73,83.79,5
-9.74,-1.77,-0.46,-151.80,-20.41,41.53,-8.52,5.16,3.94,-123.53,13.69,85.53,5
-9.57,-0.73,1.70,-145.70,-13.79,41.90,-8.11,5.30,4.31,-132.98,13.21,109.66,5
-10.94,-1.00,0.07,-148.95,-25.49,43.56,-10.04,4.06,4.98,-129.76,24.45,134.60,5
-9.98,-1.09,0.23,-147.82,-34.36,44.73,-9.67,3.74,5.04,-126.59,27.78,143.07,5
-9.54,0.24,0.27,-156.00,-23.26,44.98,-9.31,2.97,3.86,-119.76,35.02,152.90,5
-9.73,0.34,-0.38,-175.68,-18.64,46.94,-9.01,3.08,4.45,-109.08,40.64,160.54,5
-8.97,0.27,0.37,-197.73,-18.72,43.94,-8.20,4.58,3.78,-107.79,71.02,172.66,5
-8.83,0.11,0.02,-191.62,-32.73,36.85,-8.29,5.20,3.95,-108.56,76.00,186.03,5
-9.42,0.10,0.23,-191.89,-15.01,35.18,-8.44,6.43,4.29,-82.40,66.23,193.79,5
-9.84,-0.78,0.16,-182.18,-25.01,37.39,-9.47,7.96,4.93,-32.82,54.16,196.66,5
-8.40,-4.22,0.60,-145.53,-13.30,21.31,-8.61,10.98,6.00,27.78,19.65,238.24,5
-10.25,-3.82,0.06,-106.94,-9.27,12.70,-6.78,11.55,4.91,52.40,-16.80,250.13,5
-8.22,-2.30,2.04,-83.93,-23.40,21.52,-4.62,10.60,4.33,41.39,-4.97,250.13,5
-8.04,-2.71,0.53,-84.69,13.99,18.66,-1.38,7.22,1.99,74.34,-31.14,243.81,5
-10.19,-3.19,-0.42,-38.32,12.42,7.24,2.60,4.56,-1.86,78.12,41.78,139.94,5
-9.34,-1.94,-0.67,-17.44,-18.35,4.30,4.03,4.04,-4.24,131.81,79.99,86.55,5
-9.30,-1.87,0.31,-16.65,-4.27,0.36,2.80,4.94,-5.12,163.49,161.95,15.85,5
-10.13,-1.52,0.33,-15.37,-22.08,1.09,1.69,4.39,-0.86,145.90,245.00,-48.63,5
-7.78,-1.02,4.87,-16.50,-23.95,-1.34,0.87,4.23,5.35,53.76,-110.40,-124.28,5
-8.30,-0.64,0.99,-17.60,-20.28,-4.31,-2.29,3.10,5.28,-42.66,-11.31,-204.52,5
-9.63,-0.43,1.61,12.15,2.08,1.73,-2.45,7.15,3.54,-105.02,-80.00,-250.14,5
-9.70,-0.51,0.78,-1.05,-25.98,2.23,-6.56,8.22,-1.10,-227.76,-41.03,-250.14,5
-9.24,-0.46,0.27,-15.72,-36.35,3.66,-9.88,7.19,6.90,-213.82,93.47,-250.14,5
-8.63,-1.43,1.38,-27.98,-45.47,12.38,-11.40,5.92,9.89,-20.79,100.34,-250.14,5
-7.98,-1.35,3.49,-50.71,-60.09,17.14,-11.22,9.11,9.32,-30.63,34.09,-217.73,5
-7.00,-2.11,4.40,-74.73,-47.37,20.79,-10.11,13.12,9.21,-121.35,24.77,-120.51,5
-7.03,-2.68,5.00,-95.85,-15.89,30.10,-7.56,9.32,8.01,-87.19,-7.17,29.34,5
-7.06,-1.43,5.06,-122.90,-3.22,35.65,-8.77,8.79,5.23,-65.41,-9.78,85.08,5
-6.88,-0.29,4.77,-162.60,-5.97,51.00,-9.61,12.82,3.76,-75.64,-23.54,176.34,5
-7.15,1.18,5.26,-213.43,-11.43,75.38,-9.82,14.62,-1.44,-149.55,51.84,247.76,5
-9.31,2.48,2.40,-250.14,-31.53,96.16,-15.09,14.79,-8.33,-250.14,105.25,250.13,5
-11.88,1.46,-0.08,-250.14,-23.38,111.36,-14.74,12.64,-10.96,-250.14,168.55,250.13,5
-11.30,2.02,0.21,-250.14,-47.39,130.83,-14.38,13.00,-12.21,-250.14,227.85,250.13,5
-11.16,1.15,-1.32,-250.14,-43.14,141.00,-12.60,10.42,-11.40,-242.96,250.13,250.13,5
-9.80,-0.72,-2.77,-250.14,-27.34,132.69,-8.80,7.57,-6.26,-163.79,250.13,218.04,5
-7.90,-1.47,-2.20,-250.14,-41.62,125.55,-9.23,8.29,-3.34,-194.89,250.13,185.97,5
-8.36,-0.88,-1.86,-250.14,-20.99,119.15,-7.77,7.81,-2.51,-163.12,243.00,159.28,5
-9.10,-1.01,-1.80,-250.14,-22.50,116.92,-8.64,9.11,-0.13,-172.08,225.15,143.73,5
-10.01,-1.46,-0.17,-250.14,-45.61,114.02,-8.06,9.99,1.96,-155.70,189.54,139.63,5
-8.06,-0.77,0.61,-250.14,-11.95,100.98,-7.68,8.58,2.10,-145.02,175.95,151.02,5
-9.17,-0.77,-1.02,-240.69,-22.63,84.51,-7.47,7.77,2.13,-114.44,120.55,155.77,5
-9.81,0.28,1.65,-205.72,-14.73,83.79,-6.50,7.52,2.85,-78.98,85.86,136.84,5
-8.38,0.76,2.41,-169.68,-19.71,78.53,-5.16,7.70,4.73,-52.48,82.93,125.05,5
-7.85,1.20,1.37,-158.66,7.08,58.42,-5.93,7.71,4.99,-57.68,97.44,139.26,5
-7.92,0.73,1.07,-136.50,3.98,45.93,-4.55,5.93,5.22,-45.23,71.29,144.92,5
-10.68,0.73,1.24,-115.88,2.85,41.81,-3.53,6.18,5.64,-30.34,49.37,121.81,5
-7.98,-0.81,3.90,-74.60,27.99,3.34,-3.44,7.15,7.74,1.01,-4.56,101.99,5
-8.68,-0.63,3.23,-52.73,9.06,-1.66,-3.13,8.43,7.80,-12.53,-41.11,109.46,5
-8.27,-0.79,3.71,-57.05,10.38,2.05,-1.53,8.74,6.25,18.17,-56.18,95.13,5
-8.36,-2.35,2.81,-55.20,31.68,-5.33,0.33,9.79,5.72,53.88,-81.95,97.24,5
-9.68,-1.62,2.14,-23.73,17.71,-8.49,2.77,9.60,-1.35,105.88,-34.02,98.99,5
-9.56,-0.74,1.22,-24.63,11.14,-3.46,2.88,8.86,-4.28,124.15,23.02,85.05,5
-9.33,-0.93,1.40,-25.03,-9.92,9.07,2.87,7.90,-7.53,195.53,138.65,54.10,5
-8.36,-1.02,1.96,-25.40,-11.11,16.83,-1.39,7.30,-2.40,162.98,250.13,-6.34,5
-7.54,-1.00,3.97,-31.75,-28.41,-4.78,-4.36,6.52,1.68,-82.50,-59.76,-70.79,5
-9.67,-0.86,0.25,-12.33,2.09,-5.08,-3.17,6.32,5.96,-45.18,46.53,-103.67,5
-8.92,-0.01,2.05,4.46,-16.60,2.25,-1.40,6.87,3.29,-45.22,-68.24,-159.85,5
-8.46,-0.59,1.63,-8.85,-3.67,-1.12,-2.67,8.72,2.18,-53.54,-101.95,-220.15,5
-9.66,-1.04,1.49,-8.89,-19.50,3.73,-1.75,6.62,1.50,-196.32,-35.73,-230.94,5
-8.77,-0.44,1.96,-18.15,-34.47,10.45,-6.11,10.56,3.85,-228.02,72.88,-228.57,5
-8.28,-1.28,2.74,-53.12,-39.03,14.95,-6.08,4.12,5.73,-139.68,132.57,-198.24,5
-8.04,-1.31,3.51,-66.85,-50.43,26.05,-9.30,10.85,9.91,-105.97,125.10,-116.07,5
-7.57,-1.46,5.21,-102.29,-30.39,37.29,-6.34,8.95,11.18,-40.93,63.63,-5.37,5
-7.71,-1.77,4.21,-131.70,-9.10,40.60,-5.70,9.67,6.64,62.56,13.69,12.59,5
-7.90,-2.05,4.53,-140.55,-14.50,47.82,-5.78,11.96,4.10,-28.09,-20.69,71.60,5
-7.51,-1.61,3.87,-161.52,-11.22,52.80,-6.34,11.16,3.21,-116.89,-9.28,129.25,5
-7.70,0.49,3.65,-205.98,-0.36,72.79,-10.05,14.76,-3.76,-229.77,82.66,234.74,5
-10.29,2.62,3.08,-233.17,-1.21,86.69,-13.40,14.65,-6.79,-250.14,115.68,250.13,5
-11.37,1.77,1.34,-250.14,-3.30,99.76,-14.66,15.23,-7.15,-236.88,131.79,250.13,5
-11.87,0.47,-0.24,-250.14,-32.68,113.01,-15.03,13.59,-8.30,-204.52,173.58,250.13,5
-10.80,-0.17,-1.96,-250.14,-42.52,132.10,-13.52,9.14,-6.83,-152.05,250.13,250.13,5
-10.45,-0.94,-1.46,-250.14,-27.67,128.09,-11.90,7.82,-6.09,-116.89,250.13,250.13,5
-9.13,-1.10,-0.97,-250.14,-47.36,120.72,-9.48,6.35,-5.63,-85.88,250.13,224.95,5
-8.22,-0.90,-0.80,-250.14,-40.53,112.43,-7.97,7.03,-3.72,-86.33,250.13,164.97,5
-9.38,-0.16,-0.08,-250.14,-34.34,102.13,-8.79,9.40,0.18,-122.83,250.13,110.89,5
-9.67,-0.66,0.04,-250.14,-41.95,107.67,-8.22,8.83,1.65,-119.76,250.13,118.56,5
-9.17,-1.21,0.54,-250.14,-25.65,96.95,-8.19,8.41,2.88,-129.91,227.72,118.42,5
-9.29,-1.18,0.34,-250.14,-20.31,81.41,-7.04,7.20,2.88,-126.75,176.41,111.04,5
-8.62,-0.42,0.18,-205.34,2.47,60.06,-4.95,5.26,3.19,-73.23,93.27,95.09,5
-7.02,-0.17,0.39,-186.70,-26.55,62.00,-4.19,7.00,2.86,-61.93,78.06,75.22,5
-9.93,-0.29,0.43,-191.15,-0.96,54.44,-3.16,6.69,3.42,-57.49,95.28,81.15,5
-9.14,-0.65,0.31,-172.85,-41.33,58.94,-4.02,8.26,5.00,-75.15,99.01,77.97,5
-15.35,-1.71,-2.60,-157.92,-4.29,43.30,-5.30,9.05,7.03,-69.14,72.21,64.84,5
-10.21,-1.64,2.25,-125.01,-38.71,50.70,-7.14,12.22,9.72,-74.77,40.05,48.02,5
-9.57,-1.27,1.19,-124.08,31.76,34.56,-5.22,8.04,7.81,-5.69,1.60,71.94,5
-8.50,-1.80,0.93,-96.31,-17.31,22.69,-3.09,10.05,7.15,52.13,-45.27,108.60,5
-8.35,-1.83,1.18,-56.94,-10.15,13.59,-1.19,10.71,2.76,60.05,-30.76,162.40,5
-8.61,-1.42,1.04,-39.53,14.79,10.18,-1.12,10.60,1.32,82.25,-11.79,177.87,5
-8.90,-1.28,1.04,-14.60,-9.67,8.58,-0.64,9.20,-0.47,91.93,22.19,178.84,5
-8.94,-1.08,0.97,-1.35,-8.39,6.26,-0.62,7.74,-0.66,125.59,67.50,157.25,5
-9.10,-0.80,1.82,14.73,-21.66,2.49,-0.19,6.43,-2.63,139.41,198.29,28.68,5
-8.84,-0.40,2.29,8.66,-15.19,0.78,-1.43,5.54,-2.39,137.79,250.13,-35.17,5
-8.89,-0.13,-1.63,29.37,-5.51,-2.24,16.26,4.24,0.51,49.88,-102.95,-40.98,5
-8.13,-0.71,3.33,23.08,17.27,-1.80,3.58,8.89,5.37,38.26,11.69,-79.34,5
-9.15,-0.92,0.62,13.57,-10.66,-0.15,1.40,5.57,4.90,-79.04,18.14,-130.54,5
-10.17,-0.45,1.69,-17.65,-22.46,-2.60,-1.24,6.07,3.56,-54.98,-74.36,-172.76,5
-9.94,-1.17,1.72,-40.82,-20.31,4.86,-1.63,6.75,0.62,-86.43,-59.05,-219.49,5
-7.49,-1.06,2.90,-63.28,-28.49,12.17,-2.93,14.17,-1.95,-124.20,42.27,-238.05,5
-8.49,-1.42,2.00,-126.79,-32.18,36.22,-3.31,14.42,4.37,-146.92,131.69,-134.59,5
-8.67,-1.64,3.02,-155.17,-38.37,56.19,-2.63,15.98,5.48,-148.05,147.50,-50.61,5
-9.30,-1.71,3.26,-161.48,-36.12,56.24,-4.84,15.92,5.01,-182.64,136.86,55.75,5
-8.65,-1.32,3.85,-173.34,-24.53,52.81,-6.21,12.58,3.91,-216.92,124.99,136.51,5
-7.70,0.77,4.28,-210.76,-4.33,63.69,-7.61,13.26,-1.92,-203.05,107.56,195.76,5
-8.01,0.37,2.22,-244.98,1.34,75.44,-8.17,14.88,-4.89,-219.73,110.93,221.09,5
-9.29,0.93,1.31,-250.14,-0.96,89.92,-8.93,14.89,-7.18,-241.86,153.80,250.13,5
-9.64,1.36,0.57,-250.14,-24.47,108.17,-10.89,15.02,-7.08,-215.91,187.95,250.13,5
-12.46,-0.06,-2.19,-250.14,-26.71,119.34,-12.62,11.44,-4.46,-156.92,250.13,250.13,5
-12.13,-0.82,-2.52,-250.14,-17.63,122.83,-12.46,9.31,-3.55,-156.63,250.13,244.80,5
-9.08,-2.02,-2.96,-250.14,-27.90,108.52,-10.15,7.13,-1.26,-150.18,250.13,199.18,5
-6.51,-1.55,-1.73,-250.14,-24.74,92.49,-8.56,5.28,-0.58,-126.56,204.27,169.68,5
-10.99,0.16,-0.86,-250.14,-37.50,87.24,-4.28,6.10,1.66,-42.18,180.44,117.63,5
-9.87,-0.02,-0.66,-250.14,-60.03,100.97,-5.07,8.45,2.76,-66.62,216.86,91.44,5
-9.22,-0.03,1.52,-250.14,-31.12,96.18,-5.70,9.46,2.70,-115.44,250.13,93.63,5
-10.18,0.43,0.50,-250.14,-23.65,73.31,-7.17,8.57,3.30,-169.63,224.44,104.39,5
-8.79,-0.56,0.46,-210.95,3.85,50.06,-6.22,6.62,2.75,-111.92,101.31,101.47,5
-8.41,-0.76,0.87,-190.73,6.69,47.44,-5.36,5.93,3.47,-81.54,82.10,79.90,5
-8.07,-0.43,0.89,-170.78,-6.98,46.27,-5.45,6.48,4.15,-65.02,83.97,64.67,5
-8.90,-0.33,1.36,-163.34,-6.34,51.15,-5.68,7.33,3.96,-46.60,63.00,60.08,5
-9.19,0.04,1.43,-145.75,11.87,51.18,-5.68,7.33,3.96,-46.60,63.00,60.08,5
-8.34,-0.08,1.03,-122.39,9.90,47.86,-5.73,6.88,6.27,-68.79,74.24,76.59,5
-10.66,-0.95,0.63,-110.85,22.05,26.71,-4.35,5.33,5.37,-53.53,57.53,76.76,5
-9.35,-1.43,1.21,-81.53,-25.00,20.81,-5.13,6.79,6.86,-48.50,13.99,45.98,5
-9.95,-1.26,-0.03,-69.64,-10.82,17.18,-4.82,8.85,7.48,-17.61,-33.97,46.50,5
-9.10,-0.88,1.97,-46.60,-16.15,19.75,-5.00,9.08,8.93,3.47,-62.76,54.34,5
-8.74,-1.56,0.76,-56.34,9.28,4.39,-3.86,9.86,7.48,50.18,-88.92,83.44,5
-9.70,-1.70,1.65,-25.85,-18.42,-2.27,-2.57,11.05,7.50,23.85,-104.46,135.93,5
-8.34,-1.30,2.51,-9.64,-5.60,-6.04,0.65,8.02,3.71,13.78,-112.15,163.52,5
-8.77,-1.82,2.05,-10.53,-3.47,-5.24,2.34,5.51,2.03,29.71,-84.53,151.27,5
-8.91,-1.78,1.73,-1.76,-7.59,-5.63,3.15,5.33,-0.15,37.13,-40.30,118.84,5
-8.78,-1.55,1.63,13.43,-16.36,-7.25,3.42,4.95,-1.10,69.97,1.18,80.86,5
-8.58,-1.36,2.20,23.37,-24.58,-5.84,3.70,5.33,-2.15,143.85,71.41,5.69,5
-8.65,-1.52,1.97,28.59,-25.43,-3.19,3.25,6.74,-3.10,163.24,107.37,-21.80,5
-8.77,-1.09,2.30,19.02,-21.69,1.34,2.75,8.86,-3.31,193.11,185.70,-62.16,5
-8.50,-1.21,2.71,28.44,-5.72,-0.98,0.51,7.53,1.76,162.37,250.13,-113.14,5
-7.53,-0.55,6.37,-14.34,-18.17,5.89,3.33,7.70,3.74,-38.57,-19.11,-53.79,5
-8.95,0.17,2.31,-10.67,33.50,9.60,1.72,9.62,6.34,-44.79,131.23,-71.53,5
-8.79,0.07,2.39,-0.98,-8.34,15.70,0.94,5.62,5.34,-41.59,-5.47,-82.77,5
-8.81,0.37,3.14,-33.45,-16.05,13.34,0.93,9.25,3.43,-47.45,-49.79,-113.18,5
-8.95,-1.31,2.92,-59.94,-8.77,16.47,3.41,9.31,1.47,-109.89,35.73,-134.61,5
-8.39,-1.10,2.86,-63.14,-12.11,20.05,2.11,10.73,2.10,-143.86,49.12,-122.59,5
-8.29,-1.18,2.59,-84.52,-3.84,19.66,0.00,9.72,3.04,-134.52,91.71,-88.66,5
-8.44,-1.06,2.53,-92.43,-12.08,26.38,-1.98,12.27,5.05,-148.10,105.69,-31.46,5
-7.25,-0.42,4.66,-158.47,-0.48,35.34,-1.65,10.51,4.04,-49.39,104.28,58.31,5
-8.85,-0.14,4.35,-182.26,10.71,45.18,-1.56,13.35,3.14,-79.63,120.98,93.67,5
-8.46,1.57,3.52,-195.62,-8.50,61.57,-4.08,15.50,2.90,-131.78,151.43,165.11,5
-9.54,1.83,2.61,-229.61,10.49,59.93,-7.42,14.11,1.56,-133.54,173.15,249.82,5
-10.22,1.66,0.19,-250.14,-13.66,84.54,-9.92,12.21,-0.60,-158.62,219.33,250.13,5
-9.33,1.57,-1.22,-250.14,-12.77,98.79,-9.83,10.47,-1.83,-167.58,236.67,250.13,5
-8.63,0.81,-2.09,-250.14,0.43,101.65,-7.82,6.93,-0.28,-168.44,249.15,250.13,5
-10.84,0.67,-2.39,-250.14,0.82,109.63,-6.02,9.33,0.32,-200.53,223.99,224.27,5
-12.18,0.52,-1.78,-250.14,28.97,96.44,-6.39,13.23,0.60,-213.31,245.66,200.05,5
-13.38,-0.58,-2.85,-250.14,-11.20,82.29,-8.68,10.97,1.52,-168.20,200.22,187.11,5
-10.43,-0.93,-2.26,-250.14,-20.57,80.11,-10.48,8.27,2.78,-136.76,140.86,153.92,5
-5.90,-1.46,-0.71,-203.47,-33.66,69.27,-9.03,4.56,3.24,-75.89,79.73,143.59,5
-8.60,3.76,-0.74,-206.44,49.66,24.68,-3.65,3.29,3.42,-6.11,57.76,142.00,5
-7.73,1.31,-0.11,-250.14,-16.61,37.39,-2.24,5.96,3.51,-3.62,106.69,120.58,5
-10.49,2.56,0.07,-242.37,-19.86,73.75,-2.90,8.72,5.09,-52.69,148.84,120.66,5
-8.10,0.75,2.05,-245.41,-11.62,57.15,-5.46,9.48,5.40,-105.92,164.98,141.64,5
-9.95,1.36,0.93,-196.20,19.26,59.61,-6.53,7.74,5.84,-116.67,93.96,144.57,5
-10.33,0.69,-1.30,-192.90,-6.89,47.99,-5.95,6.74,4.98,-89.64,107.12,130.95,5
-9.53,-0.01,0.77,-165.57,7.25,48.15,-5.10,6.13,5.00,-70.89,88.73,110.97,5
-9.25,0.88,0.11,-151.19,0.98,41.08,-5.27,5.77,4.47,-64.92,66.40,85.62,5
-7.99,1.55,1.31,-145.65,13.82,38.08,-4.60,5.37,4.93,-31.04,76.13,74.25,5
-9.39,0.96,1.22,-140.39,-3.07,37.85,-4.88,5.51,5.09,-26.21,85.34,60.88,5
-10.18,-0.01,1.17,-125.47,0.88,37.12,-6.17,5.82,5.65,-15.84,74.34,38.42,5
-9.31,-0.38,2.03,-104.15,1.65,24.77,-6.59,7.41,6.88,-42.19,73.98,38.40,5
-8.68,-0.61,2.33,-63.48,0.53,3.02,-5.52,5.38,5.87,-7.27,39.47,40.36,5
-8.29,-0.41,2.67,-59.02,3.27,1.72,-5.15,5.55,5.89,6.65,13.21,25.60,5
-8.32,-1.22,2.45,-54.69,0.18,0.33,-4.73,6.50,6.12,17.18,-22.44,12.95,5
-8.68,-1.70,2.25,-46.09,-0.31,-2.28,-4.78,7.32,7.86,11.60,-50.18,13.68,5
-8.41,-1.87,1.77,-16.18,-0.42,-9.26,-4.05,9.97,8.22,35.09,-105.47,49.72,5
-8.94,-2.22,2.17,-7.89,6.47,-12.02,-2.76,10.37,5.93,66.25,-119.02,78.11,5
-9.54,-2.10,2.12,8.49,3.28,-15.24,-1.53,9.82,4.32,62.44,-97.53,108.56,5
-9.14,-1.62,1.80,16.67,-11.27,-11.62,-0.19,9.77,2.30,72.84,-71.53,125.37,5
-8.70,-1.05,2.30,11.85,-16.42,2.36,1.78,7.04,-0.96,99.27,18.88,96.69,5
-8.89,-1.36,2.26,8.96,-20.29,2.71,1.99,6.20,-3.26,98.65,62.60,63.01,5
-9.26,-1.08,1.94,10.15,-19.12,-4.08,1.76,7.59,-4.90,135.36,149.78,16.32,5
-8.54,-0.50,2.83,1.85,-16.74,-4.03,-1.44,7.55,-0.92,102.95,222.92,-20.60,5
-8.05,-0.85,3.96,-27.50,-1.58,-7.02,-3.50,5.05,-1.61,-29.05,-20.48,-117.32,5
-8.64,-0.85,2.46,13.66,13.85,-1.37,-1.53,4.00,4.12,-6.92,35.27,-140.62,5
-8.07,-0.71,3.57,0.09,5.97,-1.50,-4.97,7.88,3.68,-40.92,-90.34,-186.63,5
-8.96,-0.81,2.23,-14.26,2.69,3.53,-6.78,7.44,-0.43,-71.59,-68.02,-244.40,5
-8.83,-0.99,2.75,-16.95,9.82,4.12,-8.10,8.90,2.99,-146.69,-28.19,-250.14,5
-8.75,-0.47,2.18,-9.18,-3.05,1.86,-9.88,7.86,4.04,-109.55,11.66,-231.83,5
-9.09,-0.70,1.96,-2.82,-4.27,5.11,-9.05,9.21,7.46,-65.79,1.40,-185.05,5
-8.92,-0.06,2.78,-21.88,-9.37,2.82,-8.04,8.81,7.90,-22.69,3.44,-125.56,5
-8.49,-0.27,2.99,-45.59,-19.44,5.72,-5.49,8.20,7.80,-81.22,-19.82,1.87,5
-8.16,-0.80,3.68,-61.71,-17.95,10.45,-6.07,8.71,6.61,-91.37,-3.90,26.01,5
-7.73,-1.00,3.95,-86.34,-18.24,18.91,-5.87,8.90,5.96,-62.46,-34.04,67.06,5
-7.91,-1.23,3.33,-112.95,-10.54,25.31,-6.96,9.65,4.18,-65.21,-15.31,110.04,5
-7.85,-1.09,2.62,-159.78,-3.95,37.26,-7.64,11.66,-0.46,-98.95,26.93,197.49,5
-8.94,-0.47,2.31,-186.33,-6.51,41.89,-6.97,12.40,-3.08,-121.90,68.91,237.94,5
-9.43,0.53,3.34,-220.15,-30.86,53.22,-9.32,15.63,-5.53,-198.09,148.35,250.13,5
-9.60,1.55,2.75,-250.14,-32.63,74.35,-12.41,17.15,-8.45,-224.46,201.75,250.13,5
-10.92,1.22,-1.19,-250.14,-23.93,93.37,-14.05,15.10,-10.00,-207.46,241.53,250.13,5
-11.67,1.32,-1.53,-250.14,-42.15,102.59,-13.69,12.90,-9.40,-215.63,250.13,250.13,5
-12.36,0.34,-3.87,-250.14,-43.07,104.41,-14.03,10.56,-6.63,-214.09,250.13,250.13,5
-11.86,-1.69,-5.25,-250.14,-62.80,105.10,-14.86,10.22,-4.31,-202.57,250.13,250.13,5
-8.17,-3.75,-3.99,-250.14,-63.60,109.19,-10.39,7.30,1.27,-112.27,203.95,205.39,5
-7.19,-2.80,-2.60,-250.14,-32.27,99.13,-8.04,5.68,1.92,-88.21,184.20,182.84,5
-9.15,-1.48,-2.65,-250.14,-29.12,97.90,-6.94,5.73,3.10,-75.23,175.17,158.00,5
-10.56,-2.24,-0.92,-250.14,-80.64,101.40,-6.94,5.73,3.10,-75.23,175.17,158.00,5
-9.26,-0.99,1.31,-250.14,-27.10,87.01,-6.68,7.43,4.07,-104.27,174.50,101.23,5
-9.19,-0.47,0.50,-235.05,-37.37,80.51,-6.37,7.59,4.13,-118.08,155.05,100.31,5
-8.26,-0.43,1.30,-214.76,-18.31,76.25,-6.00,7.05,4.33,-109.73,130.25,108.47,5
-8.33,0.11,1.33,-193.08,-16.66,67.92,-5.82,7.19,3.70,-106.18,134.11,116.22,5
-8.76,0.39,1.61,-156.45,-19.69,63.31,-5.94,6.46,4.34,-83.40,90.60,96.04,5
-9.92,-0.19,2.27,-153.54,7.40,51.11,-6.96,5.73,4.44,-68.72,77.50,94.73,5
-9.85,-1.44,2.48,-118.89,-22.31,45.40,-7.91,6.41,5.28,-69.10,65.48,73.68,5
-6.91,-1.14,2.44,-98.27,3.26,33.40,-7.88,5.88,4.90,-47.05,45.64,68.86,5
-8.49,-1.35,3.59,-55.42,13.34,15.35,-5.61,5.50,6.67,-24.80,-24.22,29.35,5
-8.83,-1.30,2.18,-45.08,14.11,12.05,-5.24,6.61,8.89,-5.58,-46.15,21.40,5
-8.27,-0.64,2.65,-32.53,9.61,10.43,-5.25,7.22,8.55,28.44,-93.27,28.44,5
-8.71,-1.19,2.58,-35.00,13.93,6.50,-3.38,8.81,7.18,55.44,-112.67,53.68,5
-8.84,-1.34,2.13,-12.40,10.45,0.24,-0.65,9.62,1.34,71.27,-42.17,99.84,5
-8.58,-1.26,1.97,-7.64,6.27,-2.98,-0.25,9.94,-0.45,108.72,-2.93,122.97,5
-9.05,-1.23,1.89,-2.09,-2.06,-2.69,-0.24,8.95,-1.21,120.08,43.56,126.10,5
-9.29,-1.31,1.87,8.74,-17.19,-1.44,0.22,8.62,-1.84,159.42,96.03,107.83,5
-8.97,-1.06,2.01,5.74,-22.61,1.69,-1.03,7.62,-1.69,120.92,199.84,20.17,5
-8.71,-0.84,2.71,-1.66,-13.84,1.79,-3.23,7.96,-3.66,120.70,250.13,-14.83,5
-10.22,-0.82,0.09,9.22,-10.67,-2.31,5.22,-3.00,-1.11,82.41,-201.79,31.25,5
-8.20,-1.25,4.26,12.59,-3.38,1.44,2.02,5.29,-0.70,16.44,-1.66,-43.08,5
-8.22,-0.13,2.91,9.43,4.90,2.94,1.37,8.48,2.80,-39.66,50.08,-58.56,5
-9.22,0.03,1.86,-15.30,-4.41,2.87,-0.07,9.95,2.42,-12.73,-30.11,-55.69,5
-8.78,0.51,3.43,-27.40,-15.95,10.13,-0.21,5.47,3.23,-19.56,-41.73,-91.75,5
-8.60,-0.38,3.08,-51.62,-7.83,16.82,-0.52,5.64,3.55,-83.50,-22.62,-151.26,5
-8.56,-0.68,3.59,-88.62,-5.42,27.68,-3.20,10.41,-1.36,-81.18,16.98,-173.60,5
-8.73,-1.02,2.56,-92.99,-16.36,33.43,-5.04,12.01,-0.33,-124.55,93.01,-152.01,5
-8.02,-1.39,3.37,-114.68,-9.97,38.13,-4.68,13.32,4.33,-150.79,129.47,-88.73,5
-8.80,-2.06,3.39,-116.22,-1.92,40.47,-3.87,12.23,4.81,-86.18,89.32,-16.51,5
-7.81,-1.03,3.49,-146.94,6.77,45.70,-2.51,11.93,0.91,-105.44,92.47,92.70,5
-8.82,-0.20,3.33,-172.18,13.96,42.18,-2.51,12.51,-1.51,-123.55,116.83,120.95,5
-8.53,1.24,3.30,-217.93,6.54,44.46,-4.04,13.34,-3.34,-153.79,143.11,162.15,5
-8.36,2.03,1.64,-250.14,5.11,49.70,-6.45,13.59,-4.77,-169.11,195.98,198.87,5
-11.44,1.90,-1.28,-250.14,24.66,78.31,-10.52,13.83,-11.17,-122.87,250.13,223.76,5
-11.92,1.17,-1.31,-250.14,-39.71,91.43,-13.67,12.24,-10.66,-166.33,250.13,233.89,5
-11.46,0.17,-1.68,-250.14,-34.05,104.57,-13.77,9.70,-8.49,-154.73,250.13,226.71,5
-10.72,0.38,-1.60,-250.14,-32.94,109.94,-11.87,7.92,-6.22,-114.87,250.13,190.42,5
-9.36,-0.80,-2.84,-250.14,-19.20,90.11,-8.87,7.11,-2.87,-149.27,250.13,106.08,5
-5.30,-0.34,-2.17,-250.14,-21.82,77.26,-6.84,5.78,-1.26,-152.92,250.13,107.48,5
-4.00,0.36,-2.89,-250.14,6.86,69.74,-3.27,5.45,-0.74,-118.61,234.31,128.65,5
-8.91,0.94,-4.31,-250.14,15.75,74.37,-2.29,6.95,-0.40,-86.70,210.20,130.31,5
-13.81,-1.61,-0.53,-250.14,-81.74,92.68,-6.05,10.65,1.67,-92.12,250.13,69.09,5
-12.67,-1.23,0.46,-250.14,-23.87,78.60,-7.14,13.27,3.08,-152.53,250.13,59.34,5
-10.90,0.13,-0.28,-245.95,-33.56,77.05,-9.22,10.89,4.23,-192.53,217.72,81.40,5
-7.85,-0.51,-1.19,-225.63,5.44,63.83,-5.95,5.76,3.84,-116.53,146.55,110.14,5
-8.39,0.71,0.38,-171.60,9.57,40.51,-3.48,5.61,3.89,-84.69,106.78,80.50,5
-9.51,0.89,0.71,-164.63,-18.19,45.16,-3.38,7.08,3.50,-62.05,97.20,56.46,5
-10.69,-0.67,2.25,-155.96,-7.66,43.89,-5.98,9.44,5.18,-47.21,80.82,47.39,5
-8.78,-0.83,2.77,-118.50,-3.30,38.38,-6.49,9.84,4.88,-50.50,77.50,65.96,5
-8.00,-1.74,3.71,-78.84,-14.56,26.40,-5.67,6.57,3.34,-52.02,56.42,72.37,5
-8.19,-1.12,3.39,-89.56,9.67,16.40,-5.27,6.33,2.96,-39.71,27.40,54.92,5
-9.39,-2.28,2.28,-64.31,9.70,11.77,-5.23,7.69,4.17,-33.33,6.08,38.39,5
-8.42,-1.22,2.12,-36.92,5.56,3.51,-4.97,8.60,5.45,21.89,-54.04,35.85,5
-9.06,-1.46,1.58,-16.09,-4.40,-5.21,-2.11,8.88,3.94,95.98,-33.14,64.60,5
-9.46,-0.99,1.99,-14.44,1.15,-8.99,-1.41,10.05,2.72,110.58,-23.23,73.81,5
-8.89,-1.39,1.63,-8.43,-3.85,-8.63,-0.50,10.09,1.26,143.75,10.18,79.08,5
-8.88,-1.70,1.81,-8.32,0.16,-10.08,0.19,9.49,0.37,111.50,41.66,84.31,5
-8.99,-1.16,1.46,5.36,-15.42,-9.79,-0.07,9.00,-2.62,115.06,103.08,56.56,5
-9.47,-1.08,2.07,-3.04,3.36,-10.46,-0.91,9.09,-1.65,85.37,146.51,32.24,5
-8.87,-1.13,1.33,-3.62,-15.80,-3.51,-1.58,6.33,-19.62,26.78,233.37,-3.47,5
-7.60,-0.96,1.16,5.19,4.98,-15.56,2.64,3.43,0.87,14.05,3.44,-21.06,5
-8.43,-0.71,2.96,18.72,-7.08,-13.93,-2.29,6.68,3.43,-28.45,-115.05,-87.25,5
-9.12,-0.02,1.70,1.68,9.66,-6.41,-3.26,4.64,3.91,-54.34,-72.29,-122.10,5
-9.56,-0.52,0.84,-10.76,-19.88,3.27,-5.56,8.83,0.41,-70.38,-118.11,-183.92,5
-9.32,-0.95,1.25,-35.18,-30.60,12.11,-6.16,9.48,-2.38,-98.11,-82.55,-195.05,5
-7.98,-1.40,2.69,-61.79,-47.27,25.60,-5.58,7.73,5.71,-167.88,62.44,-173.56,5
-7.49,-2.36,3.89,-80.03,-40.97,27.79,-5.04,6.04,5.05,-60.40,88.79,-168.11,5
-7.82,-2.21,4.30,-75.61,-28.31,31.02,-7.37,9.24,6.09,-96.10,84.23,-129.50,5
-8.09,-2.45,4.05,-82.78,-16.40,33.85,-8.61,8.07,6.74,-145.40,73.15,-70.63,5
-7.48,-1.84,4.48,-107.50,-11.05,38.69,-7.70,6.41,5.89,-103.53,36.44,18.03,5
-7.37,-1.72,4.55,-131.02,-0.88,43.02,-7.36,8.39,5.69,-61.47,-28.28,71.19,5
-8.35,-1.67,4.30,-134.76,9.33,48.31,-7.35,9.43,4.36,-106.50,-6.53,112.70,5
-9.07,-0.90,3.81,-139.47,15.21,44.50,-9.85,10.17,3.36,-133.06,-17.20,148.20,5
-8.73,0.30,2.61,-160.46,13.60,35.59,-9.77,9.32,0.62,-131.37,-11.06,211.92,5
-8.41,0.52,1.95,-183.18,-3.67,38.74,-9.40,9.12,-1.86,-180.92,36.99,226.71,5
-8.93,0.16,1.40,-208.50,-10.66,50.02,-10.48,10.30,-2.96,-216.92,60.65,234.63,5
-9.22,0.09,1.37,-220.63,-27.08,54.79,-12.26,10.36,-2.83,-218.27,76.57,250.13,5
-10.78,0.04,-0.84,-250.14,-35.16,81.36,-11.15,11.01,-3.17,-138.85,124.15,250.13,5
-9.91,-0.19,0.30,-250.14,-42.05,92.20,-11.45,11.58,-2.34,-143.92,188.87,250.13,5
-11.55,-0.80,-1.40,-250.14,-12.21,89.97,-11.89,10.49,-2.86,-126.27,240.44,250.13,5
-10.85,-1.27,-1.90,-250.14,-29.98,88.04,-14.69,9.27,-0.89,-131.22,250.13,250.13,5
-3.78,-0.81,0.47,-221.74,-23.29,97.47,-8.20,0.90,8.57,-65.66,134.79,157.33,5
-5.59,1.09,0.17,-231.48,13.34,89.01,-1.92,1.90,8.29,-64.76,87.68,136.46,5
-10.01,3.93,-0.94,-250.14,41.21,72.69,-1.60,6.33,4.24,-94.08,176.85,101.28,5
-10.40,1.36,-0.88,-250.14,-49.20,109.89,-1.60,10.08,4.28,-147.52,221.89,121.28,5
-11.58,3.00,-1.06,-236.88,4.20,59.97,-5.65,9.80,3.58,-147.48,131.18,140.98,5
-10.44,0.59,-0.41,-234.34,-7.11,54.21,-6.82,7.77,2.62,-76.16,96.21,137.69,5
-9.38,0.75,0.93,-193.10,-1.21,45.88,-6.27,7.87,4.23,-73.00,113.49,132.89,5
-8.28,0.87,1.16,-170.26,2.84,39.30,-7.42,5.65,4.17,-61.44,105.78,126.96,5
-8.37,0.60,0.15,-168.44,18.09,29.69,-4.96,5.12,4.78,-30.69,77.95,104.86,5
-9.47,0.57,0.63,-159.47,4.15,30.97,-4.71,5.71,5.25,-23.94,76.08,91.15,5
-9.51,0.53,1.13,-159.73,1.98,36.78,-5.30,7.06,5.79,-31.69,101.85,78.20,5
-9.49,-0.82,1.60,-138.22,-4.58,36.44,-5.31,7.43,6.45,-27.24,101.64,85.73,5
-8.79,-1.38,1.90,-79.14,-13.85,26.56,-5.49,8.30,7.90,-42.95,36.73,58.46,5
-8.72,-1.10,0.70,-79.45,7.11,19.72,-4.71,7.60,6.37,-13.85,4.15,68.38,5
-9.78,-1.69,0.85,-61.49,1.53,16.85,-2.35,8.62,5.42,8.03,-6.67,75.72,5
-9.39,-1.18,1.79,-43.32,-1.50,9.53,-2.56,9.16,4.46,29.69,-17.46,70.92,5
-8.56,-0.80,1.65,-21.09,-8.43,-0.60,-1.72,9.33,2.03,80.26,-2.77,91.71,5
-8.98,-0.89,1.41,-14.40,3.77,-4.13,-2.06,9.57,1.99,71.28,17.68,90.40,5
-9.17,-0.85,1.03,-4.24,-12.61,-1.37,-3.09,7.94,1.57,78.52,35.15,83.37,5
-8.95,-1.22,1.67,1.25,-18.05,2.18,-1.04,7.30,0.96,89.73,63.76,53.58,5
-8.83,-0.49,2.34,17.32,-15.37,-3.80,1.65,8.71,-1.42,98.88,103.37,16.31,5
-8.62,-0.16,2.22,9.45,-13.54,-7.61,0.41,9.50,-2.60,96.95,154.83,1.04,5
-9.82,-0.71,1.41,6.49,-15.94,-8.39,-8.81,6.57,11.59,73.43,-60.31,8.10,5
-7.61,-0.78,4.53,15.22,-25.29,-8.90,0.76,6.40,-0.85,-39.24,-26.28,-36.10,5
-8.45,0.37,2.73,0.56,0.64,5.02,-2.27,7.65,1.30,-37.18,-33.01,-47.69,5
-9.06,0.15,2.31,-15.89,-1.18,9.05,-2.15,7.55,3.87,-54.46,-41.44,-85.86,5
-8.76,0.15,3.34,-41.78,-7.08,10.45,-1.77,7.66,1.63,-77.05,-28.33,-122.62,5
-8.63,0.10,2.14,-61.82,-17.86,15.40,-1.92,9.10,0.43,-131.88,2.98,-133.12,5
-8.36,-1.26,2.57,-104.57,-19.98,21.14,-3.34,7.72,3.19,-112.50,70.25,-111.55,5
-8.52,-1.97,3.36,-111.73,-28.31,27.06,-3.74,9.00,4.38,-55.93,88.43,-102.47,5
-8.29,-2.02,4.48,-122.95,-26.31,36.32,-4.46,10.61,3.66,-60.10,81.86,-99.69,5
-8.28,-2.27,4.09,-134.48,-17.51,45.27,-5.53,9.65,4.29,-113.94,78.00,-78.84,5
-7.95,-1.94,3.70,-144.24,-3.21,54.40,-5.84,6.91,4.91,-152.74,78.89,-52.22,5
-7.45,-1.74,3.71,-153.73,-4.39,61.56,-7.93,10.01,6.50,-209.65,52.31,-25.08,5
-8.00,-1.00,3.36,-165.11,3.31,65.43,-10.72,8.07,5.59,-250.14,17.22,19.14,5
-8.86,-0.34,4.73,-153.63,4.84,65.19,-9.77,8.74,5.90,-223.81,-8.07,66.62,5
-8.60,0.94,2.94,-154.11,16.19,57.54,-10.02,6.02,2.35,-202.05,-34.60,141.60,5
-10.19,1.23,2.25,-174.96,1.97,66.85,-9.23,6.51,0.16,-201.05,-3.27,145.66,5
-9.30,1.82,1.93,-206.67,-4.17,66.95,-8.46,7.12,-0.29,-199.47,16.56,134.15,5
-7.53,2.39,0.87,-241.80,-1.32,77.94,-8.61,8.04,0.66,-210.50,37.21,134.03,5
-10.59,2.49,-1.62,-250.14,-5.44,74.51,-11.32,12.78,-1.72,-250.14,65.11,237.53,5
-11.35,-0.28,-3.08,-250.14,-21.21,72.11,-15.27,11.50,-1.97,-250.14,80.53,250.13,5
-13.63,-2.26,-3.88,-250.14,-18.76,67.37,-19.08,9.02,-1.96,-250.14,71.34,250.13,5
-11.73,-1.95,-2.60,-250.14,-22.54,74.55,-16.50,5.52,-0.97,-243.43,38.98,241.78,5
-5.91,-2.28,-2.10,-248.12,-20.63,66.24,-8.40,2.24,-0.20,-110.86,55.78,205.59,5
-6.66,-0.93,-0.54,-224.36,-14.20,60.19,-6.86,2.71,1.77,-86.98,49.70,183.34,5
-6.99,-0.38,-0.80,-214.15,-10.73,52.31,-5.90,3.45,2.88,-63.31,43.08,163.50,5
-8.53,0.51,-1.20,-196.21,-0.18,39.08,-5.66,4.76,4.38,-19.24,58.46,149.91,5
-10.85,0.85,0.01,-152.55,-40.78,31.18,-4.79,5.50,3.26,16.42,48.92,110.78,5
-8.38,0.95,0.83,-144.64,-28.26,32.99,-3.67,5.55,5.51,2.24,49.74,85.24,5
-10.41,0.70,-0.81,-173.50,22.53,30.81,-2.92,6.82,4.89,-22.17,78.98,60.30,5
-8.54,1.03,0.58,-146.16,-9.57,36.54,-3.73,7.23,6.61,-57.73,104.72,45.25,5
-10.64,-2.69,-0.96,-140.48,-45.43,31.45,-6.94,10.43,6.32,-104.88,138.32,56.18,5
-10.24,-1.26,1.88,-143.82,15.04,19.01,-6.91,7.43,4.59,-87.12,127.51,69.58,5
-8.94,-2.22,1.05,-101.95,-19.90,18.15,-5.66,7.20,4.85,-51.24,78.84,74.73,5
-9.27,-1.66,1.49,-100.82,-0.14,7.18,-4.67,6.99,4.45,-46.05,40.70,63.82,5
-9.40,-1.54,1.42,-89.18,-2.60,11.01,-4.13,10.24,3.68,8.38,30.55,91.81,5
-8.39,-1.40,2.26,-68.02,-28.95,15.21,-4.29,13.51,3.73,55.72,33.65,137.24,5
-8.26,-1.23,1.36,-65.36,-1.02,10.53,-4.06,12.53,2.61,147.73,48.05,182.48,5
-8.85,-1.28,1.51,-51.27,-11.53,9.22,-3.41,12.16,2.70,118.82,49.86,216.15,5
-9.23,-1.43,1.48,-26.66,-10.32,11.80,-2.34,7.07,-4.83,67.69,163.48,175.00,5
-8.75,-1.32,1.25,-26.34,-7.60,14.89,-2.68,6.33,-5.90,3.21,250.13,124.12,5
-8.69,-1.05,0.28,-9.79,-0.64,11.31,-18.28,7.42,-7.87,96.52,190.69,152.12,5
-8.40,-1.39,3.28,-39.92,-8.08,-2.01,-0.73,5.22,5.55,-214.73,-54.45,30.51,5
-8.88,-1.14,2.53,12.43,-7.73,-2.05,5.72,4.81,4.79,16.47,-36.78,-17.60,5
-9.23,-0.63,0.63,5.17,-5.49,-7.10,4.71,6.66,4.27,28.07,-21.89,-34.01,5
-9.26,-0.33,1.29,12.13,-5.21,-4.80,3.66,7.46,3.95,6.42,-3.05,-47.65,5
-9.65,-0.19,1.64,2.01,9.60,-4.42,2.35,7.11,4.95,1.76,-25.22,-58.15,5
-8.90,-0.09,1.60,-14.21,-4.69,0.88,0.71,3.94,6.19,-31.78,-49.14,-151.09,5
-8.82,-0.23,0.84,-21.66,6.42,4.52,-0.40,4.98,5.78,-66.40,-70.56,-201.79,5
-8.78,-0.44,1.64,-35.73,-9.44,10.06,0.39,5.92,3.31,-97.38,-21.83,-239.50,5
-9.65,-0.75,1.20,-52.10,-9.25,21.26,-2.59,7.75,0.11,-112.23,52.98,-250.14,5
-8.90,-1.03,1.54,-98.73,-17.59,29.09,-6.14,10.30,7.45,-123.88,142.84,-230.98,5
-8.96,-1.75,1.50,-116.18,-39.18,27.58,-8.10,12.83,6.77,-82.98,126.55,-153.34,5
-7.83,-2.72,4.73,-131.73,-20.10,31.78,-7.76,8.72,4.79,-28.68,105.92,-91.02,5
-8.15,-2.25,2.61,-152.11,20.18,28.01,-11.51,16.54,5.92,-74.11,43.50,-19.54,5
-10.21,-0.57,1.77,-184.02,0.11,62.11,-6.05,10.67,3.05,-162.79,38.72,111.06,5
-9.90,0.10,2.03,-190.21,-11.27,55.53,-7.50,10.41,1.95,-204.63,28.27,133.92,5
-7.95,1.05,1.34,-204.63,0.88,41.02,-8.76,8.11,-0.87,-250.14,30.81,160.47,5
-8.80,0.76,1.74,-209.65,-18.11,40.06,-8.77,8.57,-6.34,-250.14,38.63,189.18,5
-9.34,0.44,2.03,-250.14,-13.42,94.82,-11.52,12.90,-2.51,-250.14,118.47,249.53,5
-9.68,0.89,1.52,-250.14,-17.07,101.05,-9.89,13.55,-3.49,-249.31,120.50,250.13,5
-10.34,1.48,0.92,-250.14,3.00,103.37,-9.36,12.46,-3.73,-236.03,104.15,250.13,5
-12.08,1.02,-0.59,-250.14,8.85,93.44,-9.36,12.46,-3.73,-236.03,104.15,250.13,5
-9.41,-0.07,-1.77,-250.14,-15.80,90.60,-12.19,7.73,-3.28,-177.45,170.65,214.17,5
-5.82,-0.36,-0.99,-250.14,-36.75,91.87,-10.10,3.90,-1.02,-152.74,149.33,193.08,5
-7.52,1.65,-0.12,-250.14,14.01,74.64,-7.89,4.76,-0.74,-120.16,94.46,166.89,5
-10.24,1.71,-3.07,-250.14,0.12,64.24,-7.62,4.75,2.13,-84.43,104.60,143.22,5
-9.73,0.83,-0.71,-250.14,-42.25,104.98,-7.62,4.75,2.13,-84.43,104.60,143.22,5
-10.40,0.60,0.92,-250.14,-16.88,91.24,-6.98,7.50,3.47,-138.40,190.01,122.47,5
-10.08,0.35,-1.69,-250.14,-18.67,74.81,-5.97,7.53,3.94,-150.67,147.49,117.35,5
-8.08,0.03,0.53,-217.85,5.76,66.96,-7.07,6.82,4.29,-133.34,79.37,98.24,5
-7.45,-0.39,0.84,-156.37,8.83,35.06,-6.35,6.12,3.66,-59.34,29.31,105.71,5
-9.24,-1.09,1.03,-145.55,9.00,36.59,-6.79,6.55,2.69,-43.72,17.94,80.45,5
-12.62,-2.06,2.39,-119.55,25.75,31.27,-6.84,7.22,3.28,-9.66,4.90,67.05,5
-11.04,-1.76,2.02,-118.87,-4.63,28.09,-7.05,8.81,5.15,-30.91,17.92,45.37,5
-8.63,-1.21,0.53,-108.34,19.46,28.48,-4.03,6.37,6.69,-26.92,49.34,60.73,5
-10.21,-1.21,-0.19,-73.49,13.56,19.72,-3.20,6.73,6.57,-21.30,1.05,56.98,5
-8.78,-0.82,1.23,-68.98,7.86,12.53,-2.38,7.91,5.97,12.27,-22.00,54.60,5
-9.12,-0.81,0.59,-44.88,-11.99,4.41,-1.89,9.83,3.12,43.46,-8.18,79.45,5
-9.24,-1.15,0.74,-22.89,-16.71,-1.44,-2.73,11.78,0.20,73.56,68.36,131.13,5
-8.75,-1.14,1.86,-17.11,-21.33,0.84,-4.01,10.61,-1.49,92.61,91.02,135.69,5
-8.81,-1.11,1.53,-20.23,-16.11,5.78,-3.79,10.64,0.67,69.26,113.16,131.68,5
-8.97,-1.04,1.52,-19.80,-17.93,8.79,-5.13,10.31,-0.66,98.70,166.84,120.84,5
-8.84,-1.06,1.68,-12.46,-3.95,16.49,-4.72,7.48,0.51,1.81,250.13,63.88,5
-8.67,0.40,0.45,-5.60,-11.78,9.93,9.86,0.41,-0.97,63.31,-74.27,23.53,5
-8.47,-1.04,3.07,-3.30,4.63,4.63,1.03,6.29,-0.11,-7.83,50.42,-17.85,5
-9.27,-0.22,2.18,-8.97,-8.18,3.53,1.49,6.14,3.22,-6.60,-30.27,-22.31,5
-9.51,0.25,0.72,-11.83,-10.66,2.86,-0.59,6.91,3.78,-21.30,-10.76,-59.30,5
-9.23,0.00,1.20,-34.60,-13.43,2.38,-0.31,6.73,3.65,-24.02,-6.63,-84.25,5
-8.68,-0.51,1.63,-52.05,-11.38,8.64,-0.19,7.54,3.56,-33.08,-31.92,-126.94,5
-8.19,-1.68,2.00,-72.66,-21.48,14.22,0.44,8.96,-0.13,-66.27,4.66,-151.83,5
-8.09,-1.87,2.51,-86.64,-10.40,20.63,-0.43,14.26,2.64,-102.71,76.69,-104.33,5
-8.44,-2.00,3.19,-113.29,-7.55,18.88,0.34,14.02,3.07,-98.85,90.37,-42.03,5
-7.94,-1.40,4.31,-134.47,-4.99,26.06,0.64,13.29,3.63,-103.21,79.50,22.14,5
-8.42,-0.13,5.31,-157.24,-1.27,36.63,-0.74,14.04,1.09,-145.24,124.21,97.98,5
-9.05,1.87,1.73,-222.20,5.61,56.64,-4.40,11.08,0.26,-138.71,159.59,217.36,5
-9.71,1.13,1.25,-228.19,-20.91,62.95,-4.78,10.95,-0.04,-142.60,178.53,230.33,5
-9.16,1.49,1.38,-250.14,-12.15,70.52,-5.39,12.16,-1.77,-169.34,202.98,230.65,5
-10.15,0.85,-0.61,-250.14,-8.85,79.57,-6.04,14.41,-2.75,-169.26,224.24,234.85,5
-10.08,-0.01,-0.92,-250.14,-20.70,94.95,-7.52,15.58,-3.57,-146.03,242.85,250.13,5
-10.17,0.33,-1.69,-250.14,-28.93,99.80,-7.76,14.20,-2.91,-122.17,245.81,250.13,5
-10.32,0.03,-2.13,-250.14,-10.71,98.31,-9.96,13.00,-0.84,-119.24,249.08,250.13,5
-10.28,0.27,-1.81,-250.14,-31.84,100.71,-10.02,10.55,-0.18,-101.27,236.40,250.13,5
-9.25,-0.57,-1.19,-250.14,-26.80,96.96,-8.75,6.34,1.14,-62.56,199.11,192.56,5
-8.48,-0.45,-0.57,-250.14,-15.57,87.00,-8.04,4.69,3.11,-53.92,178.21,142.91,5
-9.19,-0.04,-0.47,-250.14,-30.00,81.33,-6.04,3.49,3.25,-27.94,155.47,81.11,5
-10.13,0.95,-0.19,-250.14,-17.11,76.50,-5.88,5.28,4.93,-39.43,138.58,27.34,5
-9.34,-0.41,-0.14,-235.05,-18.31,61.69,-4.86,7.38,6.32,-55.62,140.08,20.10,5
-8.77,-0.60,0.45,-208.53,-9.64,47.84,-4.87,8.59,5.54,-87.89,132.00,45.08,5
-7.69,-0.91,0.92,-192.47,-2.55,42.92,-4.53,7.01,5.46,-102.32,105.32,63.17,5
-9.32,-0.73,0.44,-177.02,-4.08,43.42,-5.19,6.72,4.58,-74.62,89.53,67.15,5
-8.02,-0.22,0.72,-144.73,-2.01,48.48,-5.69,6.59,3.99,-66.15,71.08,66.30,5
-6.28,-0.49,1.70,-127.05,6.34,47.76,-5.72,6.52,5.16,-85.46,65.60,87.06,5
-11.58,-1.94,1.04,-116.64,58.63,19.53,-6.17,5.91,4.45,-79.60,53.28,100.03,5
-10.08,-3.26,4.44,-106.59,-15.69,14.27,-7.49,6.50,4.01,-63.24,30.44,65.93,5
-10.21,-2.55,1.84,-86.87,3.00,24.60,-6.52,8.65,5.68,-52.84,7.24,38.58,5
-10.67,-2.36,0.39,-77.18,36.07,16.66,-6.40,7.73,4.23,-23.61,-1.21,34.88,5
-9.23,-1.30,-0.58,-56.13,0.73,18.24,-4.62,6.27,5.87,32.98,26.49,44.61,5
-9.01,-1.85,-0.44,-48.63,8.38,13.10,-3.92,7.99,6.23,31.99,18.02,64.75,5
-9.13,-0.75,0.45,-28.19,-8.93,5.18,-4.62,10.91,5.30,52.65,-12.09,113.36,5
-9.53,-0.67,0.76,-24.82,-10.76,4.51,-4.74,11.31,5.21,90.99,-0.01,-0.01,5
-8.84,-0.85,0.79,-24.64,-7.10,3.92,-3.31,10.12,2.63,101.97,18.58,168.53,5
-8.90,-1.17,0.39,-20.34,2.73,2.61,-2.45,8.46,-1.13,105.32,84.92,161.73,5
-9.16,-0.90,0.92,-4.25,-20.32,1.45,-3.39,6.82,-3.53,40.50,228.85,105.48,5
-9.21,-1.04,0.62,15.87,-16.59,3.79,-2.50,5.14,1.07,10.69,250.13,68.37,5
-9.47,-1.29,0.21,1.30,18.82,-1.03,-9.21,-12.95,19.62,-82.97,99.82,13.11,5
-7.76,-0.72,1.08,-12.81,-23.58,-5.07,-2.88,4.27,6.95,41.78,-92.37,-23.22,5
-9.56,-0.82,0.85,40.66,1.06,-3.63,-2.09,5.04,3.11,-21.99,-76.32,-170.34,5
-9.41,0.04,0.10,24.95,-2.74,-5.66,-3.73,6.97,3.15,-73.95,-89.73,-213.51,5
-9.37,-0.45,1.04,16.19,-12.22,-7.05,-4.52,7.51,1.73,-7.58,-40.33,-246.18,5
-9.43,-0.80,1.00,9.05,-12.97,-0.82,-5.88,9.40,1.72,-55.44,3.00,-250.14,5
-8.82,-1.06,2.04,-26.36,-24.40,5.48,-8.15,5.58,3.60,-89.93,36.67,-201.71,5
-8.53,-0.95,2.01,-39.84,-38.77,15.27,-9.36,7.49,6.20,-184.85,40.49,-128.53,5
-8.62,-1.33,2.38,-63.52,-30.24,22.15,-8.42,4.64,8.35,-176.73,53.09,-57.56,5
-8.63,-1.59,2.76,-88.26,-27.14,25.06,-7.86,4.84,8.11,-124.31,45.43,-23.82,5
-7.84,-2.40,3.05,-114.00,-21.34,32.45,-7.15,3.75,8.04,-123.82,20.98,27.82,5
-7.68,-2.06,3.32,-120.71,-15.44,39.68,-7.14,3.74,7.72,-111.74,7.46,43.12,5
-8.45,-1.78,3.60,-144.69,-4.92,46.16,-7.94,3.70,7.17,-124.11,-10.44,48.85,5
-8.39,-1.02,3.51,-156.50,-6.02,54.43,-8.21,3.59,6.18,-154.15,-27.22,53.03,5
-8.45,0.79,4.26,-149.02,-7.35,59.19,-11.09,2.64,5.57,-204.60,-68.39,86.37,5
-7.86,2.18,2.92,-179.19,25.68,57.86,-10.00,5.94,5.13,-128.41,-60.68,143.30,5
-9.80,1.02,1.89,-199.37,1.50,61.40,-11.23,7.50,3.89,-99.80,-41.48,186.22,5
-8.88,2.11,1.88,-206.32,8.10,63.82,-9.08,9.82,1.28,-182.26,-14.40,227.21,5
-10.02,1.42,-0.50,-250.14,-7.76,86.06,-9.97,12.70,-3.35,-247.90,69.50,250.13,5
-9.37,0.87,-0.68,-250.14,-29.06,94.90,-10.71,13.12,-4.22,-250.14,104.10,250.13,5
-11.17,-0.01,-1.65,-250.14,-9.01,104.76,-12.36,12.77,-3.53,-250.14,126.21,250.13,5
-10.38,-0.64,-1.34,-250.14,-22.52,103.61,-14.12,10.74,-3.32,-250.14,114.79,250.13,5
-9.05,-1.36,-0.74,-250.14,-14.99,104.98,-9.64,4.59,-1.31,-153.98,119.36,193.02,5
-7.82,-0.68,0.48,-250.14,-10.50,94.21,-8.61,3.69,1.37,-150.79,97.36,149.28,5
-7.64,0.28,0.78,-250.14,-15.56,95.91,-7.03,3.08,1.13,-126.50,89.56,116.60,5
-8.84,1.49,0.89,-250.14,-6.47,89.04,-6.85,3.46,2.75,-135.37,116.38,83.43,5
-9.96,1.13,0.52,-250.14,3.49,83.07,-7.65,5.41,3.63,-175.35,141.68,69.97,5
-9.77,1.36,1.08,-222.80,-2.50,74.45,-7.81,5.98,4.78,-171.32,109.79,64.15,5
-8.71,0.40,0.94,-203.69,11.24,60.66,-8.37,4.68,4.86,-163.32,81.98,76.99,5
-8.33,1.33,0.96,-174.86,7.89,54.77,-7.06,3.20,4.72,-96.03,56.33,69.63,5
-7.61,0.71,0.59,-153.12,21.60,37.17,-5.69,4.01,3.10,-90.02,25.73,58.11,5
-6.80,0.73,-0.13,-141.55,18.86,32.29,-6.63,3.97,3.31,-121.66,30.72,66.74,5
-6.55,0.09,0.42,-135.64,22.50,20.64,-6.60,3.06,3.84,-94.06,20.46,83.90,5
-19.62,-1.75,-1.81,-135.55,32.00,15.47,-9.43,4.57,6.45,-63.08,-1.99,63.98,5
-10.52,-0.26,1.43,-55.08,43.20,12.60,-12.03,4.77,8.57,-5.38,-36.61,53.40,5
-7.28,0.19,1.07,-21.78,11.38,11.45,-8.25,7.56,9.10,102.75,-95.76,129.25,5
-9.60,-0.85,0.43,-16.02,40.84,-4.02,-6.08,6.15,6.74,48.92,-96.40,179.14,5
-9.22,0.28,1.41,11.62,-9.95,-6.40,-6.23,8.26,4.86,63.70,-89.10,194.36,5
-8.83,0.54,1.32,-13.31,-1.21,0.74,-2.78,6.40,2.01,102.49,-18.03,189.52,5
-9.58,-0.22,0.85,-28.50,14.29,0.88,-1.34,6.32,1.84,103.31,23.41,167.44,5
-9.31,-0.31,0.70,-23.60,-9.27,-2.02,0.06,5.98,-0.24,76.79,72.57,130.24,5
-9.19,-0.64,0.61,-30.40,-15.79,-2.80,0.62,5.62,-1.43,86.37,137.34,92.11,5
-8.98,-0.09,1.13,-17.32,-25.71,3.87,-0.62,6.17,0.96,54.79,250.13,24.27,5
-8.85,-0.43,1.56,-7.13,-19.90,3.28,0.07,-14.49,19.62,-44.43,152.74,-96.85,5
-7.76,1.47,0.75,-19.67,-41.21,-0.66,0.38,5.58,10.31,23.61,27.06,-23.17,5
-8.59,-0.89,2.12,-3.10,12.92,-2.36,4.27,7.27,0.06,11.90,45.33,-55.69,5
-8.94,-0.28,1.11,5.62,0.88,-0.99,-0.28,9.41,5.24,21.92,-4.44,-36.21,5
-9.60,-0.51,0.46,5.92,-8.34,-1.46,-0.43,7.49,5.24,10.38,2.44,-44.33,5
-9.43,0.04,1.53,-12.10,-15.46,-0.52,-0.41,5.27,5.75,-35.79,-33.25,-83.65,5
-8.96,-0.12,1.90,-44.98,-14.72,1.94,-0.36,3.43,3.54,-91.73,-46.74,-157.15,5
-7.76,-0.72,3.30,-75.73,-22.53,15.28,-4.08,5.48,0.05,-71.22,51.67,-250.14,5
-8.21,-1.11,2.30,-87.21,-12.50,18.76,-5.88,6.10,1.77,-143.31,97.46,-250.14,5
-7.98,-1.28,1.68,-105.34,-29.08,26.15,-11.35,12.30,6.01,-137.24,153.09,-228.82,5
-8.12,-1.97,2.38,-134.28,-8.38,34.19,-8.94,8.11,6.88,-199.44,124.18,-124.44,5
-9.97,-1.45,1.54,-164.12,-29.15,57.03,-11.69,4.76,10.36,-165.82,35.45,-22.45,5
-8.98,-1.43,3.48,-153.25,-35.95,53.05,-8.68,3.69,9.78,-141.78,3.69,15.83,5
-8.15,-1.64,3.56,-158.20,-9.80,33.73,-9.73,3.47,9.26,-133.77,-15.80,54.42,5
-7.63,0.27,3.65,-171.51,-12.18,39.02,-7.87,5.74,6.91,-124.45,-46.71,108.92,5
-8.56,-0.71,3.21,-203.34,-33.89,60.90,-10.97,9.21,5.13,-194.74,-57.97,161.27,5
-9.11,-0.70,3.13,-218.49,-20.54,79.60,-12.55,12.44,1.30,-218.02,-47.98,182.03,5
-9.87,-0.46,3.54,-229.76,-29.60,86.98,-12.87,13.33,-5.00,-250.14,-7.22,215.39,5
-9.49,-0.55,2.14,-250.14,-13.83,87.28,-13.24,13.07,-8.31,-250.14,22.22,234.79,5
-10.09,-1.54,0.67,-250.14,-41.24,101.35,-12.90,8.10,-7.56,-203.41,92.56,228.45,5
-8.23,-1.06,0.88,-250.14,-53.36,111.89,-14.28,6.59,-6.02,-206.95,134.48,216.85,5
-7.00,-2.11,-0.07,-250.14,-39.87,115.23,-13.38,3.71,-2.47,-234.42,133.61,212.40,5
-5.79,-0.52,1.51,-250.14,-31.92,106.36,-10.69,3.18,-1.57,-238.62,90.93,200.50,5
-10.98,-0.48,-2.60,-250.14,-43.76,98.11,-8.85,4.14,-1.27,-179.54,125.40,161.12,5
-10.33,-0.46,1.05,-250.14,-55.22,115.98,-8.89,4.16,-0.26,-224.56,173.08,122.60,5
-8.72,0.04,1.06,-250.14,-40.61,112.56,-9.35,6.96,2.00,-245.82,178.16,93.43,5
-9.33,0.42,-0.34,-250.14,-32.08,96.60,-8.38,5.39,2.26,-190.44,129.20,90.73,5
-9.03,0.29,1.68,-190.35,-1.92,62.91,-9.42,3.19,1.78,-140.24,46.79,82.02,5
-8.38,0.67,1.26,-169.33,3.87,59.17,-8.63,3.37,2.52,-109.79,44.57,66.99,5
-7.57,-0.49,0.49,-161.34,12.91,44.30,-7.67,2.44,1.82,-79.64,30.48,70.30,5
-9.70,-0.65,0.23,-137.22,18.63,46.51,-7.95,2.70,3.96,-110.76,25.94,52.18,5
-9.89,0.50,1.15,-117.56,10.63,39.75,-6.72,3.76,4.96,-50.83,60.27,36.70,5
-10.36,-0.34,0.59,-82.20,-23.44,39.87,-8.22,3.89,5.87,-120.43,27.79,42.06,5
-11.27,-1.61,2.70,-63.44,-4.63,20.95,-9.52,2.23,6.06,-97.71,34.31,25.44,5
-9.02,-0.98,3.78,-31.63,-1.48,-2.05,-8.73,3.06,5.79,-45.06,2.03,20.60,5
-9.13,0.55,2.65,-45.94,6.08,12.57,-8.71,2.96,6.62,17.11,-69.98,-5.44,5
-9.29,0.35,2.14,-59.03,18.80,12.22,-8.32,3.74,7.81,56.34,-63.48,-15.20,5
-8.38,0.39,1.04,-53.29,9.99,16.58,-6.77,5.61,6.33,132.26,-56.25,19.14,5
-9.06,-0.52,1.39,-44.53,2.18,12.76,-5.88,7.84,5.52,111.90,-32.33,88.98,5
-9.08,0.17,1.69,-35.57,3.45,5.15,-6.17,7.84,1.51,87.96,6.89,137.03,5
-9.37,0.14,2.15,-30.44,-1.11,6.25,-6.53,9.21,1.58,107.81,39.66,145.73,5
-8.65,0.59,1.73,-22.57,5.02,6.14,-6.34,9.68,-1.88,100.12,91.70,172.90,5
-8.98,-0.07,0.85,-15.01,5.41,2.14,-6.80,10.95,1.24,66.44,128.48,204.66,5
-9.59,-0.31,1.96,1.33,-9.85,-8.15,-4.18,6.98,-1.71,-100.53,202.50,194.92,5
-8.88,-0.43,1.57,-2.08,-7.41,-6.41,-5.24,6.89,2.58,-82.54,250.13,173.65,5
-8.41,0.11,0.76,15.56,-14.92,-3.56,-5.30,-2.33,19.37,-43.85,-46.56,88.98,5
-8.78,-1.08,3.18,-4.60,20.95,-3.24,2.83,-0.41,-2.51,15.71,-8.29,-7.83,5
-9.36,0.38,0.79,-2.47,2.98,-10.56,-0.93,2.01,3.81,-55.64,-26.00,-193.37,5
-8.80,0.01,1.71,-5.50,-7.62,-4.47,-3.48,3.70,3.37,-88.25,-9.24,-250.14,5
-9.14,-0.25,1.83,-19.44,-5.03,-4.99,-5.10,4.08,3.41,-74.15,47.18,-250.14,5
-9.20,-0.70,1.21,-12.89,-23.87,0.76,-11.06,-0.81,3.34,69.82,96.36,-250.14,5
-10.29,0.07,0.49,-43.96,-66.01,13.19,-18.04,9.64,11.68,-172.70,-2.18,-163.72,5
-8.23,-1.17,3.33,-80.43,-29.95,23.98,-10.20,0.98,10.23,-30.42,98.07,-27.78,5
-7.81,-1.29,4.15,-91.92,-41.32,31.58,-7.12,7.63,9.07,98.56,37.18,6.76,5
-7.54,-2.00,5.24,-110.68,-24.82,36.70,-4.74,10.23,6.71,21.44,31.53,-19.86,5
-7.95,-3.76,3.83,-130.67,-7.44,41.20,-5.77,5.12,5.05,-183.25,-22.83,31.00,5
-7.18,-2.92,5.34,-141.01,-22.85,64.95,-9.29,5.28,5.82,-224.37,-27.43,6.45,5
-7.70,-0.67,5.36,-119.92,-12.44,106.30,-12.04,5.12,5.67,-235.69,-89.73,21.24,5
-9.93,0.17,5.52,-120.66,23.56,96.13,-13.30,4.16,3.91,-170.13,-108.50,73.55,5
-6.63,3.49,4.95,-141.75,38.75,84.73,-11.46,-0.29,1.78,-110.67,-107.40,172.82,5
-8.10,3.97,3.49,-178.53,30.97,89.01,-10.78,3.69,1.21,-123.89,-33.25,195.97,5
-9.41,4.30,2.68,-222.01,30.67,92.18,-10.86,6.02,0.09,-153.21,-6.36,209.65,5
-8.95,3.58,2.77,-248.09,23.89,95.66,-11.20,7.51,-0.80,-249.85,34.12,231.69,5
-9.69,2.70,0.62,-250.14,4.29,109.51,-12.87,8.96,-3.62,-250.14,84.64,250.13,5
-9.81,2.30,-0.07,-250.14,-1.97,121.60,-13.15,8.31,-4.35,-250.14,113.75,250.13,5
-9.91,0.13,-0.66,-250.14,-38.29,153.21,-12.89,7.22,-5.49,-250.14,160.07,250.13,5
-8.35,-0.99,1.54,-250.14,-30.18,189.57,-11.21,5.72,-4.60,-250.14,169.38,211.02,5
-8.75,0.91,2.22,-250.14,12.39,145.90,-8.35,2.84,-3.98,-210.73,151.79,108.80,5
-8.55,1.27,3.02,-250.14,-1.95,117.02,-7.89,1.86,-1.54,-178.03,117.73,56.16,5
-8.81,2.79,3.22,-250.14,10.57,102.05,-8.49,2.94,0.55,-115.62,70.05,20.19,5
-8.67,1.43,1.81,-250.14,0.97,84.40,-7.81,3.34,1.89,-103.02,106.38,7.97,5
-7.13,-0.55,2.39,-232.30,-8.42,61.12,-6.93,4.35,3.26,-122.22,52.27,-5.94,5
-8.71,-0.88,2.72,-212.44,23.78,67.92,-8.53,4.95,1.74,-186.50,-12.78,-10.15,5
-8.85,-1.00,2.09,-210.67,6.72,58.02,-11.29,5.89,1.99,-172.21,28.48,5.66,5
-10.08,-1.65,1.79,-194.66,6.69,66.28,-10.66,6.48,1.85,-179.54,25.16,48.01,5
-4.43,-1.09,1.38,-142.99,11.95,61.19,-6.72,3.90,2.92,-179.69,15.18,89.66,5
-8.98,-2.44,1.74,-106.17,74.21,47.02,-8.51,1.94,-0.51,-111.35,-15.35,111.25,5
-10.20,-4.42,2.12,-89.08,-8.49,22.47,-12.91,1.85,0.91,-100.81,-29.21,64.02,5
-11.14,-1.37,-1.01,-105.38,20.84,24.20,-9.82,2.43,2.68,-52.43,-19.08,21.98,5
-7.88,-0.59,-0.48,-67.82,2.94,40.73,-7.33,2.56,5.49,-93.11,17.89,35.37,5
-8.49,0.56,-0.01,-50.90,21.21,21.39,-7.30,0.55,7.70,-63.32,-22.98,86.09,5
-9.30,-0.55,-0.13,-61.95,6.61,14.61,-7.29,2.62,7.24,19.26,-5.06,89.44,5
-9.80,-1.09,-0.09,-49.44,4.08,5.63,-8.12,6.17,8.05,45.52,-33.82,93.07,5
-9.84,-0.87,0.04,-32.97,-2.85,6.94,-7.28,9.39,5.54,73.11,-31.63,167.73,5
-9.35,-0.91,-0.26,-20.98,2.82,5.20,-6.89,8.69,4.81,103.79,-40.90,193.52,5
-9.24,-1.04,-0.15,-12.34,-3.44,-0.43,-6.86,9.35,5.48,77.82,-49.54,228.50,5
-9.46,-1.15,-0.15,-6.59,-5.51,-4.29,-5.60,7.50,3.08,63.69,-13.75,219.78,5
-9.15,-1.27,0.43,2.95,-9.86,0.01,-1.11,5.94,-0.89,62.92,65.34,168.95,5
-8.62,-1.22,0.39,13.19,-20.12,0.52,0.83,4.86,-2.46,63.62,123.68,121.42,5
-8.64,-0.60,1.04,27.56,-16.89,-0.71,1.20,5.74,-3.62,33.11,198.92,75.23,5
-8.86,-0.71,1.16,29.17,-19.56,4.20,-0.12,6.92,0.94,16.69,250.13,43.21,5
-8.23,1.30,0.61,5.57,-32.57,-6.31,-2.07,5.34,11.76,83.37,-37.04,-25.45,5
-8.61,-0.54,3.51,4.93,21.11,-5.81,3.24,5.77,2.18,111.76,-63.69,-27.76,5
-8.82,-0.27,0.54,12.02,-15.41,-3.50,1.15,9.50,4.39,-7.07,-44.90,-34.74,5
-9.09,0.25,0.87,5.37,3.50,-6.12,-0.73,6.05,4.82,-28.29,-35.24,-42.15,5
-9.03,0.56,1.65,-17.86,-18.76,-1.18,-0.96,3.35,4.08,-63.06,-16.87,-127.44,5
-8.77,0.44,1.29,-27.24,-13.69,1.69,-1.10,3.59,4.82,-61.91,5.82,-171.66,5
-9.54,0.41,1.52,-37.40,-21.77,3.19,-1.93,6.63,4.92,-35.01,36.05,-223.11,5
-8.96,0.25,1.56,-54.73,-30.86,9.68,-1.93,6.63,4.92,-35.01,36.05,-223.11,5
-7.63,-1.26,3.24,-119.07,-28.59,30.47,-5.18,6.62,5.87,-132.95,107.88,-183.30,5
-7.84,-1.47,3.37,-136.93,-20.66,32.89,-9.13,10.42,7.70,-176.00,81.58,-156.73,5
-7.98,-0.85,2.45,-177.46,-10.79,34.65,-9.99,7.67,7.02,-236.96,75.01,-60.33,5
-8.49,-2.03,2.39,-202.79,-9.47,43.23,-8.89,6.91,7.40,-161.96,30.16,2.37,5
-9.33,-1.50,3.41,-200.87,-24.73,72.59,-10.56,7.53,8.15,-219.26,6.61,98.18,5
-9.70,-0.97,3.85,-198.37,-10.87,72.28,-11.06,5.20,7.17,-209.34,-62.93,145.37,5
-8.26,-0.34,2.18,-193.50,11.31,61.34,-11.97,5.53,5.14,-201.07,-47.92,154.66,5
-9.21,0.06,1.18,-200.07,-3.35,75.73,-11.19,5.47,1.08,-170.73,-70.60,162.79,5
-10.14,2.00,1.58,-244.99,-13.55,87.97,-12.27,8.04,-2.59,-227.14,-6.85,157.09,5
-10.35,1.94,0.21,-250.14,-17.60,93.91,-10.25,8.46,-2.64,-235.42,19.31,171.08,5
-9.54,1.86,0.16,-250.14,-25.08,90.37,-10.16,8.16,-1.82,-250.14,38.64,189.90,5
-10.08,1.22,-0.75,-250.14,-22.49,91.91,-11.68,8.66,-1.48,-250.14,41.01,193.00,5
-10.05,-0.07,-0.79,-250.14,-25.95,103.79,-15.01,6.54,-3.15,-250.14,33.37,213.59,5
-10.23,-0.17,-1.49,-250.14,-8.50,98.98,-13.15,5.00,-3.38,-250.14,36.05,200.21,5
-8.79,-0.77,-0.96,-250.14,-23.86,90.02,-11.91,3.97,-2.75,-242.76,38.34,179.11,5
-7.86,-1.07,0.78,-250.14,-27.91,84.87,-11.32,3.15,-2.66,-217.68,32.37,159.81,5
-9.68,-0.46,-0.68,-250.14,-16.47,70.15,-9.42,2.48,-0.42,-111.85,44.61,116.19,5
-9.11,-0.86,-0.21,-250.14,-34.31,66.79,-9.55,3.05,0.88,-146.65,53.31,108.34,5
-9.42,-0.79,0.87,-221.15,-13.17,55.43,-9.29,2.71,0.75,-180.11,50.04,108.03,5
-7.72,0.08,0.39,-208.97,-21.86,49.12,-9.13,2.51,1.88,-150.89,44.28,100.56,5
-9.93,-0.30,-0.75,-215.79,9.84,48.49,-8.64,3.17,2.86,-127.24,45.63,88.03,5
-8.41,-1.64,0.11,-187.26,-20.53,59.28,-9.32,3.51,4.82,-145.45,40.27,79.79,5
-14.81,-2.98,0.94,-165.92,46.27,44.64,-9.80,3.12,3.95,-146.18,29.63,79.15,5
-9.94,-3.68,2.53,-101.95,-39.23,37.02,-12.66,3.30,6.32,-140.33,1.32,52.95,5
-8.08,-2.02,0.51,-34.60,-27.02,14.04,-8.94,1.38,5.19,47.35,-40.05,56.47,5
-8.57,-1.91,0.46,-21.95,19.98,2.03,-7.64,2.90,5.64,86.47,-54.92,64.12,5
-9.09,-1.03,0.57,-5.28,-16.11,0.58,-7.30,4.65,5.11,81.59,-44.02,72.70,5
-9.44,-1.36,0.33,-17.39,-1.14,10.59,-7.52,7.02,4.28,72.05,-45.95,89.28,5
-9.33,-2.62,1.14,-7.40,-8.31,7.54,-5.38,9.10,3.35,45.27,-15.37,126.87,5
-8.85,-2.45,1.17,-1.79,-5.02,1.10,-4.61,8.94,2.79,23.46,0.44,137.47,5
-9.64,-2.01,0.94,-1.38,8.42,-8.08,-4.67,9.39,2.32,52.34,-7.53,155.01,5
-10.04,-1.68,1.48,-2.95,-6.72,-1.38,-3.46,9.21,0.22,66.56,13.93,168.53,5
-8.87,-1.07,1.14,11.56,-0.37,-3.61,-1.45,7.44,-2.44,72.85,134.74,145.54,5
-8.76,-1.01,1.35,19.71,-24.24,-9.70,-3.20,7.20,-4.19,47.15,250.13,118.77,5
-8.80,-0.47,1.16,27.44,-12.19,-3.89,-2.48,5.23,2.65,-42.95,250.13,82.82,5
-9.70,1.33,0.40,36.47,-32.23,-6.49,-4.39,7.01,16.01,17.66,-56.28,8.01,5
-9.28,-1.13,0.68,12.47,3.23,-8.34,0.82,6.54,1.60,-21.75,5.87,-32.61,5
-9.15,-0.42,1.68,17.89,-3.18,-6.41,-0.62,8.22,3.89,-79.54,1.79,-22.75,5
-9.06,-0.20,1.16,7.97,-5.34,-0.98,-0.80,6.62,4.34,-65.77,-23.36,-51.90,5
-8.82,0.07,1.91,-1.02,-7.24,2.37,-1.07,5.19,4.45,-78.01,-9.05,-98.98,5
-8.63,-0.11,2.23,-20.63,-9.10,3.86,-1.73,2.89,3.90,39.11,22.29,-221.76,5
-9.34,-0.53,2.10,-26.37,-7.92,6.66,-3.01,2.82,4.52,59.92,32.36,-250.14,5
-8.78,-1.31,1.56,-29.97,-16.43,12.10,-7.68,2.53,3.68,-0.34,30.11,-250.14,5
-8.42,-1.41,1.56,-33.48,-27.78,19.05,-15.92,5.93,5.73,-201.41,40.63,-250.14,5
-9.72,-0.40,2.13,-60.87,-26.16,22.94,-13.76,2.99,11.33,-104.66,17.63,-156.29,5
-7.93,-1.52,2.40,-81.89,-27.11,24.76,-10.09,8.11,6.86,-183.80,48.31,-47.28,5
-8.19,-2.34,3.30,-91.89,-18.19,27.87,-7.65,4.10,7.53,-213.18,18.34,60.42,5
-8.06,-1.77,3.60,-98.14,-22.78,34.08,-6.67,2.26,10.12,-152.63,11.12,65.18,5
-9.74,-0.37,4.90,-145.54,0.27,50.35,-9.32,5.63,9.70,-111.54,-68.31,84.34,5
-9.04,0.43,5.61,-171.61,-3.11,57.07,-10.74,10.05,5.63,-210.15,-63.37,144.47,5
-8.42,2.11,3.63,-207.58,19.79,52.80,-11.23,9.40,4.11,-250.14,-77.47,197.23,5
-6.94,1.26,1.98,-239.31,-5.03,60.91,-12.09,12.02,0.06,-247.50,-78.50,217.02,5
-9.34,2.79,-0.52,-250.14,-7.51,99.53,-13.01,14.31,-4.70,-250.14,-25.37,250.13,5
-10.81,1.60,-0.73,-250.14,-27.59,117.31,-14.26,14.81,-6.21,-250.14,22.00,250.13,5
-12.05,0.88,-1.80,-250.14,-22.53,113.16,-13.79,12.20,-6.51,-250.14,57.48,250.13,5
-13.35,-0.52,-2.54,-250.14,-24.68,117.21,-13.68,10.42,-5.15,-250.14,110.71,250.13,5
-8.98,-1.25,-2.22,-250.14,-26.99,113.68,-11.37,6.40,-3.33,-247.73,139.79,212.36,5
-6.59,-1.28,-2.64,-250.14,-28.12,108.36,-8.65,5.17,-1.47,-240.50,121.10,190.98,5
-6.06,-0.69,-1.36,-250.14,-16.64,116.66,-5.55,7.28,0.34,-234.51,104.52,185.14,5
-8.48,0.22,0.64,-250.14,-4.79,119.77,-5.94,6.65,-0.19,-238.78,117.72,188.50,5
-11.29,0.56,1.51,-250.14,-17.98,104.35,-10.09,5.81,0.64,-237.40,132.48,104.31,5
-11.89,1.01,1.43,-250.14,-8.31,80.24,-10.88,4.32,1.29,-231.85,117.24,75.81,5
-9.75,1.31,0.52,-229.48,8.62,64.56,-11.13,3.12,2.90,-168.02,57.21,52.66,5
-8.65,0.85,-0.52,-216.69,4.28,43.89,-7.81,3.02,2.51,-100.59,34.21,64.88,5
-6.92,-0.03,0.26,-179.86,3.13,35.02,-6.86,3.57,3.86,-60.80,50.56,68.24,5
-9.00,-0.63,0.44,-172.97,5.85,32.81,-6.91,4.04,4.49,-48.82,34.46,66.87,5
-12.80,-2.37,1.71,-150.47,-11.98,33.60,-9.96,4.62,6.54,-67.06,13.90,65.17,5
-11.12,-3.53,3.68,-121.68,-6.46,35.65,-11.86,4.62,9.10,-31.05,-15.73,55.30,5
-8.56,-1.65,1.77,-91.46,19.53,33.05,-9.58,5.42,7.83,12.42,-109.11,86.31,5
-8.45,-2.08,1.10,-59.72,-4.46,28.31,-6.81,6.90,4.63,40.34,-110.60,111.90,5
-8.50,-1.67,1.86,-26.31,4.08,22.07,-6.99,6.33,4.18,56.58,-88.73,135.76,5
-8.52,-1.47,1.20,-15.60,-6.44,12.10,-5.51,8.40,3.80,64.52,-85.98,154.57,5
-8.78,-0.54,2.05,12.03,-7.15,-0.16,-5.31,9.86,1.90,124.23,-20.08,166.25,5
-9.31,-0.59,2.05,1.66,2.34,-2.19,-3.87,9.53,-0.02,78.89,48.14,173.95,5
-8.93,-0.50,2.30,7.46,-14.04,-0.82,-1.83,8.80,1.29,71.80,68.69,173.44,5
-8.88,-0.36,2.44,2.58,-6.90,-3.33,-0.36,8.92,-0.45,95.14,94.50,162.21,5
-8.97,-1.35,2.05,7.50,-9.95,-7.69,1.24,7.82,-4.84,32.21,232.72,117.81,5
-8.13,-0.51,3.02,11.73,-0.37,-6.88,-1.82,6.67,1.85,4.82,250.13,103.98,5
-8.65,-0.64,2.17,13.15,3.50,-2.68,-19.62,-2.51,19.62,-250.14,117.36,60.23,5
-7.73,0.68,2.71,-37.01,-16.59,2.86,2.93,2.95,4.88,98.34,-70.07,-32.79,5
-9.04,0.59,2.14,9.12,-2.89,-5.19,1.92,7.50,5.58,6.35,37.24,-35.04,5
-8.87,0.45,1.81,-18.67,15.18,-2.39,0.86,8.30,6.59,60.11,-13.48,-32.39,5
-8.88,0.19,1.96,-23.69,-8.50,0.11,1.09,5.40,6.21,-7.79,-33.73,-44.19,5
-8.73,-0.03,2.08,-40.67,1.21,-3.44,0.78,4.40,4.40,-42.60,-13.47,-95.44,5
-8.94,-0.89,1.62,-54.27,-5.69,7.90,0.87,3.62,2.81,-43.84,36.55,-193.68,5
-9.23,-1.41,1.72,-61.28,-6.00,11.17,-1.69,3.49,3.43,-31.73,93.99,-246.85,5
-8.73,-1.52,1.71,-59.93,-24.26,19.92,-4.69,6.69,3.02,-48.16,119.16,-250.14,5
-8.95,-1.31,1.95,-68.83,-24.34,19.74,-11.29,6.25,4.00,-164.50,184.39,-250.14,5
-8.58,-1.74,1.88,-89.68,-36.34,31.26,-14.55,6.42,11.21,-166.58,28.44,-118.98,5
-8.46,-2.26,1.94,-98.85,-15.61,29.80,-7.63,2.89,9.23,0.47,72.37,-83.21,5
-7.69,-2.40,3.13,-102.39,-22.00,33.09,-7.14,7.60,11.12,110.00,-20.56,-16.95,5
-8.18,-2.04,4.62,-125.77,-4.07,42.02,-7.09,7.81,8.67,-53.44,29.44,29.77,5
-8.71,-0.11,5.39,-141.33,-2.22,62.79,-9.29,7.35,5.74,-209.89,-18.66,119.60,5
-8.82,0.32,4.10,-154.77,5.27,46.84,-10.67,5.71,3.40,-217.87,7.32,142.22,5
-7.00,1.89,3.40,-189.56,10.98,47.40,-7.92,5.70,1.42,-194.05,-44.55,165.62,5
-8.23,3.35,1.48,-207.56,-18.94,58.98,-7.60,8.64,-0.93,-237.02,0.76,149.82,5
-9.16,0.77,-1.16,-250.14,-33.72,83.08,-11.54,11.32,-2.12,-250.14,41.10,185.38,5
-10.60,-0.76,-1.77,-250.14,-16.11,102.21,-13.07,11.58,-1.15,-250.14,54.02,189.42,5
-12.50,-1.32,-1.80,-250.14,-34.63,104.37,-14.45,9.27,-1.63,-250.14,46.95,205.92,5
-12.28,-1.66,-2.22,-250.14,-49.69,114.29,-14.40,9.22,-2.38,-250.14,57.56,201.50,5
-8.04,-2.58,-1.89,-250.14,-38.30,112.90,-11.29,5.03,-3.33,-250.14,55.93,198.83,5
-6.43,-1.30,-0.93,-250.14,-32.44,110.42,-8.61,4.16,-1.68,-221.60,63.53,191.49,5
-8.00,0.18,-1.06,-250.14,-3.95,100.34,-7.69,3.69,-1.60,-187.82,59.68,164.29,5
-9.29,0.51,-1.50,-250.14,-7.21,90.60,-7.82,4.38,-0.01,-157.26,82.49,118.93,5
-10.55,-0.42,-0.81,-250.14,-16.69,68.04,-10.17,3.91,1.38,-167.19,75.33,94.30,5
-9.73,-0.14,0.15,-234.43,-7.69,60.76,-9.44,4.70,4.87,-117.34,50.65,83.69,5
-8.85,0.36,-0.29,-210.48,-4.13,52.22,-8.81,4.43,2.36,-175.31,37.66,95.89,5
-7.94,1.24,-0.27,-195.49,11.84,50.98,-7.74,2.81,1.88,-142.98,35.77,96.31,5
-6.81,0.55,-0.49,-187.90,19.59,39.14,-6.73,3.06,1.58,-136.09,38.76,107.44,5
-9.12,-0.88,0.07,-174.69,22.89,32.61,-8.21,2.94,1.54,-149.10,47.79,102.85,5
-13.82,-3.85,-1.73,-148.92,-1.18,28.23,-13.57,2.57,2.50,-133.95,42.45,48.39,5
-13.25,-1.37,-0.10,-131.52,27.82,24.66,-11.97,3.20,5.09,-81.59,11.31,14.68,5
-9.24,-2.61,-0.10,-103.16,19.86,16.81,-7.54,2.28,7.88,-64.34,14.02,56.02,5
-9.16,-2.24,-0.01,-54.55,-25.76,6.66,-7.84,-0.02,8.27,-6.83,-39.64,34.50,5
-8.44,-1.15,0.64,-57.64,-7.77,2.96,-8.09,2.43,9.18,115.21,-99.02,7.63,5
-9.23,-1.77,0.78,-38.18,-3.73,3.03,-8.95,8.50,8.34,154.96,-132.49,55.54,5
-8.92,-1.49,1.15,4.99,8.45,0.06,-6.26,12.33,3.78,98.69,-110.10,209.14,5
-9.15,-0.32,-0.12,2.90,-0.02,-1.91,-4.05,10.89,1.31,90.05,-58.29,250.13,5
-9.22,-1.07,0.98,16.85,1.36,-5.53,-3.03,10.20,0.17,84.08,8.24,250.13,5
-8.96,-0.19,1.07,18.63,-10.47,-4.65,-1.89,7.53,-0.95,81.34,39.69,250.13,5
-9.31,0.06,1.29,20.66,-10.98,-6.43,0.00,5.31,-1.02,134.50,116.21,197.21,5
-9.43,0.18,1.27,16.72,-3.89,-7.24,-0.61,4.93,-0.27,114.64,169.69,152.12,5
-9.67,-0.53,0.22,21.59,-28.98,-5.11,-0.63,4.42,1.40,100.51,243.13,76.38,5
-9.85,-0.54,0.85,13.90,4.53,-8.66,-19.62,6.81,19.62,250.13,78.09,29.63,5
-8.94,-0.63,3.70,7.27,-5.18,-5.35,4.28,3.69,1.11,0.15,38.05,-69.08,5
-9.15,-0.25,2.07,11.21,10.95,-10.06,3.60,6.74,5.65,-55.14,35.69,-91.18,5
-8.96,0.95,0.84,-9.28,17.53,-3.71,2.26,5.69,5.16,22.76,8.00,-89.21,5
-8.90,0.36,0.84,-15.69,-15.43,2.08,-0.06,5.30,4.00,18.61,-33.16,-138.93,5
-8.70,-0.35,2.56,-33.92,-7.63,3.53,-0.87,2.09,2.10,-10.22,-30.00,-250.14,5
-9.08,-0.42,1.85,-35.34,-14.08,6.00,-2.85,1.58,0.36,6.03,-23.51,-250.14,5
-9.01,-0.81,1.86,-45.21,-14.26,11.18,-10.10,9.49,1.69,-129.84,49.97,-250.14,5
-8.59,-1.44,1.57,-60.82,-33.36,21.95,-17.28,11.32,8.21,-186.51,168.46,-250.14,5
-8.73,-1.91,2.82,-105.99,-25.53,38.00,-8.16,7.79,9.27,-104.63,107.36,-49.56,5
-8.91,-1.89,3.14,-130.67,-24.44,46.57,-8.22,3.36,8.10,27.44,25.44,-62.44,5
-8.24,-1.82,3.41,-145.37,-18.66,51.94,-5.83,10.31,9.52,-41.52,8.14,-55.53,5
-7.61,-1.88,3.25,-142.92,-4.03,43.57,-5.96,6.62,7.92,-157.62,-10.21,18.52,5
-9.44,-1.40,4.62,-150.16,16.40,46.81,-10.30,6.41,6.76,-219.53,-20.21,133.34,5
-8.11,0.00,5.28,-154.23,17.97,48.45,-11.44,8.79,3.94,-191.85,-66.78,150.31,5
-8.12,1.46,1.88,-177.11,23.76,55.95,-10.70,9.19,1.14,-207.16,-43.14,186.60,5
-9.58,2.40,1.20,-203.56,12.38,58.69,-10.33,9.71,-1.68,-217.76,-32.71,207.39,5
-8.68,1.72,0.63,-250.14,-7.19,62.53,-10.77,10.95,-4.75,-250.14,40.02,232.55,5
-9.00,1.11,-0.10,-250.14,-21.45,74.25,-11.82,11.67,-4.70,-250.14,65.93,250.13,5
-11.73,0.34,-1.45,-250.14,-13.89,80.71,-12.80,10.74,-3.09,-250.14,70.50,250.13,5
-11.45,-0.31,-1.02,-250.14,-38.46,91.34,-14.41,10.20,-2.50,-250.14,106.30,250.13,5
-10.09,-0.54,-1.63,-250.14,-17.82,109.87,-13.08,6.90,-2.14,-250.14,118.85,239.71,5
-10.24,-0.63,-1.48,-250.14,-36.09,105.39,-11.64,5.13,-1.90,-219.75,105.69,214.43,5
-8.38,-1.31,-1.15,-250.14,-36.20,100.14,-9.90,5.13,-1.91,-184.25,101.24,183.56,5
-8.28,-0.14,-0.98,-250.14,-27.09,83.09,-9.59,2.43,-1.02,-124.42,96.19,155.04,5
-8.96,-1.31,-0.41,-242.44,-31.34,66.08,-7.70,4.48,2.36,-59.98,82.42,53.96,5
-8.67,-1.06,1.49,-211.03,-43.11,56.47,-7.30,3.03,4.05,-92.66,90.18,48.36,5
-8.79,-0.30,1.40,-194.67,-25.18,47.81,-7.65,4.63,4.10,-127.31,82.47,46.34,5
-6.72,0.11,1.70,-186.14,-10.73,47.98,-6.85,5.32,4.14,-116.29,82.80,47.73,5
-6.38,-0.11,0.59,-183.47,4.00,50.95,-6.18,5.45,2.59,-127.98,61.42,67.26,5
-8.00,-2.29,2.85,-177.15,9.61,49.88,-6.42,4.91,2.68,-133.40,79.50,75.52,5
-11.55,-5.58,-0.05,-142.84,-19.63,37.65,-13.20,6.02,2.63,-162.24,36.76,57.71,5
-10.05,-1.86,2.47,-112.66,14.73,36.21,-12.45,4.58,1.88,-99.48,17.07,12.10,5
-8.46,-4.03,-0.52,-57.00,52.14,5.27,-6.70,3.55,3.75,-77.44,-6.13,48.83,5
-13.69,-1.03,-3.51,-48.00,39.07,-2.68,-9.63,3.35,3.87,-66.22,-9.54,13.57,5
-8.99,-0.74,2.54,-51.06,-8.95,20.60,-6.79,2.70,6.45,14.63,2.37,-27.94,5
-7.13,0.09,0.57,-69.00,14.00,5.22,-6.03,4.56,5.96,36.51,-31.89,2.49,5
-8.89,-1.32,-0.93,-33.09,22.05,5.87,-6.92,5.87,8.82,-0.93,-18.88,41.87,5
-9.82,-0.96,-1.89,-32.08,26.92,4.00,-6.92,7.71,8.04,41.15,-30.75,64.56,5
-9.60,-1.44,-1.84,-25.53,4.98,3.02,-6.64,9.55,6.86,85.24,-38.98,117.63,5
-10.50,-0.98,-1.61,-35.32,10.76,3.89,-7.60,12.29,5.21,106.49,-16.90,179.50,5
-10.02,-1.32,-1.81,-25.46,-5.19,3.56,-4.20,11.17,0.48,109.09,-1.19,250.13,5
-9.50,-0.91,-0.32,-17.29,-9.85,6.59,-1.54,7.21,-1.04,69.85,32.48,250.13,5
-10.17,-1.46,-1.37,-22.68,-12.98,2.73,-1.20,5.73,-7.64,60.79,118.85,212.80,5
-9.68,-1.30,-1.99,-13.19,-26.28,6.94,-3.61,6.18,-9.59,-27.63,250.13,166.21,5
-9.52,0.93,-2.61,15.37,-6.95,9.31,1.77,3.30,19.62,55.16,4.00,56.32,5
-8.76,-2.04,3.61,-28.32,-12.12,6.50,10.60,2.56,-3.30,54.95,36.54,33.04,5
-8.43,-0.87,1.68,-5.63,-11.21,-4.41,4.74,7.48,4.33,-14.09,64.50,18.45,5
-8.83,-0.51,0.65,-10.98,-20.08,4.33,3.62,7.00,6.80,10.19,17.95,15.03,5
-9.28,-0.61,0.85,-14.74,-18.68,2.30,1.69,4.94,5.68,-7.44,3.55,-3.18,5
-9.39,-0.96,0.84,-8.19,-1.26,-2.14,0.69,3.56,6.46,-30.38,-15.65,-31.44,5
-9.24,-0.20,0.94,-3.89,-20.92,-6.55,0.71,2.24,3.86,-73.44,-13.73,-99.06,5
-8.79,-0.45,0.19,-9.35,-5.13,-7.07,-1.14,2.54,3.54,-86.44,13.14,-184.21,5
-10.25,-0.46,-0.29,5.83,-18.60,-13.16,-4.71,7.58,6.53,-21.74,80.98,-250.14,5
-9.15,0.23,0.37,10.47,-35.44,-14.08,-3.67,2.91,4.49,27.47,76.15,-250.14,5
-9.36,0.43,1.49,13.71,-22.91,-14.88,-9.90,9.92,8.92,-63.04,113.92,-250.14,5
-8.62,1.01,1.89,14.96,-19.67,-11.35,-9.87,5.86,9.06,-2.05,103.31,-238.96,5
-9.29,-0.81,2.57,-7.81,-6.31,-6.86,-8.56,3.94,5.59,8.47,44.47,-173.00,5
-8.84,-1.42,2.42,0.18,-29.18,-2.65,-8.84,5.26,7.23,38.33,-3.08,-112.62,5
-7.92,-1.31,3.45,-15.32,-16.79,-5.60,-8.84,4.79,5.62,35.74,24.62,-53.47,5
-7.68,-2.10,2.65,-18.59,-9.21,-9.78,-7.10,4.71,5.13,44.66,23.63,0.27,5
-8.05,-2.62,2.53,-15.72,-1.97,-5.06,-7.14,0.99,4.51,57.85,25.23,17.69,5
-7.77,-2.39,2.35,-13.64,1.53,-0.39,-7.48,-1.23,8.18,-12.98,-9.23,3.47,5
-9.78,-2.05,2.09,-6.21,4.18,3.30,-8.79,0.84,4.28,41.71,-19.82,-37.55,5
-9.15,-1.01,2.41,-10.73,-18.04,10.15,-10.07,0.79,5.26,-15.34,-14.31,-1.09,5
-8.85,-1.13,1.46,-8.51,2.05,3.38,-8.03,-0.36,4.69,-14.01,-10.47,-2.71,5
-8.50,-1.15,2.34,1.48,-10.52,1.98,-7.81,0.06,5.01,-5.82,1.95,-8.11,5
-8.82,-1.08,2.78,2.45,1.71,-2.82,-8.35,0.63,4.80,5.27,-6.98,-4.56,5
-8.68,-0.77,2.82,0.15,-6.79,0.10,-8.45,0.58,5.47,11.05,-3.48,-1.02,5
-8.99,-0.93,2.21,-6.26,-1.31,-1.52,-8.08,0.37,5.13,-4.89,-3.17,6.85,5
-8.90,-1.17,2.48,-8.67,3.31,-1.81,-7.93,0.81,5.33,0.27,1.18,3.93,5
-8.85,-1.20,2.40,-7.25,-0.79,-3.13,-8.38,0.62,4.96,-13.49,-1.85,11.66,5
-8.90,-1.26,2.17,-6.50,-0.15,-2.45,-8.19,0.06,5.20,-6.45,2.37,9.41,5
-8.89,-1.20,2.12,-5.05,-3.66,-1.72,-8.32,0.44,5.13,-8.70,-1.82,5.72,5
-8.96,-1.05,2.27,-7.10,0.76,-2.66,-8.23,0.53,5.01,-11.46,1.66,7.20,5
-8.69,-1.14,2.07,-4.96,-3.18,-3.24,-8.22,0.58,5.43,-2.92,0.73,3.21,5
-8.74,-1.17,1.83,-2.60,-1.15,-3.80,-8.31,0.35,4.91,-3.11,2.29,3.37,5
-8.75,-1.00,2.00,-1.61,-5.10,-3.75,-8.17,0.41,5.17,3.08,3.12,-1.07,5
-8.67,-1.06,2.35,-3.36,-2.93,-4.09,-8.12,0.71,5.10,2.03,0.82,-1.24,5
-8.66,-1.09,2.25,-3.64,-4.05,-4.11,-8.21,0.74,5.30,1.44,1.27,0.31,5
-8.74,-1.23,2.11,-3.50,-2.13,-3.77,-8.02,0.66,5.24,-1.72,2.15,1.47,5
-8.82,-1.39,2.03,0.05,-3.13,-4.28,-8.36,0.64,5.22,0.70,0.80,0.36,5
-8.67,-1.36,2.16,1.69,-2.66,-4.63,-8.40,0.79,5.17,2.21,1.03,0.69,5
-8.65,-1.35,2.15,3.18,-3.78,-4.41,-8.22,0.36,5.10,1.63,2.60,0.85,5
-8.82,-1.30,2.26,1.79,-1.21,-4.76,-8.30,0.43,5.08,4.43,1.11,-2.35,5
-8.59,-1.29,2.34,-0.85,-1.99,-4.27,-8.21,0.81,4.97,6.91,0.75,-5.82,5
-8.60,-1.43,2.39,-1.82,-3.15,-3.85,-8.24,0.93,4.93,4.40,1.33,-3.90,5
-8.63,-1.54,2.40,-3.26,-3.01,-3.43,-8.29,1.01,5.21,2.47,2.50,-2.07,5
-8.67,-1.50,2.44,-0.85,-3.22,-2.53,-8.19,0.80,4.88,-0.75,1.19,0.92,5
-8.85,-1.56,2.44,-2.15,-0.59,-1.93,-8.54,0.82,4.79,0.76,-0.62,0.40,5
-8.81,-1.48,2.50,-2.37,-4.08,-0.89,-8.34,0.74,5.10,0.85,0.29,-0.47,5
-8.49,-1.42,2.40,-5.16,-2.37,0.15,-8.24,0.50,4.97,-2.79,0.92,0.21,5
-8.55,-1.33,2.49,-5.59,-4.07,1.37,-8.39,0.70,4.95,-7.89,0.18,1.47,5
-8.70,-1.29,2.53,-6.53,-4.34,1.53,-8.37,0.51,5.04,-7.68,0.38,0.96,5
-8.52,-1.23,2.65,-7.90,-4.00,1.98,-8.34,0.51,4.87,-7.71,-0.20,1.02,5
-8.53,-1.18,2.63,-6.57,-1.85,1.37,-8.31,0.43,4.94,-5.76,-0.16,1.98,5
-8.57,-1.20,2.74,-5.79,-2.21,0.66,-8.38,0.54,4.87,-4.92,-0.15,0.18,5
