-8.93,3.39,2.47,-14.95,-55.02,3.73,6.33,-5.13,5.16,16.11,68.30,-54.50,3
-6.20,2.57,1.36,-33.87,10.34,-10.69,7.84,0.51,5.28,11.08,63.60,-87.42,3
-7.95,1.94,1.99,-44.18,19.65,-7.53,7.27,2.53,6.77,160.98,88.38,-91.26,3
-11.64,0.77,-0.67,-48.56,11.89,-8.94,10.31,4.32,6.01,167.44,107.92,-69.65,3
-8.84,-0.99,2.43,-38.33,-12.52,8.29,4.02,3.87,15.26,154.52,99.60,-36.71,3
-7.55,-1.74,3.19,-50.45,5.49,16.16,5.48,4.29,17.00,145.01,63.95,-62.47,3
-8.37,-1.84,2.76,7.53,16.45,7.69,4.51,8.49,18.38,76.88,8.67,-52.74,3
-9.74,-1.20,1.52,37.51,19.44,-3.40,6.90,7.91,15.44,72.56,-51.09,-37.30,3
-8.67,2.58,2.54,19.63,-16.25,18.98,9.02,12.04,7.04,-53.07,-20.44,37.90,3
-7.33,2.44,2.86,16.40,-4.41,8.39,6.81,14.98,-3.78,-170.26,42.51,77.29,3
-7.90,2.38,2.37,10.56,13.20,-7.56,-1.97,13.20,2.72,-250.14,24.88,155.82,3
-7.58,3.03,0.96,17.56,26.03,-4.87,-6.59,0.72,6.94,-250.14,-160.79,138.89,3
-10.76,1.54,1.53,-53.87,-7.28,1.57,7.46,-5.87,-6.39,-46.47,-36.89,15.56,3
-9.08,-0.42,0.90,-50.29,-20.76,-6.11,9.86,-4.70,0.70,59.76,33.95,-36.50,3
-8.79,0.01,2.16,-31.29,-18.76,-2.88,5.64,3.66,6.16,66.85,64.28,-72.42,3
-8.56,-0.13,2.07,-26.23,1.29,-2.59,9.50,4.65,5.45,28.79,103.52,-81.73,3
-10.34,-1.22,1.75,36.57,7.06,-15.60,2.00,3.65,12.93,164.23,75.27,-46.99,3
-8.82,0.60,1.71,25.60,-12.19,-10.18,2.29,3.94,13.55,146.83,60.91,-71.56,3
-8.59,1.31,2.31,32.43,-14.76,-1.56,3.24,5.07,13.94,132.28,37.85,-102.79,3
-7.83,2.54,3.70,6.45,-4.16,3.69,5.72,6.13,17.98,158.10,-22.70,-121.28,3
-8.62,2.03,1.49,-7.44,6.31,15.33,10.48,15.44,3.30,-45.03,1.98,-12.00,3
-9.92,-0.03,1.36,-4.13,2.63,21.12,8.98,14.49,2.08,-117.18,47.47,62.06,3
-8.65,-1.58,3.68,10.24,-4.64,-7.50,5.91,14.02,0.50,-137.23,146.69,59.54,3
-9.15,0.32,0.40,60.06,23.64,-18.08,-3.77,15.47,4.44,-206.76,22.85,93.26,3
-7.62,4.41,2.38,23.92,-40.39,2.32,-3.99,-4.89,0.14,-195.73,-250.14,96.48,3
-8.13,3.47,2.61,-9.84,15.25,-9.65,1.49,-7.32,-2.44,-48.56,-182.40,34.54,3
-8.80,3.21,0.73,-21.08,-7.37,4.33,7.70,-4.83,-5.85,-48.13,-44.26,-34.99,3
-9.74,1.98,-0.21,-42.22,30.27,-9.93,11.03,1.65,1.99,40.46,29.48,-27.92,3
-8.19,-0.59,0.60,-36.27,-22.37,-1.89,8.89,3.25,6.55,133.97,108.25,-69.82,3
-9.03,0.35,3.60,-15.74,-12.03,0.30,5.60,3.64,11.51,186.18,106.96,-54.66,3
-9.59,-0.64,2.12,-13.03,-5.84,-2.00,3.92,5.59,13.40,220.47,77.42,-46.62,3
-7.87,-1.36,3.36,-4.73,-20.74,-2.95,2.85,5.89,15.88,209.23,54.54,-84.17,3
-10.53,0.03,1.78,43.60,4.90,-5.61,8.67,9.40,15.03,14.15,-60.58,-104.70,3
-9.04,2.66,3.15,28.95,-16.14,10.19,10.04,16.11,6.14,-10.35,-56.58,-79.51,3
-7.16,2.93,2.82,21.45,11.56,8.18,10.94,13.04,5.19,-94.24,-25.50,4.63,3
-7.87,2.32,2.98,-1.78,28.82,1.92,6.75,16.47,-2.13,-170.08,88.92,73.88,3
-11.41,0.24,1.81,-31.79,-1.20,-5.00,-4.85,5.73,4.82,-250.14,-125.19,193.14,3
-8.18,0.28,3.20,1.18,-23.64,2.76,-3.31,-1.56,1.66,-227.64,-227.62,151.03,3
-8.43,0.54,0.53,6.63,35.69,-20.50,2.00,-4.18,-4.80,-107.63,-249.53,62.62,3
-8.10,2.08,2.29,6.07,-42.24,-4.63,5.56,-5.86,-2.10,-60.41,73.07,27.81,3
-7.13,2.10,0.91,-5.84,4.75,1.06,7.06,-0.86,7.99,58.40,81.20,-83.81,3
-8.42,2.15,-1.71,-16.53,9.70,-6.84,6.74,1.95,10.56,174.44,90.44,-41.70,3
-9.19,0.71,0.65,-44.69,-4.12,1.63,6.21,1.51,9.21,187.76,51.85,-21.66,3
-11.33,0.29,0.58,-54.63,-9.26,2.12,7.41,4.47,12.05,187.42,42.26,-9.55,3
-7.82,-0.93,3.79,-1.40,12.00,-18.19,6.31,5.75,19.04,91.63,17.84,-54.47,3
-8.61,-2.95,1.56,43.65,28.89,-23.60,6.18,7.53,13.78,69.29,-55.20,-77.13,3
-8.81,0.45,1.90,35.59,17.07,-10.82,8.98,8.27,7.96,-50.60,9.73,-79.70,3
-10.95,1.62,0.93,11.44,-5.29,13.92,10.09,9.55,6.35,-32.04,24.08,-76.37,3
-8.24,2.50,1.82,-8.98,13.08,-5.24,5.23,9.45,4.52,-114.57,47.05,11.93,3
-7.69,2.54,-0.02,12.03,18.19,-4.42,-1.81,9.32,5.19,-134.11,30.05,69.89,3
-9.74,1.72,-0.66,-31.22,8.59,-2.53,-5.89,7.96,5.72,-220.37,-166.37,157.25,3
-10.57,0.05,1.16,-39.98,-9.24,-2.77,-4.30,-4.59,0.38,-206.74,-250.14,146.24,3
-7.97,0.01,2.16,-20.40,-9.28,-8.86,8.23,-4.28,-2.79,-4.71,24.15,-44.28,3
-9.44,-0.45,-0.03,16.72,3.18,-10.68,9.98,0.52,4.74,70.26,82.92,-68.16,3
-9.94,1.28,1.89,16.79,3.25,-16.55,6.18,1.47,9.79,72.75,84.18,-107.23,3
-8.57,3.87,2.52,-8.15,-49.44,-1.83,7.20,4.80,12.83,65.13,104.02,-69.42,3
-9.60,0.29,1.36,-17.61,19.65,-2.18,4.62,0.79,18.08,158.16,64.66,-40.77,3
-10.32,-0.57,1.94,-27.62,2.82,-4.73,8.53,4.19,17.45,130.47,27.30,-54.61,3
-9.20,-1.12,3.10,9.70,-7.35,13.71,9.90,6.11,12.95,103.44,-4.40,-68.53,3
-7.76,0.24,2.85,22.28,9.29,10.92,10.87,12.22,6.13,24.31,-33.89,-71.63,3
-11.30,1.67,1.22,25.63,13.14,-6.29,3.12,13.88,2.52,-84.45,24.41,58.87,3
-8.18,2.08,0.24,6.18,-25.60,7.13,-0.14,9.92,1.67,-213.10,-14.02,147.78,3
-8.68,2.79,1.10,12.53,2.44,-10.73,-4.34,2.70,5.09,-226.05,-140.02,148.11,3
-7.49,3.21,1.69,-4.80,4.69,-12.18,-1.85,-2.88,-0.65,-141.91,-247.48,98.44,3
-9.57,0.73,-0.49,-35.67,7.85,-7.25,10.94,-2.40,-1.25,6.80,39.67,-45.13,3
-10.32,1.14,2.57,-49.57,-26.11,-5.39,9.17,0.35,6.44,-20.47,95.34,-93.47,3
-9.13,0.00,0.37,-39.44,-13.37,-3.08,5.92,2.51,12.63,64.53,111.97,-75.24,3
-10.54,-0.73,2.32,-43.34,-4.11,-0.98,5.63,2.51,11.30,136.27,111.44,-63.08,3
-8.10,-1.43,2.75,9.40,12.89,0.91,4.55,4.65,15.72,91.63,76.47,-62.56,3
-9.10,-0.64,1.77,33.33,6.24,-7.69,3.48,4.96,14.85,138.98,48.05,-54.00,3
-9.61,0.92,2.14,18.73,-3.12,-3.17,5.73,6.90,14.57,178.38,2.01,-54.16,3
-7.54,1.94,3.03,11.58,-8.09,12.53,10.04,5.97,7.62,120.92,-10.44,-49.69,3
-8.64,3.29,2.50,7.57,23.11,-9.55,8.98,13.24,-0.34,-34.50,107.49,7.11,3
-8.94,1.60,0.33,-6.15,14.90,-3.11,4.35,13.37,1.02,-89.26,139.11,46.84,3
-10.77,0.02,0.25,-10.03,7.32,-6.59,-0.97,14.08,6.24,-210.93,82.16,81.58,3
-8.50,-1.00,2.58,8.31,-20.07,-0.77,-3.91,8.38,8.03,-250.14,-64.17,116.20,3
-10.10,0.72,0.63,9.11,9.18,-13.00,-1.54,-3.91,-0.69,-236.18,-250.14,66.19,3
-10.60,1.87,0.75,3.92,-4.04,-5.47,3.42,-6.37,-3.83,-76.37,-114.45,20.26,3
-8.38,2.40,1.17,-8.40,-33.12,8.56,8.79,-5.19,-0.79,3.64,20.03,-51.05,3
-7.22,2.13,1.45,-15.79,0.89,1.36,7.63,1.69,3.30,39.39,85.04,-54.94,3
-10.40,1.43,1.18,-41.80,-21.98,7.62,6.79,0.70,13.82,113.79,112.28,-6.53,3
-9.71,0.65,1.55,-39.05,-14.26,4.61,4.42,0.58,15.24,92.06,91.54,-29.75,3
-7.85,-0.61,2.40,-31.22,-21.93,12.73,2.49,3.82,15.83,224.04,64.02,-29.89,3
-9.29,-0.89,2.84,-20.48,-0.11,5.24,4.32,3.15,17.38,165.91,-0.97,-73.67,3
-8.38,0.12,2.72,26.76,4.94,-1.79,10.69,10.46,7.22,91.49,-52.85,-76.83,3
-9.57,1.04,1.99,17.56,3.21,-2.47,9.70,13.71,5.08,-49.32,-14.37,-1.77,3
-8.29,2.34,2.33,26.21,-14.63,1.83,6.41,15.59,4.66,-105.37,85.40,56.15,3
-7.94,2.82,2.24,13.95,6.87,-2.48,0.02,11.58,7.04,-214.32,46.65,128.91,3
-9.96,1.88,0.38,-26.90,15.11,0.72,-1.95,-3.26,2.67,-206.28,-250.14,67.49,3
-9.40,0.98,0.85,-16.60,2.22,-5.55,5.48,-5.27,-3.56,-48.79,-193.13,-7.32,3
-8.35,0.14,1.21,-22.40,-9.26,-9.52,8.67,-4.54,-2.98,-63.19,17.28,-38.21,3
-9.03,-0.50,0.54,-10.00,-8.04,-5.76,7.52,3.64,2.06,55.47,117.80,-20.85,3
-7.75,-0.43,1.78,-2.99,-7.60,3.21,5.97,-0.15,10.87,19.46,170.85,-25.84,3
-8.72,-0.09,2.68,2.10,3.06,1.61,2.83,1.09,15.94,125.07,134.16,-11.98,3
-9.76,-0.47,1.08,33.71,2.43,-6.14,2.99,2.22,17.04,156.73,97.34,-28.96,3
-9.60,1.43,1.91,26.50,-12.46,-9.02,3.99,1.07,19.62,180.15,28.60,-53.49,3
-6.06,2.39,4.13,17.88,4.89,2.76,8.02,8.07,9.11,146.63,-18.60,-80.64,3
-7.08,2.96,1.82,16.07,37.56,-0.86,8.36,12.04,4.49,0.41,31.75,-49.77,3
-10.51,2.12,0.31,-1.60,33.44,-3.59,6.48,12.06,7.88,-98.14,92.22,9.66,3
-10.74,0.66,1.26,-5.96,-1.85,-4.58,3.05,9.60,6.81,-115.93,64.92,70.36,3
-8.79,0.77,1.76,18.99,17.50,-20.07,-7.07,9.13,8.44,-250.14,-218.27,62.79,3
-9.61,0.47,-0.56,26.79,13.76,-18.63,-5.82,-1.18,6.56,-249.20,-250.14,44.02,3
-8.38,1.47,-0.03,11.10,-4.09,-14.96,0.85,-1.64,-1.55,-37.27,-250.14,26.45,3
-9.02,2.27,0.58,-0.08,-7.53,-6.59,7.07,-0.80,-8.36,-55.14,-58.24,16.99,3
-9.66,1.13,1.64,-29.09,-14.49,0.27,8.04,2.13,3.06,-14.43,145.66,-57.24,3
-9.34,1.60,1.26,-42.24,-34.61,9.51,8.25,2.48,9.41,59.17,165.98,-28.31,3
-8.02,-0.58,1.86,-51.35,-15.07,0.62,3.58,1.46,16.15,164.85,131.31,-5.86,3
-9.19,-0.25,1.66,-39.50,-18.66,7.51,2.66,2.96,16.67,194.52,86.53,8.24,3
-8.18,-1.49,2.29,24.35,3.43,-3.19,4.63,4.16,15.34,154.80,-16.11,-69.47,3
-8.81,-0.40,2.05,25.05,8.59,-8.79,5.35,4.49,13.62,149.31,-27.11,-69.13,3
-10.32,1.11,1.63,26.76,-10.37,-4.16,5.35,6.92,11.05,136.65,-42.31,-76.81,3
-6.90,2.37,2.58,21.47,-14.56,12.13,7.35,14.35,4.37,39.25,-8.82,-48.78,3
-9.70,1.26,-0.06,17.97,11.25,-4.62,2.00,12.64,6.04,-153.35,56.40,78.43,3
-8.70,1.74,1.70,-5.35,2.07,-1.15,-3.73,9.31,4.73,-250.14,-28.47,127.66,3
-9.45,0.48,0.01,-20.94,-0.84,1.27,-3.57,2.02,6.75,-250.14,-151.36,116.28,3
-8.57,0.77,1.64,-16.22,-9.13,5.67,-1.00,-4.66,6.81,-214.76,-223.73,71.98,3
-8.06,0.13,1.10,9.05,5.78,-13.74,8.62,0.68,1.82,-11.07,3.95,-55.59,3
-8.81,0.66,2.42,0.01,9.76,-17.58,6.58,2.61,4.39,29.46,82.97,-39.01,3
-9.34,2.03,1.67,0.07,-15.63,0.95,7.48,1.84,6.60,34.20,112.02,-16.50,3
-8.04,2.25,1.94,-2.27,4.71,8.76,6.16,-0.98,9.37,142.50,147.22,-15.38,3
-10.04,0.46,1.48,-38.05,-3.04,8.21,3.43,0.37,15.68,150.28,76.57,-6.88,3
-8.94,0.17,2.15,-27.14,-11.82,4.40,3.42,2.97,18.59,162.85,8.92,-33.28,3
-8.97,-0.58,1.67,-13.55,1.61,-0.89,4.90,2.97,15.34,202.64,-60.72,-44.99,3
-8.91,-1.08,4.25,-9.36,-13.89,5.00,8.44,9.87,7.98,25.16,-40.12,-59.25,3
-10.45,0.99,0.57,40.08,5.25,1.68,4.57,9.07,7.13,-50.84,68.84,-38.30,3
-9.65,1.56,1.04,31.18,-4.97,4.09,2.84,13.57,6.90,-101.52,75.40,-7.62,3
-7.59,2.64,1.89,33.35,-30.07,8.82,-0.41,9.18,10.80,-97.69,23.47,43.05,3
-7.38,3.23,2.62,3.49,0.85,-7.78,-4.73,8.80,8.31,-140.82,-46.52,76.61,3
-9.04,2.21,0.50,-26.97,13.82,-7.14,0.52,-3.73,-0.20,-45.36,-250.14,72.17,3
-9.41,1.82,0.23,-27.43,3.87,-6.44,4.98,-2.57,-4.47,19.65,-164.08,57.66,3
-9.71,0.44,1.18,-43.17,-11.56,-6.37,7.65,-2.38,-3.92,-32.98,-25.69,20.74,3
-9.44,0.55,2.59,-20.11,-21.88,1.10,9.88,-0.84,-0.21,19.36,75.54,-21.44,3
-7.99,0.05,1.74,-8.52,0.02,-1.89,5.43,8.74,11.31,250.13,100.22,-84.02,3
-9.35,-0.32,1.35,4.74,10.80,-9.02,2.86,6.97,15.26,250.13,71.95,-74.22,3
-9.65,-0.24,0.90,26.52,-14.76,-4.92,2.71,6.95,16.54,134.42,30.37,-118.66,3
-7.62,1.08,1.92,24.03,-24.76,2.44,5.66,9.20,11.68,171.40,32.66,-135.96,3
-9.61,2.01,2.45,16.99,-0.95,5.74,6.04,16.96,8.22,-95.65,11.28,-83.69,3
-9.68,2.14,2.15,8.34,16.81,5.58,7.47,17.08,3.33,-114.70,-30.26,-50.26,3
-8.50,1.54,2.28,-2.28,-2.70,4.44,5.13,16.47,2.60,-161.70,28.21,50.45,3
-8.90,-0.17,2.80,-9.25,11.76,-6.27,1.26,9.50,6.49,-186.92,64.52,126.64,3
-8.91,0.88,1.11,22.54,5.99,-14.88,-4.58,2.31,4.92,-250.14,-208.63,103.66,3
-9.00,1.42,1.22,25.94,6.03,-15.94,-3.15,-3.04,2.03,-219.75,-250.14,59.23,3
-10.14,1.80,1.94,11.51,-8.73,-14.40,2.58,-5.26,-2.17,-39.02,-158.64,3.64,3
-8.62,2.44,0.52,4.78,-23.00,-1.50,7.36,-2.44,-5.58,-8.37,-19.66,-54.03,3
-9.09,2.20,0.64,-13.85,1.92,-1.12,8.16,2.01,7.18,36.74,127.37,-68.36,3
-9.17,1.06,1.47,-42.19,-18.71,0.37,6.10,1.07,9.70,98.36,151.42,-40.34,3
-9.50,-0.07,0.67,-53.02,-1.52,0.11,5.23,7.29,15.48,145.38,109.56,-18.32,3
-9.25,0.26,1.42,-42.82,-16.01,12.11,2.07,2.57,13.86,171.05,53.32,-28.74,3
-8.35,-1.56,2.71,12.56,7.93,-5.43,3.54,5.98,14.96,165.08,40.98,-73.68,3
-9.33,-0.83,2.16,21.55,14.56,-7.15,3.92,6.79,13.77,196.36,-8.89,-92.05,3
-9.90,1.15,2.31,11.21,-10.46,9.44,4.47,7.61,9.65,130.68,-45.66,-98.41,3
-7.24,2.28,2.99,15.07,-11.33,20.00,5.48,14.58,5.18,27.90,-34.48,-80.56,3
-8.22,2.54,2.70,10.75,17.13,-5.00,4.57,14.32,2.52,-122.57,30.71,50.49,3
-8.65,2.26,1.53,13.33,29.07,-12.22,2.21,14.89,1.88,-180.95,88.76,73.63,3
-9.58,1.21,-0.59,6.60,18.95,-7.82,-2.62,11.42,6.54,-211.10,44.36,132.92,3
-8.96,1.13,0.76,1.26,2.34,-1.70,-5.06,7.39,9.07,-211.40,-77.34,163.27,3
-9.45,0.29,2.84,-19.32,-15.32,-0.95,-1.89,-5.81,1.82,-127.92,-250.14,65.41,3
-9.45,0.09,1.11,-24.66,9.39,-5.98,3.23,-5.61,-2.38,30.92,-188.92,-2.99,3
-8.74,0.40,2.67,-23.08,-12.35,-8.94,8.60,-1.16,-3.89,26.82,-51.40,-70.11,3
-9.67,-0.05,-1.33,8.83,7.27,-17.34,10.59,2.97,1.08,50.54,49.61,-75.37,3
-8.80,1.10,1.85,-16.96,-25.57,1.99,6.47,2.73,9.37,105.76,128.56,-69.04,3
-7.96,1.41,2.39,-25.15,-8.10,6.23,4.48,3.87,12.08,163.83,112.33,-78.91,3
-7.59,1.08,1.39,-26.28,2.60,8.53,5.34,6.57,15.92,149.34,67.18,-53.72,3
-9.49,0.58,1.19,-27.20,17.47,6.16,5.40,4.88,14.22,146.78,37.89,-49.17,3
-8.12,-0.55,2.33,-5.87,-6.68,15.48,7.84,8.70,11.27,84.61,-19.63,-76.92,3
-9.64,0.15,2.76,-1.34,4.15,9.23,9.07,10.19,4.72,-3.37,-11.63,-75.31,3
-8.90,0.19,3.50,8.17,-3.21,7.44,8.77,14.43,1.41,-51.63,65.68,-35.98,3
-8.80,-0.15,2.78,22.37,19.24,-4.53,4.73,14.50,3.56,-83.55,94.10,4.55,3
-10.06,1.27,-0.49,49.98,-6.60,-8.94,-2.68,11.29,7.94,-209.66,-38.14,122.80,3
-7.92,2.87,1.51,50.85,-26.78,-2.92,-4.24,7.41,5.94,-250.14,-108.68,142.63,3
-7.37,4.04,1.42,5.95,1.83,-2.94,-4.05,-2.22,3.60,-250.14,-240.82,122.82,3
-7.75,2.98,2.69,-7.69,-1.53,-3.10,-0.44,-5.75,0.24,-115.51,-183.93,56.70,3
-8.90,0.48,1.16,-34.50,-2.51,-7.99,8.20,-2.84,1.39,16.96,17.35,-66.63,3
-9.45,0.51,-0.28,-34.67,0.90,-12.44,10.09,2.13,1.59,32.37,60.06,-52.21,3
-9.76,-0.33,1.23,-37.16,-13.72,-15.77,6.58,4.69,5.28,67.54,98.88,-47.73,3
-9.50,-0.63,0.34,-20.50,-11.82,-4.69,7.75,3.77,7.65,149.74,133.89,-46.80,3
-8.40,-0.71,1.17,-5.85,-11.73,1.92,3.09,4.05,13.93,193.47,83.40,-88.92,3
-8.32,-1.35,2.23,-0.52,-7.93,-10.89,3.60,3.95,15.70,147.53,67.56,-116.61,3
-10.17,0.41,1.26,27.81,-12.51,-3.26,3.45,6.89,17.28,194.52,28.27,-116.97,3
-8.47,0.46,1.27,19.73,-6.79,7.36,6.36,7.78,15.93,165.69,-55.37,-122.47,3
-7.87,3.45,4.09,20.69,3.60,6.99,7.15,18.60,4.03,-140.79,33.66,50.25,3
-7.71,2.89,2.77,11.70,19.91,3.71,5.66,15.27,5.17,-145.22,52.75,79.08,3
-8.99,2.37,-0.14,16.18,33.27,2.88,-0.14,13.87,1.33,-223.35,112.19,96.41,3
-9.81,1.87,0.05,1.53,9.73,1.15,-3.49,6.55,7.04,-198.23,61.03,134.50,3
-7.81,1.00,2.34,-7.13,-14.44,-6.14,-5.32,0.33,4.94,-205.63,-241.08,77.77,3
-8.78,0.33,1.83,1.99,12.25,-11.95,-2.99,-3.15,2.32,-134.61,-250.14,32.81,3
-9.34,0.92,0.41,0.68,-2.79,-17.88,1.61,-4.43,-2.59,-14.58,-185.45,-31.75,3
-11.01,1.39,1.59,-10.42,-8.02,-19.41,7.90,-2.53,-2.38,14.43,-66.75,-71.95,3
-8.00,2.37,2.25,-24.53,5.86,-9.59,7.32,4.44,6.44,29.17,145.76,-104.37,3
-8.53,2.05,0.73,-26.84,16.82,-1.86,7.01,4.74,8.41,104.89,173.76,-83.92,3
-9.68,0.83,1.10,-56.31,-0.44,0.50,4.35,3.33,15.22,113.97,148.72,-53.46,3
-9.12,-0.29,1.63,-45.92,0.15,7.13,2.31,4.80,14.07,184.62,102.82,-46.64,3
-9.86,-0.85,2.56,-4.30,6.18,-5.39,4.67,6.42,14.87,245.61,-1.20,-69.40,3
-9.19,-2.08,3.14,1.56,-3.55,0.73,6.16,7.89,12.94,174.68,-71.19,-94.86,3
-8.89,-0.88,2.54,30.47,0.20,-1.83,5.69,12.07,9.62,95.49,-63.79,-94.06,3
-9.12,0.58,1.23,36.90,-4.44,0.48,4.72,19.62,-0.46,-98.35,-63.47,-35.28,3
-7.85,2.34,1.81,41.42,-19.44,4.37,-0.27,16.13,0.03,-183.51,71.60,109.56,3
-8.12,3.71,2.59,32.56,-18.92,4.38,-2.98,12.72,4.93,-186.14,30.28,156.93,3
-7.53,3.54,2.52,15.82,1.28,-6.37,-6.20,10.14,5.49,-250.14,-110.24,190.50,3
-8.13,2.66,1.20,-1.55,28.05,-10.07,-5.74,-2.06,3.41,-250.14,-198.15,175.65,3
-9.75,0.39,0.96,-34.81,3.54,-4.25,4.21,-6.13,-4.50,-76.88,-58.08,15.04,3
-9.03,0.46,0.46,-38.50,-22.21,-2.78,8.33,-6.17,1.39,6.56,32.47,-35.29,3
-9.38,0.08,2.08,-34.09,-1.42,-6.60,6.88,1.24,5.26,58.28,66.97,-65.82,3
-9.62,0.06,3.39,-40.12,-21.66,-2.76,7.53,4.66,7.45,85.02,67.97,-66.16,3
-8.95,-0.75,1.98,2.06,22.79,-19.22,5.21,5.21,11.22,173.71,82.41,-79.47,3
-9.94,-0.57,1.47,3.04,-3.40,-16.99,6.54,4.04,12.91,180.62,63.78,-72.47,3
-9.39,0.44,2.29,11.73,-4.40,-4.63,5.50,4.85,9.78,191.15,51.32,-96.22,3
-8.15,0.74,1.48,17.16,-15.08,7.50,3.65,6.76,12.48,221.66,17.94,-107.48,3
-7.47,1.57,2.54,14.78,21.29,0.77,5.76,15.34,8.61,-9.27,-32.67,-81.60,3
-9.28,1.59,1.41,3.07,34.90,5.75,7.49,12.85,3.90,-39.91,9.05,-45.44,3
-9.70,1.66,1.11,-10.73,6.51,21.21,5.96,15.55,2.29,-121.14,79.46,12.74,3
-8.67,0.11,2.29,-18.50,13.91,16.98,4.81,12.03,4.80,-104.56,124.24,28.79,3
-9.60,-0.28,0.19,46.86,21.32,-12.57,-4.55,13.46,6.25,-250.14,21.21,64.41,3
-9.59,0.86,-0.21,42.27,-2.69,-14.61,-5.85,6.89,10.14,-250.14,-76.18,99.51,3
-9.24,1.98,0.42,25.60,-5.95,-13.23,-6.17,1.56,6.58,-250.14,-199.83,101.34,3
-8.59,2.82,1.90,7.66,-24.18,1.44,-3.80,-3.73,2.50,-200.43,-250.14,68.29,3
-7.63,3.18,1.75,-30.42,13.04,-11.68,6.21,-2.84,-6.26,13.89,-98.77,-37.79,3
-9.97,2.35,-0.67,-23.12,10.15,-6.76,9.57,-1.73,-1.84,53.98,0.44,-56.63,3
-9.42,1.21,0.99,-37.74,8.73,-8.39,8.67,2.96,4.78,46.00,35.89,-66.98,3
-9.70,1.17,1.90,-48.49,-18.68,1.05,8.13,5.23,4.21,52.29,70.99,-109.42,3
-9.88,-1.43,2.22,-38.67,-11.06,-2.05,7.39,3.32,12.78,117.15,138.44,-68.28,3
-7.83,-1.94,2.76,-22.15,-10.85,1.69,4.75,5.91,13.80,133.23,136.20,-70.66,3
-8.63,-0.90,1.71,18.18,14.09,-1.06,2.05,6.91,15.98,130.77,107.93,-58.44,3
-9.19,-0.22,1.21,17.63,-6.19,-8.21,3.10,4.70,16.77,112.70,66.56,-43.33,3
-7.51,3.35,3.32,21.30,-2.49,23.21,4.83,8.06,10.60,97.37,-36.44,-67.21,3
-8.77,2.23,2.72,11.76,15.98,11.08,7.33,10.75,6.16,67.85,-1.80,-44.89,3
-9.02,2.52,1.88,4.76,15.04,8.74,6.28,14.26,3.99,-58.15,41.26,8.50,3
-9.26,1.82,1.54,2.64,9.30,6.62,4.96,15.02,3.49,-130.25,22.66,31.31,3
-9.24,0.45,1.07,9.06,-4.47,2.27,0.82,8.67,6.91,-144.50,74.62,99.83,3
-9.81,0.58,2.12,22.85,-14.09,-2.30,-1.69,7.61,7.98,-175.79,-14.96,102.85,3
-8.50,0.25,1.43,18.95,-5.34,-13.28,-3.60,4.03,8.42,-219.67,-117.40,97.57,3
-8.97,0.86,1.62,28.37,6.21,-25.27,-5.09,-1.20,6.70,-217.59,-213.30,63.23,3
-9.12,2.61,1.32,-7.03,-4.64,-9.44,3.15,-2.88,-3.30,-1.49,-147.10,-44.93,3
-7.41,2.64,-0.27,-7.89,-29.45,4.18,7.50,-1.29,-5.40,8.66,-25.36,-76.37,3
-7.84,2.38,0.31,-41.23,7.42,-9.39,9.90,2.32,0.94,66.54,50.17,-84.75,3
-9.82,1.62,1.99,-53.35,2.32,-5.30,7.84,1.30,5.41,54.23,89.32,-112.40,3
-7.71,-0.74,1.60,-45.97,-23.81,5.02,5.20,5.89,12.53,147.79,118.44,-49.88,3
-10.53,-0.20,3.05,-34.80,-11.37,8.11,2.09,5.34,13.13,169.58,114.18,-32.19,3
-6.72,-0.75,4.34,-34.52,-23.41,0.04,2.22,6.53,14.33,88.56,113.31,-60.07,3
-7.82,-1.29,2.07,16.05,37.47,-17.28,0.25,5.76,15.07,86.47,92.62,-68.93,3
-10.58,1.69,1.68,14.54,3.20,-0.44,4.73,7.71,13.23,-35.82,22.41,-51.62,3
-7.47,2.10,2.84,15.76,-8.99,13.91,3.86,8.73,17.46,14.62,-10.90,-16.14,3
-7.74,1.63,3.42,12.60,18.81,5.19,5.81,4.60,15.11,51.34,-65.95,25.80,3
-9.33,2.05,2.39,15.47,20.83,-6.89,8.01,8.33,9.20,39.99,-68.67,34.35,3
-10.23,0.86,1.48,16.30,12.13,1.62,4.21,11.27,2.83,-117.09,112.49,82.72,3
-7.98,-0.52,1.64,36.60,-10.91,-6.63,0.96,11.43,9.07,-123.72,63.24,78.76,3
-9.02,0.73,-1.24,56.09,16.24,-9.56,-4.91,6.83,10.93,-186.34,-36.21,70.70,3
-9.06,2.63,1.37,34.11,-14.01,-4.37,-5.28,2.11,8.44,-141.32,-158.58,76.60,3
-8.90,2.76,1.50,-4.47,19.45,-15.23,2.06,-3.41,-1.78,-33.53,-166.08,-8.85,3
-10.09,1.79,-0.55,-20.51,7.66,-15.00,5.85,-0.84,-4.13,-40.98,-96.48,-32.11,3
-9.12,0.36,0.30,-39.86,-15.82,-14.23,9.41,-0.26,-0.57,-3.72,-17.68,-53.98,3
-9.18,0.04,2.03,-30.63,-19.57,-12.63,9.36,3.53,1.03,-4.67,63.41,-57.04,3
-9.20,-0.64,2.58,-19.38,2.95,-2.69,6.16,5.60,11.23,100.40,142.81,-80.35,3
-8.92,0.09,1.71,-16.80,-11.52,2.05,5.93,6.08,14.17,153.44,124.73,-35.77,3
-9.01,-1.17,1.44,-1.73,7.27,-8.26,2.82,4.05,15.45,153.34,89.60,-42.25,3
-9.18,-0.01,1.75,4.15,-0.58,-1.00,2.80,5.21,14.50,90.56,66.21,-55.18,3
-7.99,1.09,1.89,8.45,-20.68,12.47,1.92,5.93,14.09,166.67,25.76,-74.30,3
-8.23,1.80,3.55,-5.93,2.03,12.90,3.43,7.06,13.24,131.08,-16.73,-82.18,3
-7.43,2.17,3.45,8.10,9.39,12.63,5.95,11.28,8.56,60.15,-63.53,-86.36,3
-9.35,2.59,1.65,1.20,40.35,2.79,6.56,13.47,4.79,-45.46,-3.20,-43.88,3
-9.39,1.03,0.89,-16.32,11.25,8.98,3.91,10.80,4.21,-86.95,119.86,33.92,3
-9.19,0.33,1.37,-4.40,-7.15,4.34,0.07,14.08,5.61,-151.84,96.21,66.22,3
-9.23,0.34,2.07,13.73,-15.71,-1.90,-3.81,11.90,8.49,-201.93,3.46,106.75,3
-8.16,0.34,1.33,34.48,1.17,-12.61,-6.51,8.83,9.27,-216.80,-149.07,122.08,3
-10.06,2.04,0.76,12.32,5.66,-10.18,-1.60,-4.00,-0.37,-122.05,-237.03,71.38,3
-9.09,2.74,1.48,-6.54,-31.57,7.60,2.03,-4.31,-3.75,-53.85,-168.31,28.15,3
-8.05,2.79,1.20,-30.75,-4.76,-0.82,7.33,-2.70,-2.32,-11.47,-75.37,-22.92,3
-7.90,2.29,1.64,-20.85,5.44,-7.47,10.15,1.03,0.00,-2.46,10.84,-64.99,3
-9.37,0.40,1.06,-54.39,-13.47,5.06,6.76,1.49,7.22,116.97,92.42,-71.69,3
-8.43,-0.09,1.75,-58.88,-24.15,9.60,6.05,5.16,9.32,204.68,120.43,-57.56,3
-9.37,-0.58,2.28,-40.02,-4.69,4.41,4.54,4.49,11.99,157.89,132.06,-70.73,3
-8.20,-0.35,3.96,-33.73,-8.79,-1.16,2.69,5.79,13.15,213.50,121.26,-69.66,3
-10.25,-0.17,1.20,30.43,7.76,-9.51,1.32,8.96,13.09,94.28,9.21,-135.08,3
-9.39,0.11,1.46,36.91,-19.15,-1.66,5.57,8.78,10.51,85.09,-11.44,-119.99,3
-9.54,2.25,3.23,21.86,-11.50,10.88,4.25,10.40,9.06,114.35,-51.37,-101.39,3
-7.28,3.10,3.80,-0.26,-2.85,18.93,5.11,14.42,4.58,-8.31,-54.00,-73.12,3
-9.78,1.59,0.28,0.61,14.12,2.37,2.71,15.60,1.26,-114.81,77.31,50.53,3
-9.93,0.88,0.40,5.12,-2.91,4.07,0.36,12.68,3.46,-167.02,83.10,85.34,3
-8.23,0.22,0.93,14.79,-10.71,5.26,-2.11,9.56,4.58,-171.87,52.03,99.78,3
-10.15,0.90,2.30,11.18,-6.66,-3.06,-3.82,6.63,7.96,-163.92,-21.21,95.90,3
-9.05,1.36,0.76,24.24,10.63,-16.08,-3.29,2.91,5.99,-126.44,-243.41,116.57,3
-10.39,1.98,0.48,11.83,10.40,-14.72,-0.55,-0.36,1.38,-119.54,-217.05,107.20,3
-8.68,2.55,1.35,-10.47,-26.08,-2.34,4.33,-3.98,-1.80,-78.15,-157.97,64.77,3
-7.89,3.08,0.81,-6.65,1.96,-10.14,7.40,-4.14,-3.86,-10.86,-73.00,6.24,3
-10.48,2.17,0.56,-18.60,3.92,-13.73,9.67,-0.57,7.91,4.18,25.34,-65.26,3
-9.52,1.66,1.05,-29.08,-19.73,-11.50,8.39,0.14,6.65,40.69,2.89,-104.52,3
-9.83,0.69,1.32,-43.19,-28.66,-2.56,6.41,3.59,6.59,173.46,66.46,-101.79,3
-7.79,-0.35,1.88,-42.82,-28.94,2.35,4.83,5.71,9.02,118.77,114.56,-90.36,3
-7.06,-1.72,2.34,-24.65,-8.95,-3.60,2.73,7.86,12.98,99.18,77.57,-100.09,3
-8.64,-2.27,1.77,17.58,30.99,-15.96,2.07,8.46,11.91,146.64,74.26,-101.30,3
-10.28,-0.18,0.75,23.74,12.13,-9.29,3.00,8.78,10.41,112.82,58.10,-113.89,3
-10.01,0.74,2.21,13.67,-9.57,2.43,3.61,7.70,10.43,146.85,-14.32,-112.76,3
-7.12,3.32,4.61,1.43,12.08,11.86,6.41,16.56,3.45,-51.48,-74.47,-37.02,3
-7.56,2.89,2.73,11.37,36.21,3.93,5.31,16.24,1.57,-132.70,-3.22,12.57,3
-10.44,2.11,-0.41,-5.04,29.71,12.06,1.53,15.33,-1.53,-145.18,33.03,56.46,3
-10.21,1.35,0.56,-10.22,-2.45,20.50,-0.83,11.24,3.90,-197.24,149.15,72.82,3
-8.85,1.32,2.12,10.17,-11.35,-9.36,-5.30,9.48,6.62,-237.63,-17.89,129.38,3
-7.93,0.82,2.47,7.91,-4.76,-12.16,-6.55,6.07,6.44,-250.14,-148.52,145.35,3
-7.98,-1.31,-0.56,26.96,14.27,-24.69,-5.02,-0.91,6.63,-193.89,-242.23,127.88,3
-10.59,0.46,0.70,15.83,7.66,-20.95,-2.23,-4.26,3.52,-115.14,-212.89,76.61,3
-8.23,3.08,1.66,-9.82,-17.12,3.69,8.73,-3.37,-2.89,46.76,-64.55,-72.73,3
-7.91,2.48,1.17,2.09,-21.82,-5.82,9.69,-0.21,-0.50,63.26,11.56,-91.32,3
-8.86,2.52,0.62,-11.87,13.34,-15.97,9.62,1.00,2.90,49.09,45.00,-117.89,3
-9.46,1.47,1.76,-29.93,-14.91,-8.06,7.06,3.98,6.08,92.79,109.02,-122.32,3
-8.40,0.41,1.62,-37.61,-32.44,9.05,3.44,5.18,12.64,132.86,117.73,-102.58,3
-8.92,-0.44,2.00,-29.27,-8.94,1.08,2.76,8.64,13.90,196.55,103.51,-102.96,3
-8.65,-0.95,3.04,-22.29,-11.08,-6.14,2.41,8.04,13.86,250.13,50.52,-98.47,3
-8.41,-1.44,3.12,10.13,2.47,-4.58,3.70,8.96,13.22,187.85,-22.21,-113.79,3
-9.05,0.95,1.90,22.95,-3.24,2.85,5.39,15.23,7.57,-91.47,42.30,-26.08,3
-8.78,1.03,2.25,34.95,-2.30,4.17,5.82,18.71,4.65,-204.55,13.93,28.15,3
-8.61,2.11,1.27,33.36,-3.85,15.71,4.63,11.74,5.06,-160.67,66.75,43.18,3
-9.05,2.97,2.99,17.63,1.06,9.40,2.46,12.90,2.49,-207.99,98.29,74.14,3
-9.90,2.62,0.26,-1.34,20.18,-11.87,-7.10,7.95,9.18,-187.09,-53.88,119.05,3
-8.80,1.80,0.79,-10.08,-3.63,-1.52,-6.79,1.75,7.04,-204.53,-184.01,125.09,3
-9.45,1.58,1.82,-25.80,-2.37,-4.20,-5.36,-1.72,3.95,-165.44,-250.14,100.07,3
-8.92,0.78,1.15,-42.73,-10.83,2.06,-1.49,-5.12,-0.16,-42.96,-250.14,45.12,3
-8.60,0.15,2.66,-29.44,-12.28,-9.33,8.16,0.99,-3.05,62.24,-47.43,-64.84,3
-8.09,0.10,2.96,-9.77,-21.14,-6.89,10.28,3.83,-1.17,40.26,31.58,-95.72,3
-8.16,-0.11,2.77,-3.02,15.40,-16.59,6.10,3.44,3.31,66.99,87.47,-136.10,3
-10.48,0.66,0.28,2.82,-12.44,-11.11,6.85,7.78,7.24,73.30,133.89,-151.24,3
-6.81,1.82,3.54,-15.99,-8.56,-3.62,2.70,5.82,15.54,101.53,76.22,-152.05,3
-8.30,1.37,2.54,-5.54,15.31,-10.27,1.18,10.52,15.42,173.82,73.95,-121.28,3
-8.93,0.79,1.02,-13.13,18.06,-16.24,3.90,7.61,14.48,240.31,22.34,-88.92,3
-9.28,-1.44,2.53,-10.01,9.35,-4.08,7.04,11.65,8.83,107.08,-19.44,-78.40,3
-8.46,0.23,3.01,-3.53,8.70,21.47,6.14,15.83,4.75,-116.29,48.68,22.89,3
-8.75,-0.05,3.77,14.63,10.77,16.54,5.72,15.91,0.03,-184.24,65.04,45.80,3
-8.92,-0.06,2.18,35.28,7.79,8.79,2.58,12.65,2.85,-155.76,106.56,52.50,3
-9.87,0.55,0.09,41.73,6.26,-1.90,-2.24,11.52,4.25,-234.27,70.71,85.65,3
-7.64,4.12,1.51,33.48,-39.45,12.75,-5.58,5.96,7.27,-182.97,-163.05,109.52,3
-7.22,4.02,3.22,11.09,-15.50,-1.57,-5.70,0.14,6.51,-152.94,-233.79,105.28,3
-7.45,2.85,3.21,-12.21,-6.79,-9.73,-3.19,-1.00,4.10,-75.59,-250.14,83.79,3
-9.06,2.96,0.68,-26.48,34.47,-10.62,1.40,-3.94,1.07,-1.73,-202.69,35.60,3
-9.94,0.97,1.08,-32.50,-8.24,-8.18,10.68,-0.11,0.47,62.82,-51.81,-25.05,3
-8.89,0.50,2.03,-31.69,-16.99,-4.19,7.82,-0.13,2.40,22.67,-16.79,-55.35,3
-9.34,0.08,1.81,-26.44,-12.71,-0.40,9.85,0.04,3.17,135.15,6.89,-116.66,3
-8.69,0.20,2.94,-17.44,-18.85,-3.90,6.90,4.70,7.92,141.93,35.62,-159.60,3
-9.43,-0.59,1.84,-12.21,30.62,-14.29,4.97,8.11,8.01,250.13,38.34,-177.01,3
-9.10,-0.85,1.33,5.34,2.34,-6.26,5.56,11.08,7.41,172.52,10.27,-171.02,3
-10.15,0.54,1.49,12.79,1.80,-5.37,8.53,9.13,6.22,41.14,18.13,-163.55,3
-7.97,0.96,3.81,19.03,-21.95,21.16,7.16,12.29,5.31,-41.25,25.03,-172.85,3
-8.21,3.05,2.21,-6.15,31.02,9.63,3.94,15.43,6.05,-129.64,119.39,-58.63,3
-9.64,2.85,1.18,-9.92,31.08,11.95,2.16,17.57,1.07,-207.37,113.98,-15.01,3
-9.06,1.81,0.33,-11.24,15.17,15.76,-0.29,11.85,6.16,-221.16,108.96,64.73,3
-9.28,0.85,0.11,-12.85,4.98,-4.33,-3.60,10.67,8.00,-205.07,48.34,119.12,3
-8.92,0.66,2.37,-1.67,-4.51,-4.76,-5.47,4.65,6.52,-183.95,-148.57,140.08,3
-8.49,0.17,1.61,0.12,1.95,-3.50,-5.55,-0.43,7.53,-153.87,-223.21,118.65,3
-8.65,-0.28,1.18,-0.09,15.09,-17.24,-3.56,-2.19,7.33,-76.66,-238.53,77.11,3
-9.94,0.91,0.19,5.09,1.79,-13.76,0.44,-2.90,1.41,19.40,-235.40,14.15,3
-7.86,3.47,2.36,-12.87,-31.60,-2.84,8.06,1.24,-2.38,63.14,-90.42,-58.96,3
-8.37,2.31,1.43,-0.37,-9.89,-9.16,12.21,0.33,-1.33,68.49,12.15,-83.85,3
-8.18,2.22,1.88,-9.64,-9.69,-10.44,5.84,3.99,8.08,78.04,56.69,-100.57,3
-10.23,0.37,-0.16,-20.79,14.14,-4.79,7.04,6.89,8.35,185.50,44.60,-120.33,3
-6.94,-0.42,2.07,-38.73,-19.61,-1.65,6.50,7.50,10.72,140.84,12.53,-112.34,3
-8.59,-1.44,3.07,-9.84,8.76,-6.87,5.52,5.06,10.08,203.81,-19.53,-139.05,3
-8.95,-1.34,4.26,-7.44,-5.21,-7.22,7.87,10.71,2.43,63.25,-53.09,-184.58,3
-8.19,-1.19,2.94,21.21,5.69,8.44,6.59,11.51,0.56,-28.16,-10.63,-167.27,3
-9.41,0.52,1.81,18.93,11.98,11.45,2.52,17.07,1.83,-132.82,14.68,-64.08,3
-10.60,1.13,0.98,27.62,-6.95,14.20,2.64,18.33,0.54,-203.58,34.02,3.07,3
-7.31,2.90,1.61,42.48,-23.89,26.79,1.35,13.39,3.72,-214.92,42.95,58.11,3
-8.35,3.12,2.11,52.26,0.37,2.51,-0.00,11.08,4.46,-211.27,118.18,99.45,3
-9.50,3.42,0.14,29.19,31.22,-16.51,-5.70,5.75,8.81,-192.87,-36.76,153.32,3
-10.04,2.25,0.71,-1.85,-2.01,-7.87,-7.01,1.51,10.39,-176.36,-121.34,156.58,3
-8.94,1.61,0.98,-20.54,-3.70,-9.30,-4.70,-2.49,7.82,-96.73,-230.82,140.08,3
-8.80,0.84,1.28,-31.63,-13.89,-1.81,-1.54,-3.49,2.82,-44.01,-230.89,86.86,3
-10.81,0.90,1.97,-36.56,-24.47,-4.63,7.61,-1.91,0.76,92.89,-114.20,-22.85,3
-7.68,0.98,3.65,-17.93,-30.91,-7.37,8.20,0.21,2.17,127.45,-106.47,-66.77,3
-7.87,0.13,1.85,-16.50,8.03,-16.96,7.61,1.59,2.19,218.93,-108.19,-108.64,3
-9.66,0.17,0.26,-12.11,23.62,-25.95,8.37,2.85,0.98,249.41,-104.43,-153.89,3
-10.00,0.86,1.96,-4.02,-5.89,-4.39,8.90,9.61,1.43,200.17,-66.25,-208.70,3
-7.56,1.12,2.97,6.75,-26.67,4.83,5.86,8.80,1.00,160.66,-61.10,-224.53,3
-8.21,2.04,4.22,-6.15,-3.46,-5.45,4.06,13.35,0.00,31.35,-40.87,-212.53,3
-7.20,1.03,2.30,5.69,9.76,-0.66,3.70,17.49,-3.21,-86.12,-0.98,-176.60,3
-8.82,0.80,1.04,-15.08,0.45,6.34,2.92,19.62,-0.20,-250.14,51.75,9.76,3
-8.38,0.47,1.54,-8.56,9.66,12.64,3.42,14.50,2.49,-250.14,77.98,69.37,3
-9.24,0.58,1.72,-18.27,5.28,25.41,2.77,12.25,3.12,-250.14,103.04,112.87,3
-10.05,-0.09,2.28,-12.22,-0.48,22.10,1.97,9.29,7.43,-171.56,90.08,123.99,3
-9.16,0.63,0.60,40.18,11.27,-20.18,-2.57,7.06,8.63,-164.67,-3.80,115.48,3
-8.63,1.29,0.66,28.83,-4.02,-14.44,-3.31,3.35,5.92,-182.11,-109.29,107.87,3
-8.71,0.62,-0.01,45.15,-8.50,-12.57,-4.30,-2.97,4.35,-150.65,-179.53,91.90,3
-7.89,3.51,2.54,11.18,-24.92,0.20,-3.94,-2.82,0.21,-41.80,-246.21,64.00,3
-9.96,1.75,-0.40,-35.21,31.95,-13.17,8.76,-2.52,0.30,-74.66,-37.92,-6.44,3
-10.47,1.96,0.57,-34.89,-20.36,0.12,9.19,-4.52,6.68,-31.85,-5.92,-49.21,3
-8.93,0.01,0.03,-32.40,-21.97,8.18,7.13,0.32,8.08,58.01,24.39,-68.69,3
-7.83,0.00,2.00,-36.88,-34.32,3.91,4.49,0.65,8.30,102.63,90.09,-48.72,3
-7.48,-0.38,2.83,-19.76,-18.55,11.41,5.23,3.41,10.84,144.78,121.55,-55.03,3
-7.81,-0.49,2.47,-3.22,11.88,-0.10,3.45,3.15,14.17,181.08,154.78,-54.04,3
-9.50,-0.17,1.80,12.91,22.76,-12.26,3.20,6.03,16.73,250.13,100.85,-73.53,3
-9.44,1.29,1.93,-1.27,-6.46,9.22,3.79,4.16,18.54,248.77,-3.63,-99.84,3
-7.71,2.95,3.87,0.44,14.40,3.81,3.35,10.99,6.93,-68.03,-11.28,-57.15,3
-7.74,2.38,2.76,5.89,25.01,2.58,4.92,14.34,6.25,-92.74,13.99,-50.70,3
-9.49,2.01,0.78,14.03,34.24,-1.15,4.13,14.27,5.90,-135.05,53.80,-27.86,3
-9.24,1.28,0.77,-5.32,-1.92,3.37,1.75,11.83,5.39,-155.96,89.06,5.79,3
-8.41,1.36,1.14,-5.53,-6.15,-6.92,-4.45,8.31,8.84,-244.88,-26.79,57.60,3
-9.57,-0.17,2.45,-0.30,-8.44,-8.34,-5.96,4.95,8.88,-240.41,-158.71,71.80,3
-8.14,0.96,1.90,21.87,3.88,-4.87,-5.70,3.13,6.25,-182.65,-244.26,72.27,3
-8.68,-0.03,0.46,15.33,24.18,-21.27,-3.30,-2.37,2.77,-121.11,-250.14,68.86,3
-9.78,1.89,1.24,5.82,-15.01,-4.56,7.63,-5.04,-0.59,-0.03,-38.85,-5.92,3
-8.42,3.17,1.85,3.69,-18.49,0.76,7.52,-2.35,2.24,33.44,-21.00,-24.76,3
-8.01,2.73,2.18,-6.82,-19.00,1.91,9.07,-0.97,3.48,-10.97,46.05,-48.18,3
-8.97,2.75,0.60,-19.74,11.92,-0.05,6.56,-0.07,7.01,80.19,83.82,-54.44,3
-9.60,0.17,-0.59,-46.85,-32.95,12.43,2.74,3.88,16.07,147.40,130.20,-26.76,3
-8.04,0.48,2.57,-50.69,-38.34,11.56,2.08,0.64,15.84,124.40,136.85,-26.71,3
-8.93,-0.13,2.17,-30.90,-17.47,10.72,2.83,1.36,17.82,160.33,105.93,-43.08,3
-9.49,-1.41,3.37,-27.87,-1.15,-6.61,5.82,3.49,16.82,133.30,34.93,-70.66,3
-7.37,-0.25,3.02,15.60,35.47,-6.79,5.29,8.80,10.40,32.58,17.18,-40.08,3
-9.72,0.01,1.73,24.49,40.02,-13.65,5.65,7.98,11.16,-30.68,-4.15,2.50,3
-9.53,0.68,2.28,27.05,13.24,-10.27,3.52,12.14,8.48,-64.76,12.71,-13.81,3
-10.12,0.63,0.57,25.45,-4.60,-0.89,-0.92,11.63,8.96,-136.02,7.80,1.49,3
-7.99,3.61,2.74,15.10,4.97,-11.28,-4.13,7.65,8.49,-156.40,-188.11,72.48,3
-8.23,3.45,1.22,18.94,23.89,-12.37,-2.32,4.53,4.54,-120.92,-250.14,90.13,3
-9.46,2.75,1.68,-1.05,20.95,-13.24,-0.76,-2.14,0.34,-66.39,-224.17,102.94,3
-10.19,1.80,-0.61,-21.19,7.69,-6.31,3.25,-2.17,-4.24,-9.27,-140.80,87.66,3
-8.66,0.74,0.36,-28.72,-13.63,0.35,9.96,-1.73,2.07,28.53,29.36,-2.11,3
-8.79,0.20,2.27,-19.24,-16.48,-2.08,9.22,0.08,3.97,1.15,54.99,-51.01,3
-10.20,0.06,3.50,-19.69,-15.74,0.10,6.94,-0.52,8.84,69.02,68.18,-65.85,3
-7.47,-0.41,2.31,-7.82,-23.86,4.08,5.70,3.49,10.91,115.69,77.13,-97.67,3
-8.93,0.00,1.60,20.21,2.45,-15.78,3.88,4.32,14.85,171.82,93.94,-100.28,3
-10.76,0.62,1.58,29.37,-6.58,-10.69,5.59,5.56,13.19,180.31,61.15,-127.41,3
-9.12,3.38,4.03,9.24,-34.09,18.42,5.78,6.66,11.23,235.83,45.73,-144.48,3
-8.38,1.37,3.09,-8.22,-10.69,13.34,5.26,12.47,11.79,90.56,33.56,-130.01,3
-9.52,2.56,1.28,-10.37,24.51,17.87,6.21,15.44,2.61,-166.00,51.92,-13.18,3
-10.12,2.09,2.05,-21.47,-6.53,18.74,4.82,10.42,5.50,-173.76,72.91,44.26,3
-8.59,-0.11,2.96,-13.60,-4.89,11.60,2.87,13.09,4.05,-177.67,80.89,59.05,3
-9.18,1.45,3.56,1.35,-2.02,-0.49,-1.50,8.01,7.75,-163.34,31.41,75.08,3
-8.92,1.01,1.20,20.42,24.95,-29.76,-4.66,2.39,11.36,-122.50,-154.45,83.46,3
-9.53,1.31,1.15,15.13,9.76,-24.07,-2.84,2.63,7.53,-116.93,-219.76,95.77,3
-8.68,1.87,0.75,-2.69,6.65,-14.09,-0.12,-3.15,2.59,-101.79,-214.50,71.37,3
-9.13,2.14,1.50,-11.29,-5.24,-6.54,3.86,-3.90,-0.31,-102.55,-178.81,27.36,3
-8.97,1.98,1.05,-14.32,24.36,-10.34,8.41,-0.55,-0.47,31.89,-1.17,-68.93,3
-10.07,2.29,0.71,-27.17,9.53,-6.20,8.04,-0.25,5.17,102.56,47.73,-73.63,3
-9.43,1.17,0.49,-34.43,-3.56,-2.48,6.76,2.61,8.66,132.40,57.81,-87.36,3
-8.85,0.83,1.09,-32.21,-23.51,3.38,5.48,5.04,11.05,139.08,90.11,-63.45,3
-9.25,-1.22,1.58,-34.78,-18.85,-0.60,5.20,7.13,13.51,218.40,37.09,-93.73,3
-8.80,-0.97,3.95,-19.93,1.34,-1.50,6.49,5.46,13.00,250.13,19.08,-113.82,3
-7.74,-1.66,2.47,17.36,5.02,-1.68,7.78,8.03,10.92,186.90,-39.92,-144.34,3
-9.08,-1.30,1.54,46.95,12.31,-13.38,6.69,12.36,4.30,11.43,-25.11,-134.24,3
-9.04,1.90,2.29,14.40,3.32,14.74,4.58,16.01,4.34,-148.31,38.05,-31.73,3
-8.14,2.51,3.29,11.56,-7.54,21.19,4.17,13.28,4.32,-170.55,75.29,-7.67,3
-7.78,2.87,1.92,22.27,19.76,1.44,2.20,11.83,4.57,-194.53,127.34,26.47,3
-8.84,2.97,0.30,28.38,18.28,-6.80,-0.13,7.87,7.65,-183.87,106.05,25.38,3
-9.14,1.74,1.27,6.36,-12.31,-8.27,-5.42,6.32,8.56,-164.26,-114.44,103.21,3
-8.47,1.13,0.71,-10.36,-14.78,-6.47,-4.74,2.71,6.92,-161.13,-212.01,117.98,3
-9.47,-0.08,1.79,-17.90,0.39,-7.27,-4.05,-2.06,4.76,-123.20,-250.14,107.41,3
-9.71,0.44,2.53,-8.93,-11.17,-7.12,-0.17,-4.08,1.09,-65.52,-250.14,50.73,3
-8.62,0.62,1.42,6.74,8.40,-21.36,9.59,0.19,-0.37,7.56,-57.31,-37.25,3
-9.45,1.08,1.36,9.52,-9.79,-13.66,9.05,-0.71,1.55,3.70,4.63,-44.63,3
-9.55,2.09,0.53,-2.18,-7.31,-0.43,9.50,0.92,3.00,3.64,48.80,-74.16,3
-8.53,2.40,2.55,-8.50,-20.53,5.32,7.36,-0.27,5.74,97.47,75.76,-123.40,3
-9.28,2.16,0.65,-53.37,7.11,0.51,4.13,6.73,12.99,184.85,122.39,-127.19,3
-9.32,0.68,1.84,-53.38,15.24,-0.32,5.21,6.05,15.32,80.45,121.89,-117.54,3
-9.30,-0.27,1.95,-10.92,-3.24,-0.56,4.41,8.74,14.48,72.29,103.15,-81.59,3
-7.87,-0.66,1.04,-8.91,-5.72,0.74,4.51,6.09,14.09,117.02,64.27,-66.31,3
-7.30,-1.27,3.60,22.53,-11.25,7.55,6.05,12.27,5.93,111.88,-70.69,-86.20,3
-8.63,-0.18,1.49,19.90,16.57,-1.11,5.65,14.54,3.53,-49.50,-41.39,-58.29,3
-9.44,0.68,2.07,22.18,15.72,1.34,4.47,17.93,2.16,-130.77,-33.75,10.32,3
-9.36,1.05,0.41,14.65,5.33,15.44,5.47,13.54,3.08,-197.76,154.37,63.40,3
-7.73,2.96,-0.52,42.18,-22.21,17.37,-3.92,6.92,10.88,-205.11,71.53,126.49,3
-8.41,4.13,1.56,20.31,-10.56,-3.05,-6.33,4.63,8.46,-162.26,-71.15,132.47,3
-7.94,3.64,2.60,4.11,-3.92,-10.76,-4.99,1.71,8.82,-132.46,-158.85,124.63,3
-9.16,3.65,0.67,-18.15,20.89,-12.00,-2.71,-1.04,7.32,-109.61,-250.14,97.38,3
-9.82,1.35,1.31,-60.58,-23.99,-2.26,8.10,-2.20,-2.20,-40.72,-124.48,43.16,3
-9.30,0.63,0.83,-41.81,-14.28,-12.92,9.12,-3.88,0.26,-0.29,-71.94,-1.01,3
-8.43,0.27,1.99,-42.56,-24.27,-6.16,8.01,-1.09,4.75,21.69,-21.54,-40.80,3
-9.68,0.19,1.65,-41.10,4.39,-7.09,7.59,0.56,3.74,17.19,-9.34,-84.64,3
-7.91,-0.93,2.16,-8.27,10.02,-16.99,6.17,4.69,7.90,147.99,95.21,-110.40,3
-10.32,-0.33,1.36,14.05,26.47,-23.80,5.19,6.32,9.45,124.56,93.00,-110.14,3
-9.69,0.93,1.09,6.15,-13.24,-9.59,6.01,5.35,11.80,108.98,91.28,-104.60,3
-9.56,0.48,1.50,7.42,-11.46,-8.66,5.32,6.69,11.86,97.03,79.56,-116.07,3
-7.82,0.97,2.31,10.65,10.54,-0.85,5.60,8.56,13.22,118.58,-28.24,-106.08,3
-8.39,0.66,1.92,12.40,22.82,-4.84,7.28,9.77,8.91,76.52,-41.83,-95.97,3
-10.15,0.78,1.72,-4.83,13.41,2.90,7.82,11.09,1.46,21.50,-6.82,-70.83,3
-8.90,1.70,1.89,-11.14,-9.54,32.98,6.22,12.52,-0.07,-6.36,32.21,-47.95,3
-10.92,-0.11,1.76,1.46,-3.32,8.88,2.02,13.31,3.71,-198.42,91.95,39.82,3
-8.28,-0.05,2.75,24.82,-15.79,9.92,0.07,13.39,5.50,-191.61,58.26,56.89,3
-7.83,0.64,0.46,58.58,12.46,-10.08,-3.10,9.91,11.45,-211.85,1.90,90.23,3
-10.07,1.12,0.34,35.91,16.57,-17.60,-6.95,7.80,10.40,-209.83,-4.62,110.69,3
-8.26,3.55,1.34,-3.85,-23.69,9.51,-2.85,-1.34,-0.62,-90.71,-201.50,88.22,3
-8.37,3.97,2.88,-13.39,-5.41,-1.49,1.04,-2.97,0.46,1.75,-179.15,63.08,3
-7.41,3.39,1.81,-31.47,-3.95,-9.78,6.53,-1.34,-2.17,-62.59,-97.17,20.67,3
-9.91,2.89,-1.09,-23.50,27.11,-13.76,9.37,-1.93,3.34,1.43,-39.32,-1.72,3
-9.42,1.00,0.93,-51.45,-25.89,-2.44,7.64,-0.47,3.50,76.40,7.16,-83.56,3
-7.33,-0.59,1.43,-44.82,-22.89,-5.82,6.44,1.01,4.26,81.98,54.88,-94.46,3
-9.53,-0.53,1.84,-19.68,-7.05,-10.62,6.87,4.72,7.39,119.16,102.41,-92.98,3
-9.23,-0.22,3.70,-27.22,-13.81,-11.99,6.02,5.81,9.61,89.16,122.99,-97.88,3
-10.05,0.20,0.86,25.92,14.54,-18.14,4.60,8.11,13.47,149.04,57.18,-108.83,3
-10.06,0.07,1.77,36.31,-9.57,-16.76,5.02,8.73,13.83,141.15,57.63,-78.95,3
-9.28,0.15,1.63,50.37,-21.83,-14.55,4.10,7.53,15.96,100.72,-39.61,-59.24,3
-8.78,2.97,4.05,25.76,5.82,-10.01,6.87,9.42,8.66,89.89,-91.18,-68.36,3
-11.04,1.53,0.59,-11.92,33.73,22.12,8.02,15.61,-0.85,-139.61,68.28,60.09,3
-9.89,1.34,0.51,-10.17,-12.66,30.92,6.03,11.80,0.78,-125.66,153.85,62.62,3
-8.23,0.19,1.37,-12.92,1.82,24.24,1.48,10.63,4.46,-210.30,220.94,87.76,3
-9.41,0.33,1.92,11.08,-7.52,5.94,-3.26,7.57,7.36,-163.74,140.76,86.49,3
-8.88,0.95,0.40,26.62,27.47,-24.02,-6.82,3.18,8.52,-217.74,-194.93,66.14,3
-10.81,1.08,-0.07,10.98,18.95,-20.32,-4.02,-0.68,5.75,-172.39,-250.14,40.31,3
-8.98,1.84,0.34,11.35,-17.15,-0.29,0.31,-3.24,0.46,-52.06,-250.14,10.08,3
-7.84,2.79,1.02,0.69,-23.86,5.67,5.14,-1.46,-4.01,-8.54,-150.82,-14.60,3
-7.30,2.52,0.69,-14.93,-4.13,-14.22,9.57,0.32,3.35,29.24,25.56,-71.27,3
-9.61,2.18,0.09,-19.09,33.17,-12.71,6.54,0.21,7.58,2.88,48.06,-90.65,3
-10.76,1.56,-0.27,-41.28,-15.71,-3.01,9.30,3.07,6.21,33.31,64.62,-98.59,3
-8.77,0.65,-0.04,-31.91,-15.55,-1.73,6.87,4.35,7.81,164.12,94.81,-89.78,3
-10.19,-0.04,1.83,-40.81,8.27,-8.69,5.57,6.61,9.98,250.13,62.52,-87.31,3
-10.29,-0.40,2.12,-32.60,-3.23,-14.01,7.18,10.26,9.65,250.13,-13.73,-104.85,3
-8.48,-3.33,2.38,-2.44,-4.63,-12.30,6.02,9.21,7.63,250.13,-93.96,-92.21,3
-7.80,-2.08,2.66,33.09,10.43,-3.38,5.86,17.20,-0.81,30.42,-137.05,-81.82,3
-9.69,0.39,1.49,21.40,-11.10,13.53,5.98,14.91,-1.16,-154.56,14.35,2.76,3
-7.85,1.46,1.81,25.44,-7.02,21.92,6.49,14.80,-4.26,-221.70,81.32,19.56,3
-8.43,2.64,2.14,24.82,0.48,20.37,5.54,11.32,-2.56,-236.75,134.74,67.55,3
-8.47,2.78,1.82,15.44,-1.11,18.68,1.68,10.64,1.21,-198.86,192.66,76.31,3
-9.54,3.49,-0.16,-1.31,23.76,-11.15,-6.05,3.37,14.16,-205.69,-17.11,91.65,3
-9.35,1.63,0.84,-14.08,-1.23,-3.88,-6.41,0.80,11.22,-181.37,-124.05,97.66,3
-9.25,1.26,0.61,-31.08,-0.88,-4.67,-3.82,-1.16,6.00,-94.05,-250.14,70.90,3
-8.15,-0.06,1.02,-13.87,-9.45,-4.05,-0.30,-2.10,0.47,-43.69,-250.14,49.32,3
-8.83,0.19,0.74,-12.00,-28.27,-2.12,9.97,0.66,-0.61,6.44,-83.58,-32.40,3
-7.41,-0.36,1.68,-11.31,-10.73,-11.54,9.27,0.14,1.92,38.86,-42.13,-55.12,3
-10.65,-0.64,-1.32,19.37,20.21,-19.79,9.43,0.46,4.00,137.67,-37.03,-98.96,3
-9.67,0.76,0.42,12.59,-27.24,1.77,9.48,0.71,5.75,204.37,-63.72,-151.51,3
-7.48,4.46,4.55,-7.60,-19.51,-7.59,8.39,6.56,0.50,250.13,-54.29,-146.49,3
-7.45,2.48,2.34,-20.95,5.60,-9.82,5.99,9.19,-1.63,133.55,-32.94,-170.89,3
-9.63,1.50,-0.25,-12.17,32.13,-3.87,3.40,11.07,0.51,66.74,-59.33,-164.18,3
-9.76,0.86,0.83,-39.04,-2.11,10.39,3.31,11.27,0.10,-15.32,-39.63,-146.77,3
-9.30,-1.41,2.11,-2.38,7.44,-8.20,5.25,14.98,-0.03,-173.33,-23.57,-100.63,3
-8.40,0.21,4.81,3.56,11.24,-7.54,7.24,16.89,0.17,-206.88,42.56,-45.90,3
-8.05,-1.18,1.84,24.58,4.61,-5.31,7.14,18.52,-1.22,-250.14,73.07,18.39,3
-10.99,0.99,0.89,25.22,29.42,-7.36,4.28,12.01,1.41,-250.14,126.40,67.02,3
-8.27,1.78,0.33,49.75,-9.87,8.27,-1.66,8.00,9.49,-220.89,28.44,116.44,3
-7.75,3.31,1.17,39.73,-25.98,9.06,-4.63,4.76,10.95,-233.92,-53.36,117.53,3
-7.54,3.59,1.75,4.35,-4.39,-1.79,-6.54,-0.46,8.99,-171.55,-179.66,105.05,3
-7.82,2.75,1.79,-10.89,7.79,3.74,-2.57,-3.77,4.99,-40.88,-245.79,50.66,3
-10.30,1.66,0.63,-45.80,-16.51,9.02,8.37,-1.80,0.15,-0.06,-113.97,5.84,3
-9.22,0.68,-0.20,-44.05,-11.76,-4.95,8.53,0.16,1.90,-35.93,-63.22,-6.00,3
-7.74,-0.39,0.94,-34.56,-19.48,2.97,8.27,-1.70,1.73,32.02,-6.28,-40.02,3
-9.76,-0.51,2.62,-24.08,7.47,-10.67,6.92,0.71,2.86,45.64,62.73,-52.11,3
-7.76,-0.87,1.51,24.15,0.99,-17.65,6.89,5.89,8.41,164.72,109.66,-106.41,3
-10.63,-0.45,1.22,30.66,4.31,-25.97,5.90,5.84,11.99,250.13,79.23,-71.50,3
-8.60,0.75,1.17,16.08,-21.05,-14.40,6.88,4.62,11.75,229.11,50.84,-56.37,3
-9.24,0.91,1.75,8.84,-12.35,-13.67,5.15,4.99,11.14,250.13,-0.10,-77.05,3
-8.44,1.10,2.05,-1.50,12.11,5.53,3.71,11.13,8.70,74.85,-62.23,-110.67,3
-9.19,0.15,1.42,-12.74,11.39,7.89,6.11,14.26,5.98,-37.60,-57.89,-85.31,3
-9.28,0.93,2.10,-13.34,-3.61,19.32,7.23,14.89,2.19,-95.96,9.56,-48.24,3
-7.90,0.32,2.00,-10.66,-2.41,18.82,7.58,13.30,0.60,-151.65,70.48,1.88,3
-8.26,0.48,3.09,2.71,-2.11,7.82,1.93,11.97,4.53,-156.08,58.96,48.63,3
-8.33,-0.11,1.37,33.03,21.66,-5.62,-1.07,11.83,6.57,-192.78,84.85,65.84,3
-9.78,0.72,0.67,34.02,23.81,-14.89,-4.59,7.29,10.21,-232.89,13.88,98.25,3
-9.13,1.82,-0.01,23.05,-3.15,-3.08,-6.30,2.19,8.93,-229.42,-153.31,99.17,3
-7.95,3.19,1.75,-8.98,-13.90,4.40,0.97,-4.97,-0.61,-30.79,-232.80,26.96,3
-9.46,3.62,1.75,-21.02,-1.32,-7.12,5.48,-2.86,-5.04,-39.90,-154.34,-6.64,3
-8.19,2.56,1.43,-13.99,2.73,-11.30,9.39,-3.00,-0.87,52.31,-48.21,-54.88,3
-11.36,2.95,-1.18,-32.34,18.89,-16.79,9.95,1.44,4.52,29.41,3.92,-34.95,3
-8.70,0.23,0.52,-49.66,-7.74,-1.26,7.13,2.59,5.32,101.16,98.21,-75.54,3
-8.74,0.22,1.48,-21.13,-25.99,6.74,5.59,4.23,9.82,152.40,134.72,-74.76,3
-9.39,-0.63,2.20,-30.28,-15.76,-6.92,4.90,6.40,12.87,134.11,128.98,-65.81,3
-8.80,-0.64,3.78,-30.69,-13.32,-8.83,4.54,5.54,13.98,133.52,113.90,-80.82,3
-9.78,-1.56,2.42,35.38,23.49,-12.52,7.37,10.16,11.48,28.36,33.00,-103.73,3
-9.98,0.57,2.67,36.14,5.48,-8.50,7.58,5.26,8.56,107.17,2.30,-98.95,3
-8.96,1.48,1.37,25.73,-3.74,8.60,7.27,15.14,4.39,-32.92,42.56,-54.63,3
-8.04,1.69,1.51,21.26,-4.45,23.28,5.42,9.82,10.61,-67.08,33.44,-21.61,3
-7.80,2.29,1.28,16.30,10.53,0.85,-2.10,8.55,7.71,-233.18,40.16,76.15,3
-8.57,3.53,0.32,18.71,30.98,-1.88,-6.32,9.14,11.86,-214.84,-87.47,88.73,3
-9.91,2.42,0.55,-16.68,4.94,-3.85,-6.61,1.78,8.93,-173.60,-238.55,120.07,3
-9.64,1.54,0.10,-10.70,-6.80,-0.70,-4.07,-0.92,1.27,-90.10,-250.14,98.31,3
-9.65,0.31,1.61,-40.28,-10.44,-5.34,7.90,-3.64,-4.80,-68.66,-53.74,15.39,3
-10.35,0.28,1.43,-26.99,-7.95,-7.08,10.90,-4.50,-0.63,-35.68,11.52,-26.69,3
-8.36,1.08,3.25,-14.42,-26.98,5.16,9.56,0.15,6.28,26.70,37.18,-70.57,3
-7.85,0.29,1.24,-16.63,15.31,-9.34,9.16,-0.38,5.14,24.45,52.29,-107.69,3
-9.19,1.51,1.01,4.72,-6.36,-24.43,3.68,2.22,10.15,144.71,137.33,-31.13,3
-10.57,0.88,1.56,-4.02,-7.92,-37.97,1.91,1.53,11.17,128.08,154.18,-53.42,3
-7.67,0.81,1.93,9.39,-26.45,-9.81,2.45,5.09,13.68,138.41,145.05,-73.18,3
-7.73,0.53,2.61,-0.36,8.97,-12.66,2.51,5.42,17.55,157.36,96.12,-79.06,3
-9.42,-0.40,1.85,-4.07,6.39,12.24,6.56,8.49,14.13,77.60,-37.36,-62.22,3
-9.44,0.08,1.91,2.94,-4.40,19.60,7.57,11.32,9.58,22.63,-33.78,-22.63,3
-8.46,0.27,2.27,-17.68,6.63,25.71,8.76,12.68,7.23,-51.48,-5.63,35.51,3
-8.87,0.07,2.44,-8.24,14.15,20.47,7.13,12.81,3.29,-121.81,73.54,64.50,3
-8.97,0.68,1.72,49.31,11.09,-4.08,-4.61,9.73,9.70,-180.05,1.13,61.06,3
-9.52,1.62,-0.90,33.36,9.33,-11.60,-7.23,4.75,10.88,-200.77,-160.83,70.34,3
-9.29,2.16,1.12,9.11,-9.31,2.35,-6.86,-0.27,7.03,-169.91,-250.14,63.75,3
-8.14,3.78,1.31,-6.55,-21.38,15.61,-0.60,-3.32,-0.21,-62.56,-250.14,32.00,3
-9.52,2.34,0.41,-13.66,13.08,-15.95,8.69,-0.68,-0.21,7.71,54.88,-43.79,3
-10.06,1.42,-0.54,-30.92,5.53,-14.15,9.35,2.33,4.20,-2.25,94.82,-23.61,3
-9.94,1.10,1.64,-40.77,-39.37,2.11,7.47,1.94,7.60,4.56,100.26,-22.24,3
-8.76,0.22,1.30,-51.47,-30.56,1.36,6.91,2.03,8.11,89.80,104.80,-17.24,3
-10.30,0.07,2.32,-40.05,-0.06,8.87,3.59,3.86,12.78,135.33,107.37,-15.66,3
-8.13,-0.35,3.91,-27.37,-11.46,13.55,2.34,3.84,12.69,136.72,103.92,-51.37,3
-7.56,-0.77,2.54,-4.31,9.98,-2.05,1.16,5.51,16.51,161.89,79.74,-69.20,3
-9.99,-0.36,1.89,11.27,27.92,-10.66,1.98,3.11,15.89,-21.73,25.13,-104.44,3
-9.05,1.23,2.17,18.11,-0.39,6.49,5.54,4.51,14.24,213.05,-72.67,-51.76,3
-7.64,2.24,4.14,8.72,-1.26,3.15,5.30,8.13,10.18,124.20,-116.38,-30.44,3
-6.79,2.09,3.67,12.13,11.47,-6.59,9.89,15.59,6.65,3.51,-74.37,50.69,3
-9.09,1.97,1.58,29.08,29.20,-7.82,7.75,15.54,0.55,-71.50,21.54,117.03,3
-9.79,0.86,0.87,19.63,-0.95,1.32,-3.11,5.20,5.35,-250.14,-23.85,185.21,3
-8.63,1.52,0.69,9.02,-8.60,6.14,-3.61,0.46,6.45,-241.50,-84.55,151.78,3
-8.58,1.16,1.34,-14.89,-3.49,7.11,-2.28,-4.85,3.94,-119.40,-215.14,91.84,3
-8.90,0.44,2.34,-20.08,-3.45,-1.73,2.28,-5.29,-0.20,-53.94,-103.26,18.83,3
-8.88,0.52,0.14,2.77,-2.55,-15.84,8.63,-1.22,8.65,-48.56,1.40,-93.69,3
-10.10,1.67,2.16,-7.81,-17.26,-16.99,8.12,2.30,7.35,62.32,-4.87,-59.63,3
-8.74,2.41,1.56,-17.32,-14.58,-3.03,5.95,2.46,4.17,64.31,41.56,-83.26,3
-7.43,2.37,1.48,-13.48,-12.14,5.65,6.29,2.87,7.25,143.47,123.04,-81.23,3
-9.75,0.69,0.97,-14.23,-4.18,-4.34,3.33,3.61,15.57,115.47,128.93,-47.64,3
-9.59,0.08,1.44,-28.11,-27.47,-0.45,3.49,3.73,14.81,170.20,79.87,-72.62,3
-8.90,-0.69,2.50,-4.83,-9.81,3.05,6.47,4.47,13.60,184.45,39.25,-91.64,3
-8.95,-1.06,3.35,9.84,5.19,-2.33,6.51,6.83,10.24,218.55,-72.02,-132.24,3
-8.88,0.47,1.09,15.87,37.99,-7.67,3.79,19.62,1.30,-153.39,-38.24,14.34,3
-9.70,-0.40,2.28,31.22,26.69,-11.30,4.11,14.45,2.85,-110.40,38.60,55.12,3
-9.32,0.93,0.70,30.89,11.20,0.27,-0.50,11.46,5.82,-191.53,98.89,74.27,3
-9.01,2.41,-0.38,32.03,9.33,6.79,-3.02,7.39,8.92,-216.64,7.65,112.69,3
-9.01,2.60,1.22,3.02,4.00,-8.76,-3.90,0.08,3.80,-164.14,-250.14,93.44,3
-8.85,2.61,0.47,-2.63,13.73,-8.75,0.33,-3.57,-1.52,-48.27,-218.77,53.65,3
-9.46,2.43,0.42,-28.88,9.93,-14.58,6.01,-2.63,-2.63,-23.00,-99.53,20.52,3
-9.81,0.65,-1.34,-28.98,-5.92,-4.04,11.39,-0.23,-1.45,27.85,-15.02,-2.30,3
-9.40,0.27,1.28,-36.17,-29.17,2.37,6.50,1.33,7.48,40.53,83.44,-33.64,3
-9.40,-0.38,2.01,-26.54,-13.27,-1.13,7.00,1.62,8.01,87.69,105.56,-47.88,3
-8.46,0.42,2.28,-14.35,-12.95,6.41,5.39,4.38,13.59,113.27,125.30,-37.60,3
-8.27,-0.72,1.29,-15.28,14.11,-4.11,4.79,4.46,14.07,103.94,94.69,-34.85,3
-9.06,0.42,1.02,12.14,-5.23,2.31,6.32,4.02,15.62,75.32,9.45,-67.49,3
-8.80,0.74,1.60,22.81,-9.63,5.36,6.87,4.39,13.70,168.70,-36.38,-73.78,3
-8.88,1.61,2.04,34.40,-15.14,9.65,6.46,9.67,10.21,70.13,-57.54,-56.40,3
-8.13,2.61,2.95,20.15,1.54,3.19,8.79,8.16,4.64,-14.68,-21.43,-36.56,3
-9.40,1.82,0.74,13.59,0.15,10.39,3.04,12.56,2.31,-44.75,129.83,16.81,3
-9.27,1.69,1.16,13.02,-12.77,7.22,0.17,12.26,5.10,-148.79,93.48,56.69,3
-8.29,1.38,1.14,-1.12,-16.11,2.76,-3.08,7.46,7.76,-237.38,-19.60,110.38,3
-8.45,1.30,1.62,-14.79,-16.72,0.88,-3.07,1.44,6.47,-250.14,-134.32,115.18,3
-7.93,0.15,1.43,1.81,-2.25,-15.50,5.39,-3.12,1.71,-66.95,-67.87,-10.11,3
-10.40,-0.04,-0.47,16.99,9.20,-20.63,8.87,1.15,4.05,-80.85,-16.48,-33.59,3
-8.12,1.71,2.55,-2.44,-3.79,-11.44,7.09,-3.28,7.16,-20.46,7.93,-55.31,3
-9.89,1.89,0.38,-6.75,-21.09,-1.97,8.16,0.58,6.93,-11.33,31.38,-36.54,3
-7.45,2.45,1.38,-24.50,14.96,-4.47,5.03,-0.74,9.91,102.25,103.37,-11.81,3
-9.91,1.54,-0.56,-23.65,17.50,4.59,2.99,1.29,13.34,145.25,101.78,5.05,3
-10.19,0.30,0.78,-32.82,-12.15,9.98,3.47,-0.23,14.38,132.85,91.38,-11.87,3
-8.21,0.01,2.10,-37.57,-22.63,5.85,3.63,2.29,17.62,166.38,46.73,-31.10,3
-8.62,-0.34,2.84,23.61,-5.81,2.26,7.86,6.17,10.97,40.86,-21.08,-76.73,3
-7.31,0.39,2.39,15.56,14.26,-0.08,5.27,10.91,7.61,6.18,18.95,-60.90,3
-9.38,-0.05,1.08,23.69,39.95,-12.83,4.91,9.79,10.98,-10.88,54.31,-7.57,3
-10.00,0.84,1.42,26.69,7.79,-1.41,2.16,10.65,8.02,-78.08,31.63,8.39,3
-8.11,3.29,1.14,14.39,-19.69,12.09,-3.57,2.10,8.83,-118.90,-125.43,87.10,3
-8.50,3.58,1.88,3.95,-12.69,-3.35,-4.06,4.55,4.48,-143.85,-192.46,95.72,3
-7.21,3.60,2.19,-2.28,9.35,-9.12,0.40,-2.54,1.41,-74.53,-152.45,54.34,3
-7.41,2.59,0.78,-7.83,15.74,-11.13,6.25,-1.67,-2.46,-84.19,-40.27,13.58,3
-9.48,1.70,0.37,-24.74,-8.86,-4.36,4.89,-0.06,9.75,-18.73,41.13,-14.26,3
-9.07,0.85,-0.04,-40.50,-24.65,0.70,4.53,-0.30,9.32,25.18,58.84,-26.01,3
-9.62,-0.27,1.11,-29.74,-12.97,2.41,5.80,1.26,9.16,68.08,79.38,-39.13,3
-9.01,0.03,2.72,-27.89,-25.64,-1.27,6.16,1.92,12.13,123.75,101.83,-14.81,3
-8.49,-0.29,1.76,-1.91,5.89,0.21,1.50,3.77,16.26,137.91,62.46,-33.67,3
-9.25,-0.08,1.50,8.25,2.61,-12.30,2.10,2.92,16.21,118.00,38.93,-35.19,3
-9.65,1.27,1.80,16.95,2.60,-8.06,3.73,4.76,16.52,82.98,-17.55,-55.27,3
-8.99,0.99,1.49,16.31,-3.25,3.49,5.30,5.11,12.79,144.34,-66.56,-58.38,3
-8.95,2.66,2.64,8.72,13.34,-2.77,7.08,14.29,2.38,-56.99,63.13,-23.14,3
-8.52,2.43,2.01,10.64,13.23,-4.16,2.33,14.49,4.09,-97.71,116.92,20.21,3
-8.96,1.89,-0.40,14.81,12.71,2.24,-4.76,12.04,7.54,-181.41,84.22,66.93,3
-8.70,2.07,0.87,11.48,0.79,-4.23,-5.25,6.31,10.06,-228.27,-57.91,95.82,3
-8.31,0.25,1.21,-13.65,-12.89,0.89,-2.11,-1.87,3.71,-203.42,-250.14,58.83,3
-8.72,0.63,2.23,-13.72,-7.24,-4.37,0.63,-3.72,1.22,-50.69,-234.40,16.25,3
-8.67,0.29,1.26,-8.33,-1.76,-6.95,7.34,-1.04,-2.35,-4.91,-151.91,-19.94,3
-9.45,-0.11,1.96,2.75,0.38,-11.77,8.91,-0.95,-2.46,-58.95,-1.72,-55.95,3
-9.45,1.56,0.58,-1.18,5.91,-11.02,7.32,-0.30,7.68,7.63,128.13,-73.85,3
-8.65,2.59,3.18,-10.29,-14.67,2.91,6.72,0.99,10.51,118.02,136.31,-54.53,3
-6.95,2.86,2.57,-25.14,0.95,7.81,5.65,0.20,13.96,183.60,96.60,-54.77,3
-9.24,2.07,0.85,-35.28,27.23,12.34,4.16,5.52,14.11,179.53,67.44,-27.44,3
-8.33,-0.53,1.42,-10.89,-16.67,10.35,3.27,3.92,17.41,104.86,37.14,-3.15,3
-9.11,-0.50,1.49,-2.05,-1.30,5.26,3.54,5.18,16.50,79.60,-4.91,-11.01,3
-8.86,-0.43,2.82,2.74,-1.02,7.05,7.16,9.11,13.23,-11.62,-31.50,-25.84,3
-7.83,-0.02,1.44,32.59,16.82,2.92,7.62,7.62,9.93,129.42,-30.44,-38.95,3
-9.89,2.20,0.98,46.98,1.24,-2.76,4.80,10.20,-1.63,-70.87,123.58,-36.10,3
-8.96,1.77,0.56,40.83,-11.52,-6.36,1.49,12.16,4.10,-132.76,124.81,0.73,3
-8.51,2.91,0.23,41.15,-11.40,-4.53,-3.83,8.27,7.41,-205.20,84.14,60.50,3
-8.41,3.70,1.62,19.64,-15.24,-12.92,-6.28,4.90,10.68,-250.14,-83.69,82.66,3
-9.12,2.60,-0.24,-15.02,8.93,-12.43,0.75,-4.73,1.72,-138.11,-250.14,27.90,3
-10.33,2.25,1.01,-29.59,14.98,-14.41,5.10,-3.47,-3.52,-38.65,-158.31,3.09,3
-9.35,1.03,0.41,-41.24,-18.38,-1.97,8.51,-4.82,-3.77,-61.19,1.73,-36.81,3
-8.34,0.00,-0.09,-26.01,-17.43,-4.50,10.32,0.55,2.22,63.82,72.20,-57.60,3
-8.92,0.16,1.40,-23.52,-17.82,0.79,7.15,3.85,11.27,130.42,82.10,-44.05,3
-8.54,-0.33,1.29,-18.64,-1.93,3.01,5.14,1.73,12.14,111.25,61.79,-71.12,3
-10.14,-0.90,0.52,-14.37,-1.45,-3.11,4.65,4.39,12.51,250.13,42.42,-57.40,3
-8.07,0.80,1.35,12.21,-27.99,2.37,5.57,5.61,13.47,250.13,2.07,-65.23,3
-7.58,1.83,2.80,9.24,-11.79,6.48,6.27,10.35,9.69,61.46,-33.90,-91.34,3
-7.81,2.15,1.83,1.02,10.37,4.95,4.75,9.18,9.12,-3.96,-8.14,-90.41,3
-9.49,1.84,1.38,-7.28,14.83,15.90,5.83,14.72,3.81,-40.23,40.41,-52.95,3
-9.09,0.50,1.30,-13.52,-4.33,15.66,5.42,11.76,4.41,-116.93,106.13,-11.61,3
-8.96,0.65,3.00,-2.44,12.07,4.57,4.23,11.53,5.50,-182.06,157.01,27.98,3
-8.58,0.06,1.99,11.84,10.96,-3.76,0.42,10.41,6.54,-199.23,57.18,32.38,3
-10.05,0.59,0.67,31.92,18.42,-18.42,-3.41,7.59,9.90,-234.10,-8.96,57.11,3
-8.88,1.35,0.94,23.92,-14.15,-13.60,-4.90,3.77,12.14,-245.15,-125.02,57.72,3
-8.99,2.94,1.57,7.66,-25.63,2.11,-1.29,-1.85,3.75,-108.59,-250.14,32.40,3
-8.07,3.53,1.59,-7.17,-16.74,-2.50,3.48,-3.06,-0.12,-21.27,-176.53,11.32,3
-7.47,2.43,1.79,-12.28,10.14,-13.21,6.69,-1.47,-3.50,-4.27,-72.66,-27.50,3
-9.00,2.87,0.98,-18.24,9.01,-14.34,8.32,-1.39,4.04,30.46,15.89,-29.53,3
-8.92,0.80,1.28,-31.11,-27.69,-2.32,7.79,1.29,6.62,66.24,63.60,-8.31,3
-8.21,-0.09,1.06,-21.23,-14.56,-3.49,6.18,1.35,9.47,80.48,74.32,-10.08,3
-9.58,0.04,1.88,-25.32,-6.55,-9.42,5.19,1.08,9.59,84.22,69.02,-38.98,3
-9.62,-0.46,1.54,-6.81,-25.69,-7.53,4.61,1.59,12.95,172.21,77.61,-62.15,3
-8.42,-0.41,2.95,10.67,-2.41,-6.40,6.90,5.50,12.84,168.08,2.15,-120.95,3
-9.44,-0.30,2.13,5.18,-1.42,-9.22,8.24,10.15,10.63,18.02,41.02,-90.23,3
-9.12,0.49,2.33,5.24,-4.38,3.46,8.36,11.48,9.91,32.79,52.08,-49.98,3
-8.32,1.03,1.78,8.86,-13.93,14.96,7.00,12.95,6.29,-72.12,78.13,1.85,3
-8.32,3.21,2.24,7.62,-5.80,18.66,-3.11,11.82,10.92,-162.81,32.53,92.37,3
-7.58,4.05,3.34,3.63,16.86,-0.60,-4.48,7.88,10.13,-184.76,-53.77,96.85,3
-8.99,2.43,0.72,-14.53,32.41,-11.18,-4.46,2.17,8.49,-210.76,-209.11,74.80,3
-8.78,1.88,0.79,-15.11,5.84,-1.25,-2.39,-1.32,3.25,-143.58,-250.14,41.69,3
-9.31,0.48,0.70,-15.69,-32.22,-2.31,9.36,-0.05,-3.21,-15.60,-16.01,-29.27,3
-9.09,0.02,1.62,-33.50,-3.92,-13.60,8.41,-0.26,2.98,17.93,50.47,-37.70,3
-8.77,-0.71,2.33,-17.24,-15.89,-5.55,10.12,3.47,3.87,37.91,90.59,-40.79,3
-7.98,0.10,2.77,-17.05,-4.59,-0.76,7.68,2.37,6.06,22.08,117.31,-51.08,3
-9.26,0.60,1.69,1.60,-13.00,0.44,2.77,4.08,12.19,127.19,108.87,-51.05,3
-9.13,0.34,1.69,11.51,-20.34,1.40,2.50,3.61,14.95,105.56,102.09,-54.27,3
-8.22,1.95,3.33,12.18,-23.32,2.76,1.96,5.05,19.49,127.40,56.33,-65.68,3
-8.05,1.61,2.48,17.71,0.76,-1.74,2.91,6.74,18.70,127.63,-17.33,-71.42,3
-9.00,2.56,2.20,5.15,11.63,4.95,7.75,11.33,6.51,-22.11,21.99,-0.71,3
-8.84,2.19,1.82,-0.89,7.89,13.53,6.87,10.23,4.54,-72.51,63.49,29.37,3
-8.85,0.48,1.36,-6.11,10.10,19.17,6.38,8.73,6.98,-38.78,94.97,29.73,3
-8.50,0.26,2.07,4.34,1.59,6.21,0.42,10.33,5.84,-173.73,83.18,54.35,3
-8.89,0.82,1.76,34.66,14.67,-22.32,-4.84,6.43,10.31,-183.31,-150.84,43.03,3
-9.95,1.10,0.26,24.44,16.72,-25.68,-3.64,0.59,7.68,-188.21,-237.68,37.33,3
-8.16,1.68,-0.20,31.47,-12.79,-11.60,-0.53,-2.89,4.08,-61.81,-230.34,9.69,3
-9.38,1.95,0.21,11.56,-1.60,-10.78,2.28,-1.40,-1.56,13.37,-160.91,-0.60,3
-8.82,2.35,2.22,-26.89,5.85,-8.47,7.10,0.63,0.62,24.79,32.76,-38.66,3
-9.93,1.56,-0.51,-35.40,13.63,-6.37,10.15,0.98,3.71,31.02,103.87,-43.69,3
-9.21,1.11,1.72,-45.43,-12.71,2.85,7.90,2.81,7.61,82.66,105.64,-66.29,3
-9.08,0.31,1.09,-55.20,-37.68,7.44,6.64,3.72,11.99,100.40,128.46,-35.27,3
-7.60,-0.68,3.10,-42.56,-12.36,5.44,0.96,3.24,15.92,57.50,121.01,-69.08,3
-8.44,-1.46,2.98,-22.08,13.82,3.02,2.43,7.00,17.89,127.77,116.89,-67.76,3
-8.81,-1.05,2.86,1.92,14.23,-0.09,3.20,6.72,19.05,111.02,40.83,-66.69,3
-8.52,-0.19,2.60,22.80,11.63,0.46,7.51,7.48,13.71,138.17,-17.86,-51.54,3
-8.20,2.81,2.02,32.75,-8.75,12.13,3.74,14.69,5.27,-118.40,-0.77,65.34,3
-9.18,2.60,2.30,36.41,13.83,-2.86,3.51,8.53,8.90,-128.24,34.66,76.45,3
-8.43,2.13,1.48,34.81,-10.76,-1.71,-3.13,10.10,4.25,-167.62,-41.04,87.11,3
-8.60,3.33,1.24,11.54,15.94,-4.53,-4.64,3.27,7.57,-190.82,-97.76,97.12,3
-9.80,1.91,1.02,-19.06,1.95,-6.15,0.43,-1.96,1.15,-56.53,-231.27,23.53,3
-8.81,1.19,1.16,-30.23,-21.92,-6.03,7.15,-2.30,-4.53,21.59,-104.28,-10.27,3
-8.81,0.43,1.24,-30.13,-10.08,-8.41,8.93,-0.52,-0.57,22.67,0.75,-43.45,3
-9.53,0.56,4.08,-15.67,-13.79,-12.31,9.07,2.58,1.84,48.04,62.69,-70.03,3
-8.32,-0.72,2.33,-3.89,9.17,-15.95,6.54,4.95,11.01,60.60,122.88,-52.33,3
-9.23,0.51,1.31,-2.18,-8.62,-1.57,2.47,3.29,14.82,142.10,86.71,-46.20,3
-9.16,2.08,0.94,-8.79,-6.75,-4.66,3.20,4.51,13.68,108.72,68.11,-59.13,3
-8.26,2.61,3.41,-17.53,-17.56,-5.52,4.17,5.08,12.82,96.93,60.56,-64.85,3
-9.88,0.00,2.94,-59.21,23.28,29.99,7.89,8.49,11.66,88.89,-33.03,-71.15,3
-9.80,-0.47,3.18,-56.25,3.18,30.56,10.13,8.21,9.45,83.92,-26.59,-63.34,3
-7.91,-0.93,3.49,-10.80,-3.92,27.63,10.18,12.78,4.42,-18.51,-2.91,-25.08,3
-7.47,0.25,4.34,3.82,13.95,12.70,10.56,13.76,2.00,-105.09,84.08,36.46,3
-9.81,1.14,-0.15,61.61,14.09,3.16,-0.91,8.66,8.02,-183.37,143.23,63.39,3
-9.73,2.59,0.48,54.97,-7.56,2.12,-4.33,8.35,9.19,-182.31,-15.70,56.37,3
-8.11,4.06,1.05,51.73,-4.91,-4.19,-5.61,5.45,8.86,-216.41,-126.21,65.65,3
-7.58,3.47,1.54,7.96,9.54,-20.10,-4.45,0.94,6.57,-174.14,-231.51,59.60,3
-9.95,2.04,0.21,-23.79,17.26,-16.05,4.36,-2.92,-3.23,22.05,-132.27,5.76,3
-10.24,1.43,-0.39,-14.08,11.30,-14.25,8.33,-1.61,-3.90,-15.00,-73.55,-17.05,3
-9.82,0.60,0.17,-29.86,-26.08,-19.84,10.62,-0.74,2.14,63.71,-3.26,-43.19,3
-9.10,0.27,2.16,-17.47,-24.56,-14.61,9.08,0.49,3.64,87.53,45.49,-63.37,3
-8.80,-0.40,1.54,-14.74,-3.53,-3.34,5.28,6.48,11.69,170.23,47.90,-105.96,3
-8.87,-0.29,2.41,-5.60,-10.60,-7.15,4.81,5.32,12.58,235.11,30.70,-112.45,3
-9.00,-0.99,2.36,17.18,-2.43,-16.22,7.14,6.66,14.25,165.87,3.45,-125.71,3
-9.03,-0.93,1.90,37.06,1.09,-17.78,8.01,9.72,12.26,57.69,-14.14,-118.86,3
-8.36,2.14,1.88,24.24,-8.77,21.18,6.29,15.11,6.09,-123.70,70.56,-28.87,3
-8.84,2.87,3.38,10.16,11.97,11.28,6.94,12.84,5.51,-115.74,77.39,2.83,3
-7.22,2.05,1.80,28.56,11.25,3.54,4.13,11.61,4.23,-165.50,98.21,43.85,3
-8.98,2.68,0.29,22.65,39.15,-8.98,0.15,8.44,4.66,-187.85,121.63,61.82,3
-9.38,1.40,0.02,-15.09,-3.79,1.73,-5.17,2.42,10.52,-148.89,-90.27,89.14,3
-8.67,0.82,0.56,-19.32,-12.19,0.31,-4.32,-0.18,8.40,-133.44,-203.24,77.48,3
-9.32,0.53,1.65,-30.36,-7.07,-7.27,-2.09,-2.13,4.21,-105.94,-250.14,60.90,3
-9.79,-0.21,1.34,-16.28,-9.41,-4.37,2.19,-2.90,-0.07,-24.24,-232.69,-2.77,3
-8.73,-0.36,0.20,17.75,-16.95,-10.27,10.68,1.99,2.16,12.66,6.24,-47.40,3
-8.15,1.77,1.87,2.81,-18.55,-12.35,9.43,1.05,3.08,30.24,56.86,-50.65,3
-9.96,2.07,2.34,-4.14,-21.54,0.98,8.21,0.32,7.76,106.70,103.22,-75.66,3
-7.85,2.70,2.30,-15.96,-20.73,14.24,5.37,5.34,9.72,220.42,107.92,-83.82,3
-10.56,0.72,0.64,-25.24,36.75,-0.34,6.50,7.54,13.49,142.43,34.13,-88.97,3
-10.12,-0.36,2.28,-14.80,-2.41,2.22,7.26,6.89,12.11,110.15,26.21,-88.21,3
-8.88,0.11,1.94,-13.32,-13.98,11.31,7.05,7.45,11.18,91.48,14.56,-77.12,3
-7.78,-0.57,1.91,-13.91,6.60,17.18,8.01,11.04,8.02,9.46,2.95,-58.08,3
-8.60,0.09,1.73,21.00,9.76,-3.34,4.91,13.75,3.59,-139.13,11.98,-14.58,3
-9.44,0.51,0.63,39.15,21.25,-7.33,6.45,12.20,3.13,-130.02,62.47,-10.56,3
-9.57,1.61,1.17,42.42,8.18,-4.24,2.66,11.23,2.41,-164.64,61.82,30.71,3
-8.99,2.00,0.37,47.64,-10.02,3.60,-1.88,9.15,7.11,-217.78,80.40,69.18,3
-8.06,3.57,2.14,14.00,-5.25,-13.36,-5.38,-0.04,5.95,-196.07,-209.67,76.08,3
-7.02,3.57,1.48,-3.31,5.43,-14.57,-2.78,-2.87,4.47,-126.68,-237.63,54.65,3
-9.00,2.64,-0.74,-23.85,33.07,-24.47,2.11,-2.83,1.48,-34.02,-189.23,25.77,3
-9.97,2.05,0.42,-32.96,0.32,-14.07,7.85,-3.71,-0.46,4.45,-121.59,-7.36,3
-8.15,-0.14,1.03,-36.85,-25.03,0.60,8.69,0.26,3.06,75.13,-6.03,-83.78,3
-9.57,-0.43,1.32,-44.87,-7.66,-12.13,6.71,2.80,5.83,38.87,41.20,-91.74,3
-8.65,-1.02,1.48,-35.87,-1.46,-8.44,7.47,3.40,6.80,102.80,82.54,-112.52,3
-8.91,-0.57,2.12,-21.53,-4.66,-4.48,6.04,4.96,11.41,81.70,107.56,-104.25,3
-9.07,-0.11,1.43,15.95,-11.71,8.77,5.07,5.91,15.42,99.65,73.18,-76.47,3
-9.24,0.68,1.55,21.95,-12.39,0.06,6.20,6.04,14.95,131.12,28.73,-81.11,3
-8.36,1.85,3.40,23.15,-12.85,11.30,7.48,11.03,8.24,27.11,19.95,-66.53,3
-6.86,2.18,2.77,12.85,6.37,14.69,8.25,10.90,8.38,-20.07,48.44,-46.97,3
-9.55,0.92,0.44,-1.58,5.79,22.85,5.59,10.16,6.14,-121.34,146.79,74.83,3
-10.44,0.63,0.55,4.11,1.73,14.38,1.16,11.15,5.73,-148.52,109.15,89.89,3
-9.06,0.06,1.36,21.71,-12.28,2.89,-1.31,8.72,9.23,-186.77,48.00,105.48,3
-8.93,0.14,1.93,37.82,-6.79,-16.34,-5.58,4.22,8.46,-230.30,-97.68,92.51,3
-8.78,1.69,0.01,10.70,11.86,-16.47,-2.10,-4.10,3.96,-31.79,-232.66,-38.53,3
-10.84,3.18,0.43,0.31,8.31,-14.21,1.72,-1.48,-2.17,7.02,-195.72,-48.67,3
-8.75,2.34,0.60,-40.29,-27.82,-4.71,8.51,-0.92,-3.76,18.60,-105.76,-55.11,3
-9.09,1.03,-0.29,-41.37,-17.15,-0.68,10.01,1.12,0.51,58.80,-18.85,-64.49,3
-8.89,-0.00,2.96,-35.85,-22.18,-0.60,8.71,2.64,6.92,57.70,90.00,-90.66,3
-8.39,-1.20,1.15,-21.49,8.77,-2.11,5.89,6.43,11.43,145.14,108.35,-104.01,3
-9.25,-0.90,2.28,-10.86,4.48,-8.37,3.59,4.10,13.47,93.26,110.50,-99.26,3
-9.94,0.55,1.17,9.80,3.64,-4.49,3.64,7.59,14.26,158.83,100.05,-84.68,3
-8.99,1.26,2.17,1.35,-14.34,15.47,4.49,6.51,13.45,167.05,49.31,-96.80,3
-8.45,0.95,3.32,-10.73,-0.74,14.27,5.61,9.12,10.65,135.04,-35.51,-106.46,3
-7.35,1.80,3.04,4.49,19.13,5.05,6.94,15.94,6.46,-6.67,-18.98,-65.21,3
-9.35,1.16,1.70,-4.00,29.21,9.78,6.28,17.28,4.36,-105.42,27.56,7.80,3
-9.44,1.31,2.15,-5.38,8.47,20.97,5.07,13.13,0.85,-134.14,92.98,109.60,3
-8.24,0.60,1.12,-2.18,-2.63,17.63,1.70,8.31,1.28,-173.67,122.76,127.56,3
-8.89,0.87,1.61,18.46,-13.52,3.37,-1.10,6.24,6.51,-209.99,80.11,104.13,3
-8.77,0.65,2.56,30.98,1.58,-11.11,-2.82,5.55,10.36,-180.58,-50.37,92.44,3
-9.95,1.38,1.03,27.69,-3.73,-15.26,-1.24,-2.79,7.87,-106.95,-228.04,34.09,3
-9.08,1.58,0.21,14.75,-14.25,-9.74,-0.21,-3.34,3.26,-53.39,-217.40,7.22,3
-8.55,2.79,1.10,0.90,-28.23,-5.92,5.13,-1.74,-1.28,12.30,-139.19,-14.76,3
-9.00,3.40,2.20,-22.32,-5.20,-13.70,7.33,-1.03,-2.50,-18.88,-52.32,-34.34,3
-10.43,1.54,-0.31,-24.60,35.39,-11.26,8.61,0.80,6.37,41.74,65.19,-85.83,3
-10.38,1.35,1.37,-39.91,-5.63,0.29,10.41,6.37,5.82,59.79,74.92,-72.77,3
-9.12,0.66,1.18,-49.53,-24.07,1.19,8.49,5.83,10.20,222.99,107.53,-15.51,3
-7.79,-0.27,1.49,-39.20,-11.02,8.42,3.53,4.51,14.06,216.37,90.76,0.30,3
-9.99,-0.15,2.87,-44.39,-3.71,2.31,4.23,4.74,12.52,185.82,24.11,-51.92,3
-8.86,-1.73,2.39,-28.71,2.93,-1.76,5.50,7.26,12.47,107.24,-7.98,-80.89,3
-7.82,-2.02,1.96,9.35,14.89,0.81,4.99,8.58,11.68,160.98,-53.38,-103.68,3
-9.19,-1.00,1.96,34.27,23.83,-5.56,7.05,14.56,4.23,-63.27,-45.79,-100.24,3
-10.64,1.48,1.29,16.40,3.19,15.67,8.95,15.93,2.91,-141.29,7.36,11.72,3
-8.23,2.37,2.41,20.55,-11.19,21.18,9.52,12.64,4.11,-169.08,53.34,51.54,3
-8.33,2.45,2.38,29.65,12.25,2.31,5.37,8.55,0.83,-195.79,132.88,75.66,3
-8.01,2.58,0.73,39.63,-2.48,-6.98,1.86,5.88,8.54,-160.16,162.15,66.29,3
-9.98,2.37,-0.98,2.45,31.46,-17.59,-4.81,2.90,10.71,-171.60,-46.66,64.07,3
-9.71,0.94,0.54,-14.08,-0.05,-9.78,-6.76,-1.22,9.28,-173.51,-148.98,61.23,3
-9.05,1.13,-0.41,-4.06,-7.49,-4.78,-4.25,-3.89,5.53,-104.84,-250.14,35.77,3
-8.77,1.36,-0.32,0.78,-7.03,-2.06,0.88,-3.28,-1.71,-4.74,-250.14,-2.53,3
-9.40,0.29,1.82,-12.15,-21.11,-7.87,8.36,-0.04,0.14,51.47,-23.38,-35.57,3
-9.95,0.09,-0.63,4.89,-12.99,-9.86,11.26,1.90,1.50,17.73,8.44,-78.83,3
-8.16,-0.45,1.00,0.46,-0.28,-6.77,8.81,2.56,5.15,50.95,31.47,-104.43,3
-10.14,-0.30,1.48,-5.63,-20.58,-11.48,9.90,4.78,5.82,21.52,57.92,-101.02,3
-9.92,1.14,1.33,-8.33,-26.71,9.79,5.60,2.50,12.04,-39.08,133.09,-78.27,3
-8.21,2.37,3.96,-11.73,-39.51,11.78,3.42,2.26,13.80,3.59,159.75,-61.92,3
-7.39,2.05,3.54,-21.81,-11.15,-3.38,-1.08,3.19,17.62,5.44,140.49,-71.66,3
-7.90,1.01,1.24,-23.31,25.71,-7.83,1.14,6.75,17.44,4.64,121.24,-44.95,3
-9.01,0.89,2.24,-0.79,-5.40,7.98,7.26,2.08,15.57,109.82,-13.37,1.96,3
-8.64,0.03,0.71,-2.27,-0.27,14.07,7.87,6.07,11.71,104.12,-43.60,3.01,3
-7.85,0.57,3.59,-6.92,4.63,25.30,7.84,12.30,1.96,1.78,37.98,33.21,3
-9.62,-0.63,2.54,-14.65,12.60,17.60,6.87,10.58,9.12,-73.05,103.18,42.40,3
-9.66,1.57,0.66,38.35,8.81,-18.24,-3.98,4.80,13.87,-144.39,-65.88,60.34,3
-8.84,2.08,1.01,40.19,-9.98,-11.26,-4.81,4.07,8.18,-131.90,-162.88,66.22,3
-9.42,2.58,0.89,13.94,-2.26,-11.75,-3.55,-0.23,4.99,-127.64,-196.86,72.62,3
-9.20,3.06,1.52,0.82,-21.76,1.93,-1.41,-3.87,2.09,-68.77,-204.77,47.24,3
-9.15,2.83,0.72,-28.44,9.80,-16.08,7.01,-2.28,2.11,-26.50,-20.67,-5.12,3
-10.39,0.84,-0.40,-27.76,18.86,-12.05,8.27,-2.81,4.48,-11.21,-3.31,-25.56,3
-9.29,1.31,1.41,-34.51,-25.39,2.63,7.15,-0.16,4.85,30.31,18.69,-61.24,3
-8.85,-0.03,-1.10,-31.85,-19.73,3.06,9.00,1.41,5.22,100.67,63.91,-87.25,3
-7.87,-0.39,2.16,-46.90,-14.50,-8.70,5.55,5.20,15.21,159.20,100.15,-69.63,3
-8.80,-1.38,2.25,-11.18,20.69,-7.89,4.90,4.44,14.63,177.66,97.53,-69.72,3
-10.23,-1.35,1.63,21.25,19.27,-21.63,5.84,6.17,16.36,130.07,65.15,-74.26,3
-9.35,-0.39,2.04,31.93,-8.29,-4.79,7.29,5.61,18.07,79.72,30.39,-77.39,3
-7.76,2.45,1.53,7.27,-13.02,34.64,5.81,11.78,6.28,-55.71,34.37,-32.53,3
-9.23,1.78,3.16,5.08,13.76,25.47,4.24,13.11,4.57,-114.96,109.18,2.13,3
-8.72,2.84,2.45,30.37,11.00,13.70,-0.13,9.51,9.80,-142.98,145.72,10.66,3
-7.38,3.54,0.83,37.80,19.60,4.71,-4.92,8.13,11.81,-146.00,51.84,31.72,3
-9.55,2.27,0.31,-10.85,6.18,-1.72,-4.90,0.10,5.49,-108.75,-250.14,86.37,3
-9.54,1.70,-0.27,-16.43,-1.57,-0.74,-4.23,-0.44,2.81,-86.72,-250.14,84.19,3
-8.63,0.91,-0.41,-26.68,-14.52,3.37,0.57,-3.75,-0.89,5.07,-250.14,61.07,3
-9.88,0.52,1.88,-34.47,-14.76,-7.15,5.90,-5.02,-3.43,-21.21,-143.49,15.92,3
-8.12,0.59,1.29,-11.35,-43.74,5.05,9.70,3.09,5.65,74.60,15.44,-85.10,3
-7.96,-0.05,1.51,-18.06,9.45,-13.98,9.93,1.49,4.16,107.33,29.34,-123.40,3
-10.87,0.77,-1.94,5.92,-13.85,-21.53,11.06,6.93,6.37,143.77,54.45,-119.38,3
-7.93,0.60,0.97,12.34,-18.56,-2.54,6.45,4.56,11.22,174.74,45.86,-113.70,3
-7.76,0.96,1.63,-28.05,-39.66,12.17,3.56,7.07,11.55,178.98,22.60,-118.08,3
-8.99,0.12,1.82,-23.82,4.19,5.98,6.13,13.77,11.20,74.60,9.63,-110.69,3
-7.98,-0.42,4.26,-24.92,-0.68,6.66,7.93,13.85,6.07,-32.21,3.56,-87.61,3
-7.43,-0.61,5.01,1.68,-0.24,21.32,8.67,16.60,0.08,-120.96,60.26,-37.16,3
-9.98,0.77,1.40,30.11,22.52,10.15,2.47,10.01,4.08,-217.02,122.24,44.06,3
-9.88,0.81,-0.13,34.21,6.97,9.95,0.91,8.83,6.18,-208.50,89.21,53.88,3
-9.87,3.00,0.20,58.80,-5.37,6.49,-1.32,5.71,9.05,-184.94,5.46,63.04,3
-7.84,4.81,1.28,34.92,-25.97,4.15,-4.71,3.18,10.72,-169.28,-78.28,75.10,3
-6.98,3.13,0.83,7.11,17.93,-12.60,-1.70,-3.02,5.02,-67.03,-246.01,53.25,3
-8.36,3.12,0.67,-2.25,19.38,-11.89,0.67,-4.59,1.81,26.41,-205.77,21.78,3
-10.54,2.28,-0.93,-13.19,28.64,-13.21,5.79,-3.31,-1.30,57.14,-116.38,-5.08,3
-10.73,1.80,0.51,-19.51,-10.56,-6.83,8.32,0.58,0.56,48.02,-50.72,-15.60,3
-9.03,0.62,1.74,-38.05,-11.60,-14.91,7.80,0.51,6.12,47.56,52.02,-66.86,3
-10.45,-0.22,1.04,-33.77,-8.35,-9.93,7.20,4.13,8.33,97.01,88.78,-79.24,3
-8.90,-0.28,1.84,-24.03,-26.10,0.68,7.72,4.26,11.56,133.05,97.21,-93.56,3
-8.02,-1.38,1.57,-5.71,3.00,-7.43,4.93,6.91,11.90,118.80,67.12,-98.05,3
-10.18,0.97,0.86,41.30,-11.81,-16.61,4.14,5.90,11.01,34.89,65.91,-74.61,3
-9.28,3.07,2.98,3.66,-22.06,-3.57,3.77,6.84,12.93,98.83,45.37,-67.24,3
-7.37,0.68,2.15,-3.53,-4.75,13.30,4.81,7.59,14.97,123.82,3.38,-80.58,3
-7.98,0.85,1.39,6.52,25.57,8.70,8.14,10.80,9.87,59.63,-29.14,-69.56,3
-7.03,0.43,2.98,-16.73,-6.20,26.87,7.04,14.36,1.35,-116.05,122.06,42.86,3
-9.30,0.21,2.95,16.37,28.44,7.75,1.95,11.67,2.66,-184.24,173.66,45.47,3
-9.44,0.53,1.34,40.94,3.58,-0.53,-3.19,7.05,9.47,-176.24,127.80,21.73,3
-9.34,1.23,-0.21,45.97,2.85,-18.35,-7.21,6.26,11.71,-157.70,-15.43,29.29,3
-8.84,2.41,0.44,13.27,-5.44,-0.87,-3.93,1.78,5.87,-100.06,-250.14,42.76,3
-8.30,3.28,1.45,-3.24,-13.66,-2.85,-2.35,-0.30,4.16,-106.92,-250.14,49.09,3
-8.50,3.27,1.45,-23.03,-5.27,-13.74,2.50,-0.97,-0.77,-8.27,-228.37,37.92,3
-7.97,3.16,0.62,-14.60,8.06,-12.74,8.19,-2.33,-2.11,18.98,-124.13,7.95,3
-9.76,1.30,0.65,-39.55,-15.42,1.95,8.93,-1.11,4.23,2.07,-0.80,-42.28,3
-9.22,0.88,0.19,-40.86,-15.25,3.11,6.82,-0.95,5.59,-9.98,22.40,-96.75,3
-8.02,0.36,0.57,-59.31,-28.71,1.60,6.99,2.71,4.29,42.75,75.99,-121.38,3
-10.54,-0.11,2.26,-49.41,-3.13,-7.91,4.41,2.60,7.99,56.77,130.52,-138.20,3
-6.99,-2.46,3.30,2.73,-2.15,-7.76,1.65,8.58,19.62,212.63,109.15,-96.81,3
-9.25,-1.77,1.66,38.66,23.62,-13.38,3.56,9.73,19.62,168.73,51.22,-92.79,3
-9.88,0.34,2.48,16.72,8.96,-4.25,5.49,9.76,14.52,72.44,-15.72,-89.02,3
-8.66,1.60,2.37,15.46,-3.71,12.15,5.97,13.21,6.40,86.89,-27.31,-58.02,3
-8.67,3.01,2.54,11.05,4.15,14.24,4.46,10.77,3.53,-142.50,59.94,33.48,3
-8.85,2.56,2.26,24.37,9.25,8.04,4.28,12.46,2.57,-166.87,75.63,66.51,3
-8.17,3.31,1.41,30.41,16.92,-0.25,2.66,8.99,6.02,-200.85,140.98,92.56,3
-10.31,2.55,-0.24,20.51,32.31,-10.45,-0.18,6.00,9.75,-150.70,58.27,100.04,3
-8.46,1.27,0.60,-11.05,-15.02,2.05,-4.85,0.59,9.54,-156.82,-129.96,91.63,3
-8.66,0.84,1.39,-23.36,-5.84,2.51,-4.61,-1.37,7.11,-149.85,-247.57,70.36,3
-9.39,0.83,2.43,-35.55,-11.81,4.04,-1.94,-2.98,4.41,-59.76,-250.14,17.42,3
-8.03,0.93,1.51,-15.74,5.28,-9.71,4.35,-2.07,-3.01,54.49,-235.24,-31.40,3
-10.44,0.81,-0.73,1.66,6.87,-28.22,9.56,1.09,2.10,27.97,11.29,-35.05,3
-8.21,0.63,1.35,-15.72,-22.05,-9.85,9.60,0.70,1.92,48.68,42.63,-77.10,3
-8.92,1.27,0.88,-17.14,-31.76,-1.97,8.95,0.45,7.41,94.73,98.53,-88.66,3
-8.42,1.88,2.59,-25.44,-24.15,1.92,8.87,5.01,9.05,101.27,95.53,-78.26,3
-9.83,1.40,1.02,-38.92,17.85,6.25,4.21,4.32,12.89,24.92,74.49,-112.93,3
-9.75,-0.36,1.27,-32.15,6.84,13.66,4.11,6.23,11.90,-6.92,80.64,-111.57,3
-8.79,0.20,1.20,-25.82,-20.82,16.75,3.41,6.13,13.55,35.50,79.96,-59.90,3
-8.10,-0.76,1.94,-22.86,-10.69,8.12,4.49,7.42,14.89,20.53,62.10,-18.74,3
-7.84,-0.07,2.09,23.84,-0.89,6.02,8.26,12.17,7.57,34.42,-23.07,-25.32,3
-9.41,0.08,1.58,23.07,28.95,-5.85,6.52,10.49,6.77,-15.32,42.82,-0.24,3
-9.67,0.28,1.25,31.37,-6.01,10.77,3.34,13.18,3.82,-123.14,120.17,25.05,3
-9.07,1.50,0.11,47.55,3.60,7.85,0.89,9.47,5.43,-130.46,114.02,28.20,3
-7.47,3.79,1.49,37.92,-20.09,1.25,-2.63,6.09,8.93,-168.33,11.95,55.50,3
-7.82,3.58,2.41,16.03,-6.51,-18.36,-3.94,5.62,10.79,-164.89,-25.92,65.98,3
-7.02,3.15,1.55,11.94,8.78,-13.53,-5.08,2.87,8.97,-210.65,-158.31,68.11,3
-8.71,2.85,0.64,-6.03,27.24,-13.48,-3.84,-1.44,6.74,-212.66,-250.14,58.95,3
-10.03,1.41,0.38,-33.17,-3.32,-5.54,4.37,-3.93,-3.45,10.56,-187.01,-12.11,3
-8.01,1.45,1.30,-33.33,-40.79,4.80,7.91,-3.98,-2.55,12.89,-94.73,-32.37,3
-8.24,0.28,1.39,-29.09,-1.23,-4.86,10.41,0.28,-1.86,132.01,-38.21,-57.52,3
-9.32,-0.46,2.97,-21.65,-5.92,-12.47,9.43,3.77,1.36,104.85,11.93,-84.85,3
-8.31,0.16,1.99,-6.67,-0.09,-2.97,8.09,4.02,8.18,116.95,98.87,-113.47,3
-10.15,0.75,1.80,0.57,-2.68,-5.36,6.54,5.16,12.48,94.44,134.90,-93.43,3
-8.01,0.71,0.85,10.53,-0.69,-6.59,2.92,4.86,15.58,120.05,121.46,-87.34,3
-8.98,1.79,1.14,21.40,-4.64,1.27,2.39,6.31,14.16,125.75,76.63,-99.09,3
