-3.32,0.29,-1.27,-196.76,-10.70,32.21,-7.26,-11.48,-4.83,-8.20,-250.14,145.59,10
-0.78,0.06,0.43,-175.60,-3.11,18.15,-6.47,-9.79,-4.51,-16.47,-238.82,-80.78,10
-1.71,1.67,-1.28,-197.71,3.43,40.76,-2.21,-4.51,-7.31,75.34,-149.35,-219.59,10
-3.90,2.48,0.79,-250.14,-9.47,45.15,2.15,-1.04,-10.61,102.08,-82.30,-250.14,10
-13.18,-1.22,3.70,-158.55,-97.76,107.62,16.72,16.91,-15.23,207.40,220.58,-250.14,10
-18.89,-0.35,0.78,-179.40,49.92,51.91,19.50,19.62,9.51,125.59,250.13,-126.31,10
-11.38,3.00,2.95,-109.22,-24.03,14.10,5.47,19.62,19.62,115.53,250.13,250.13,10
-12.62,-0.24,0.25,-155.79,16.21,26.63,3.36,2.65,19.62,131.20,-0.58,250.13,10
-8.01,1.01,1.44,-154.63,46.20,55.82,-5.18,-9.20,9.57,179.14,-250.14,250.13,10
-3.28,-0.08,-1.48,-178.36,26.55,69.45,-3.95,-6.69,0.22,92.84,-250.14,176.76,10
0.00,0.88,1.38,-218.00,0.89,74.69,-2.07,-9.74,-6.06,33.79,-243.65,46.93,10
-0.54,2.75,0.46,-223.45,-4.46,75.43,-1.22,-6.46,-7.13,64.89,-172.89,-111.89,10
-12.84,4.26,-0.86,-228.41,32.61,107.80,6.44,1.35,-14.93,192.53,-10.59,-250.14,10
-15.09,1.69,-1.04,-224.29,-17.13,118.32,16.61,9.17,-12.19,224.43,214.81,-250.14,10
-18.22,1.17,1.10,-156.77,23.80,54.60,19.62,19.62,19.62,201.85,250.13,-132.21,10
-16.22,4.27,2.66,-130.15,35.92,15.88,1.48,19.62,19.62,21.44,250.13,250.13,10
-3.84,1.05,-0.96,-126.95,32.53,46.07,-7.14,-12.25,8.12,43.45,-250.14,250.13,10
-0.67,1.21,0.57,-158.97,-0.17,39.08,-6.77,-9.32,-3.15,-51.53,-250.14,160.02,10
1.79,0.10,-0.22,-170.77,20.00,35.55,-5.18,-6.48,-5.00,-74.18,-242.67,-31.30,10
-0.70,2.80,0.70,-187.09,24.26,47.17,-6.10,-4.01,-6.61,79.74,-193.33,-161.18,10
-15.89,-0.03,2.23,-165.17,-124.23,123.97,19.03,6.11,-15.00,250.13,90.34,-250.14,10
-14.59,0.80,6.05,-101.38,64.99,5.60,19.62,19.62,5.43,250.13,250.13,-250.14,10
-9.42,2.18,1.23,-60.35,20.50,-23.81,-4.71,19.62,-0.55,-149.21,250.13,193.35,10
-12.08,-0.06,-1.37,-79.21,51.02,-7.51,1.58,6.69,19.62,50.44,-11.83,250.13,10
-7.47,2.81,0.75,-122.12,24.99,31.32,-10.37,-15.35,5.73,-1.32,-250.14,250.13,10
-3.90,0.37,0.97,-147.47,27.31,22.18,-5.52,-13.51,-4.22,-136.95,-250.14,118.69,10
-2.18,1.22,-0.62,-171.02,11.12,23.95,-3.46,-10.32,-6.48,-107.40,-183.41,-101.60,10
-0.64,1.36,-0.63,-157.08,-2.02,34.36,-1.10,-4.75,-9.00,64.67,-94.66,-229.00,10
-12.15,-0.21,-0.11,-165.37,16.90,62.47,7.01,3.21,-12.66,58.93,71.06,-250.14,10
-19.62,1.24,-0.04,-143.35,-21.23,91.50,17.03,16.20,-13.81,127.19,250.13,-237.83,10
-16.18,3.51,6.74,-83.66,33.56,8.71,19.14,19.62,11.89,144.37,250.13,-56.69,10
-13.53,3.02,1.29,-96.79,3.85,5.56,5.28,19.62,19.62,111.14,250.13,250.13,10
-8.22,2.16,1.15,-119.45,37.85,18.31,0.78,-0.23,19.47,113.28,-85.21,250.13,10
-6.27,1.37,0.32,-153.18,19.37,36.51,-5.68,-10.26,12.17,93.18,-212.37,250.13,10
-4.12,0.69,-0.04,-178.13,40.47,45.72,-6.50,-9.52,0.98,-15.30,-250.14,212.74,10
-2.87,1.42,-1.17,-190.89,30.64,32.15,-4.18,-10.30,-4.64,-73.76,-250.14,52.46,10
-12.05,2.14,-0.13,-234.35,6.15,28.08,0.00,-3.07,-10.81,113.67,-110.48,-245.56,10
-12.12,-2.04,0.69,-250.14,-0.37,77.61,5.06,3.33,-16.50,75.08,-14.18,-250.14,10
-10.67,1.11,7.92,-145.49,-73.77,65.12,11.84,10.73,-10.94,234.38,202.45,-250.14,10
-10.25,-0.90,-2.39,-141.07,58.78,33.62,15.62,19.62,7.52,187.45,250.13,-236.33,10
-12.80,0.36,3.20,-151.69,20.73,32.94,7.58,6.48,19.62,97.76,-9.96,250.13,10
-16.00,0.17,1.95,-174.71,66.62,24.45,4.87,-5.32,18.88,126.75,-147.79,250.13,10
-11.42,1.21,1.56,-156.35,15.15,56.75,-2.44,-10.66,8.87,156.49,-250.14,246.02,10
-5.97,1.13,-0.25,-197.72,41.46,61.31,-1.42,-8.14,-1.41,48.37,-250.14,129.27,10
-2.30,1.36,-1.01,-220.26,-2.44,42.73,-1.25,-4.38,-7.00,101.79,-142.38,-103.57,10
-1.54,1.22,-0.51,-223.81,-16.18,57.60,-0.97,-1.36,-8.00,135.20,-45.14,-204.27,10
-6.86,3.07,1.57,-229.64,16.13,83.43,4.63,4.16,-9.85,111.39,96.27,-230.01,10
-16.44,2.61,1.19,-240.32,36.68,102.23,14.19,13.00,-7.36,219.01,250.13,-201.48,10
-16.71,3.17,0.04,-169.99,25.93,30.73,10.38,19.62,19.62,178.92,241.30,230.28,10
-13.14,0.58,2.61,-118.22,-2.66,22.79,7.32,6.45,19.62,147.15,3.94,250.13,10
-8.48,1.29,2.35,-125.22,25.53,30.93,0.32,-1.19,19.61,71.75,-157.79,250.13,10
-5.69,1.05,0.49,-137.87,41.19,30.66,-3.87,-13.61,10.86,81.73,-250.14,243.03,10
-1.72,0.97,0.14,-160.52,39.18,20.93,-4.82,-7.73,-3.39,-43.44,-231.66,-30.41,10
-2.98,1.95,-0.75,-186.54,41.26,11.63,-3.27,-6.28,-6.30,-11.77,-147.47,-158.31,10
-6.45,0.17,-0.16,-201.95,22.24,37.38,-0.40,-2.59,-10.44,57.79,-78.79,-239.28,10
-17.28,-1.55,0.97,-186.65,8.40,54.04,5.52,3.60,-15.37,96.49,47.59,-250.14,10
-11.83,0.11,2.01,-72.33,4.83,13.27,9.07,19.62,1.87,137.44,250.13,-32.15,10
-10.41,2.26,-1.06,-74.98,13.06,7.14,9.21,19.62,19.62,60.45,250.13,250.13,10
-11.18,0.80,3.18,-93.54,7.89,10.86,6.99,4.09,19.62,86.17,38.05,250.13,10
-12.01,1.38,3.12,-125.50,15.66,39.59,0.76,-6.40,18.88,142.37,-139.05,250.13,10
-4.28,0.13,-0.78,-160.11,23.30,43.97,-3.16,-9.66,-6.06,-5.60,-250.14,66.80,10
-1.01,1.65,-1.01,-174.40,14.46,47.08,-2.03,-8.90,-9.65,15.57,-204.34,-41.38,10
-2.59,1.88,0.62,-189.59,20.11,53.06,-2.18,-4.47,-8.99,91.56,-109.57,-155.61,10
-7.61,3.17,-0.80,-239.23,0.33,91.50,4.23,0.35,-13.36,117.55,12.34,-234.95,10
-14.56,-2.09,-2.06,-170.29,31.31,54.88,17.54,19.62,-1.58,250.13,250.13,-238.95,10
-13.86,2.74,1.87,-104.91,31.93,1.46,12.10,19.62,1.90,138.84,250.13,0.20,10
-11.83,2.94,1.18,-99.52,25.89,7.24,8.82,19.62,19.62,93.85,250.13,250.13,10
-11.27,1.26,-0.63,-107.43,49.08,3.98,2.10,5.33,19.62,52.05,-13.23,250.13,10
-7.49,1.05,-2.28,-138.12,6.78,52.41,-6.11,-9.98,8.25,41.66,-250.14,250.13,10
-2.54,0.80,0.45,-169.82,0.02,49.90,-8.48,-7.87,-2.31,-22.22,-250.14,132.95,10
-1.64,0.51,-1.44,-189.60,7.43,31.52,-6.01,-8.33,-2.81,-27.21,-205.15,-23.47,10
-1.48,2.01,-0.43,-203.21,-0.33,28.47,-3.33,-5.92,-6.95,30.80,-149.60,-141.31,10
-12.21,-2.65,1.46,-198.76,-6.22,33.76,4.67,2.45,-14.84,105.76,-47.56,-250.14,10
-13.99,1.69,5.59,-125.31,-72.65,56.93,14.73,11.61,-15.53,150.07,135.46,-250.14,10
-13.62,1.58,3.06,-122.32,16.50,37.15,19.62,19.62,8.15,250.13,250.13,-225.32,10
-14.26,1.60,2.21,-106.88,32.27,6.66,-4.75,19.62,11.68,7.85,250.13,191.05,10
-8.14,1.46,0.67,-143.67,44.50,31.28,-2.02,-11.73,17.20,38.26,-210.82,250.13,10
-5.86,1.60,0.03,-166.55,29.98,39.18,-6.62,-10.41,4.11,38.15,-250.14,237.92,10
-2.53,0.93,-1.28,-182.60,25.89,43.44,-6.52,-7.09,-4.12,-80.29,-250.14,93.26,10
-0.91,0.88,-1.07,-209.34,13.99,45.46,-3.29,-6.27,-6.36,0.66,-206.75,-68.31,10
-19.62,1.26,-0.25,-250.14,88.41,19.21,5.59,4.18,-15.68,152.12,-13.56,-250.14,10
-14.13,0.17,-4.12,-157.16,-97.75,127.93,12.18,9.57,-14.88,225.71,157.92,-250.14,10
-11.52,3.91,5.19,-123.25,-20.22,47.07,15.97,19.62,3.96,250.13,250.13,-239.65,10
-16.02,4.17,2.13,-135.83,66.18,10.07,-2.54,19.62,5.57,105.15,250.13,68.81,10
-9.96,2.55,0.36,-121.76,54.24,0.14,3.72,3.60,19.62,27.26,13.25,250.13,10
-8.77,0.03,0.75,-126.31,31.03,16.01,-4.09,-7.64,15.76,61.60,-143.14,250.13,10
-4.98,1.02,0.07,-129.08,15.85,41.37,-7.14,-9.69,5.16,44.38,-243.12,239.74,10
-2.85,1.11,-0.41,-162.02,8.69,36.82,-6.58,-7.13,-0.57,-83.17,-250.14,142.14,10
-1.05,2.30,0.17,-216.20,5.95,32.99,-4.07,-5.19,-10.16,97.63,-153.39,-127.77,10
-9.34,2.25,1.94,-243.07,77.63,66.08,-0.19,-6.40,-10.95,224.92,-75.80,-213.52,10
-14.24,1.45,-1.29,-148.45,-61.41,74.64,9.80,-0.17,-11.18,181.48,33.38,-250.14,10
-14.33,3.16,1.45,-116.85,-9.30,82.17,19.62,10.33,-9.88,210.81,215.68,-250.14,10
-11.75,2.93,1.21,-75.77,8.53,5.82,1.74,19.62,19.62,48.79,250.13,228.89,10
-9.68,2.77,2.30,-72.95,22.85,3.37,1.06,9.06,19.62,46.76,63.28,250.13,10
-7.21,1.74,0.44,-101.04,26.50,10.49,-5.95,-1.03,19.62,98.98,-139.84,250.13,10
-4.40,0.34,1.00,-112.48,17.61,7.85,-11.65,-12.65,9.74,107.66,-250.14,250.13,10
-2.48,2.31,-0.10,-177.73,21.51,29.73,-4.62,-10.58,-10.97,-96.66,-250.14,-168.29,10
-6.92,2.59,-0.15,-218.95,62.35,57.20,0.67,-2.78,-17.59,22.23,-128.26,-250.14,10
-19.62,-0.77,0.05,-206.56,0.00,73.78,7.21,5.98,-19.62,114.51,45.52,-250.14,10
-14.34,-0.66,2.98,-81.01,-65.55,56.28,14.50,19.38,-18.38,231.46,250.13,-250.14,10
-11.69,2.85,0.33,-63.25,25.44,3.50,0.77,19.62,19.62,106.65,250.13,182.56,10
-10.66,0.58,0.43,-63.95,36.94,-5.04,4.77,15.62,19.62,72.20,246.27,250.13,10
-9.65,0.73,-0.56,-69.61,18.60,1.80,-2.41,-0.26,19.62,-44.81,-41.18,250.13,10
-8.14,1.62,1.10,-111.37,2.20,33.31,-7.05,-11.39,13.37,73.31,-250.14,250.13,10
-9.79,-0.16,-1.04,-202.23,17.53,40.07,-9.78,-13.53,-3.85,-88.19,-250.14,72.85,10
-4.81,1.92,-1.53,-210.83,-17.71,55.73,-4.56,-11.73,-11.31,-41.79,-233.44,-113.48,10
-0.86,1.12,0.01,-192.64,-40.42,62.69,1.80,-6.46,-18.56,153.73,-45.54,-250.14,10
0.43,1.57,4.56,-170.14,-7.41,57.64,0.68,5.11,-14.02,64.16,94.92,-250.14,10
-17.53,-3.81,1.36,-122.90,-60.50,42.65,11.98,19.62,5.14,190.79,250.13,-145.73,10
-14.73,4.82,2.97,-86.22,-2.23,21.21,10.23,19.62,19.62,79.88,250.13,204.06,10
-15.06,0.88,2.85,-119.08,18.69,6.31,6.02,12.02,19.62,106.47,141.15,250.13,10
-11.36,1.80,1.82,-130.89,23.85,33.69,-2.34,0.85,19.62,70.37,-69.08,250.13,10
-3.06,0.59,-0.83,-160.27,14.64,46.49,-9.99,-9.64,2.79,-50.08,-250.14,202.89,10
-1.45,1.15,-0.32,-170.29,11.77,38.45,-7.99,-9.82,-2.74,-152.07,-250.14,82.50,10
-0.74,1.55,-0.34,-188.54,20.02,29.66,-5.86,-7.10,-6.73,-57.19,-224.61,-101.67,10
-2.91,3.18,-1.06,-215.72,-8.16,27.86,-3.17,-3.55,-12.24,25.13,-176.68,-212.62,10
-19.62,0.44,7.69,-118.37,-84.89,75.59,14.16,15.91,-17.56,250.13,204.33,-250.14,10
-13.80,-0.42,-0.46,-166.52,45.02,51.20,17.52,19.62,0.31,250.13,250.13,-250.14,10
-11.28,2.47,-1.26,-114.04,27.63,10.40,1.27,19.62,7.57,117.25,250.13,66.96,10
-9.79,0.95,1.25,-121.60,17.65,26.22,4.62,19.24,19.62,38.47,193.64,250.13,10
-5.46,0.63,0.27,-135.09,4.51,65.02,-4.73,-12.81,13.74,25.23,-247.18,250.13,10
-2.00,-0.27,0.57,-161.95,16.58,59.83,-5.66,-9.24,0.73,-22.55,-250.14,160.83,10
-2.06,1.27,0.67,-181.85,40.63,53.36,-6.80,-10.81,-7.07,-54.98,-250.14,-13.70,10
-5.71,1.57,-0.41,-192.11,2.91,48.75,-5.60,-4.98,-9.45,55.06,-162.60,-185.59,10
-9.45,5.31,-0.72,-133.37,-17.79,84.92,6.64,7.42,-19.53,133.61,115.15,-250.14,10
-14.14,6.79,2.77,-158.84,18.11,67.35,13.68,16.50,-10.80,233.32,250.13,-226.87,10
-17.96,3.28,0.96,-150.77,36.64,62.40,16.34,19.62,5.35,95.76,250.13,-2.95,10
-14.75,6.13,1.13,-96.27,27.00,7.12,12.30,19.62,19.62,139.05,250.13,250.13,10
-6.93,1.49,-0.11,-101.16,19.41,34.07,-7.22,-4.79,19.62,131.58,-113.60,250.13,10
-2.50,0.15,-1.08,-108.32,14.26,36.47,-12.20,-7.05,10.04,97.50,-210.07,250.13,10
-1.65,0.69,-0.72,-130.05,41.53,-7.37,-10.84,-6.40,0.44,-23.59,-235.99,207.85,10
0.45,0.70,-0.39,-154.49,9.34,-2.72,-7.95,-8.59,-3.94,-186.60,-250.14,79.79,10
-18.78,0.33,-6.94,-250.14,21.05,74.15,9.18,-3.08,-19.62,148.97,-126.60,-250.14,10
-6.88,3.35,7.53,-147.90,-110.18,90.42,11.57,4.85,-17.67,235.74,2.05,-250.14,10
-15.31,-1.04,-0.27,-187.31,99.21,7.59,15.05,14.40,-17.41,250.13,235.12,-250.14,10
-9.55,1.67,2.08,-71.27,-61.77,27.68,18.42,19.62,0.15,209.54,250.13,-189.65,10
-12.36,-1.53,1.41,-57.82,11.18,2.88,2.41,-7.95,18.16,6.95,-112.25,250.13,10
-9.86,1.05,1.72,-77.82,22.16,14.08,-1.64,-13.88,10.27,-7.36,-248.21,213.15,10
-7.17,0.31,0.42,-131.11,27.02,28.40,-5.15,-10.78,0.20,-44.13,-250.14,62.75,10
-3.94,-0.10,0.00,-143.97,6.97,37.45,-4.21,-9.26,-5.39,-40.81,-217.87,-73.73,10
-2.05,1.94,0.41,-153.55,-2.08,26.13,-2.57,-0.53,-9.62,12.12,-25.08,-212.68,10
-8.60,2.48,1.35,-182.02,20.30,49.90,2.53,6.10,-10.93,19.60,98.27,-198.84,10
-15.96,-1.08,2.47,-137.24,-25.92,60.59,12.93,14.53,-8.97,105.15,239.82,-152.57,10
-14.37,1.38,-2.02,-100.85,-42.50,58.83,19.62,19.62,6.82,190.21,250.13,-37.45,10
-9.93,1.61,-1.47,-98.73,-0.46,-1.67,6.59,8.86,19.62,46.64,125.24,250.13,10
-10.60,-0.79,1.18,-101.10,0.59,18.42,-1.56,-7.25,19.62,10.57,-97.61,250.13,10
-9.35,0.05,0.17,-107.05,28.67,39.34,-6.87,-13.91,9.78,-108.31,-250.14,233.79,10
-7.23,1.74,0.17,-142.61,21.39,45.96,-7.75,-10.94,-0.09,-126.88,-250.14,62.27,10
-5.81,0.68,-1.89,-184.90,14.86,9.33,-8.16,-5.21,-7.50,50.53,-183.03,-187.98,10
-3.27,0.65,0.76,-200.04,-14.80,37.21,-4.37,-1.49,-9.64,23.28,-93.86,-239.34,10
-2.68,1.59,1.47,-204.48,6.32,37.89,-0.06,5.18,-11.92,144.92,1.40,-250.14,10
-17.22,-0.50,0.78,-199.41,39.79,52.17,7.40,13.41,-14.57,215.13,102.89,-250.14,10
-13.07,2.62,2.85,-130.23,50.60,9.97,9.57,19.62,2.42,250.13,250.13,9.03,10
-14.81,2.42,0.77,-129.36,45.47,3.09,6.48,19.62,19.62,167.16,250.13,250.13,10
-12.88,-0.49,1.80,-123.99,19.44,27.66,4.87,7.23,19.62,95.49,63.11,250.13,10
-6.19,3.34,-0.83,-157.74,35.25,31.29,-5.41,-7.41,19.62,31.95,-175.83,250.13,10
-0.49,0.34,-0.90,-229.34,-8.60,43.01,-6.84,-9.52,-3.46,-80.29,-250.14,26.96,10
-1.22,1.05,-1.08,-240.05,-5.49,57.63,-5.91,-6.84,-7.49,-42.05,-219.52,-112.44,10
-5.93,1.19,-1.05,-249.75,45.15,70.87,-3.44,-1.25,-12.08,60.45,-140.52,-246.10,10
-19.62,-5.46,-2.49,-250.14,51.89,36.52,3.17,6.71,-18.75,121.08,-17.87,-250.14,10
-9.85,0.98,3.55,-146.58,-14.73,44.80,14.97,19.62,-0.21,250.13,250.13,-232.26,10
-10.17,1.57,-0.59,-88.60,39.56,1.76,2.01,19.62,1.93,126.16,250.13,43.84,10
-11.80,0.57,0.38,-82.89,23.82,0.47,3.53,19.62,19.62,49.41,250.13,250.13,10
-12.96,-1.31,-0.41,-69.93,12.52,18.99,-2.08,4.03,19.62,32.79,46.54,250.13,10
-6.50,-0.13,-1.16,-80.76,37.00,36.84,-7.59,-9.16,9.31,-2.49,-250.14,250.13,10
-1.76,-0.34,0.85,-122.47,13.43,43.11,-8.36,-10.60,-2.76,-113.81,-250.14,130.77,10
-0.37,0.54,1.60,-159.74,10.26,39.02,-6.88,-9.67,-8.41,-134.92,-232.09,-66.98,10
-5.80,4.28,2.32,-178.01,6.01,47.66,-4.26,-5.70,-11.08,-18.27,-116.42,-210.03,10
-9.88,4.67,2.42,-148.38,-39.86,64.85,12.46,9.27,-11.65,169.40,133.40,-189.79,10
-19.62,1.39,2.75,-231.27,74.15,46.53,19.62,15.71,-4.93,250.13,250.13,-130.83,10
-14.83,1.61,4.50,-95.18,-4.28,15.49,16.89,19.62,7.70,250.13,250.13,56.60,10
-9.45,3.06,-0.94,-110.37,34.42,-13.37,6.64,18.10,19.62,137.03,241.34,250.13,10
-3.01,0.38,-0.31,-91.98,-3.87,20.47,-12.25,-7.93,7.81,6.39,-250.14,219.74,10
-0.99,0.42,-0.11,-151.79,-19.85,13.79,-11.94,-6.01,0.20,-105.60,-250.14,112.23,10
-1.04,1.03,-1.04,-200.42,-9.92,38.36,-8.90,-8.73,-6.03,-126.80,-250.14,-40.86,10
-8.40,-4.76,1.43,-250.14,44.54,62.69,-5.61,-5.41,-9.06,-9.16,-221.68,-181.56,10
-15.80,5.23,2.54,-104.42,-75.08,56.71,10.99,13.07,-19.62,248.17,150.34,-250.14,10
-10.67,1.16,0.22,-141.39,32.79,24.04,18.09,19.62,-12.17,232.11,250.13,-250.14,10
-13.89,-0.32,-2.03,-85.88,16.72,18.02,0.75,19.62,2.78,20.32,250.13,29.00,10
-10.81,0.88,1.34,-77.18,33.94,9.31,9.55,19.41,19.62,18.40,250.13,250.13,10
-6.08,0.29,-1.63,-114.41,23.25,16.75,-3.99,-5.30,18.49,-8.87,-125.42,250.13,10
-3.67,0.47,0.02,-109.25,11.22,27.94,-7.55,-8.23,9.11,3.72,-250.14,212.34,10
-4.38,0.50,0.07,-158.98,5.50,9.81,-10.42,-9.30,-0.93,-78.11,-250.14,89.87,10
-5.12,-0.18,1.37,-213.89,20.18,26.51,-9.18,-8.76,-7.03,-76.55,-250.14,-79.05,10
-14.38,-1.33,0.74,-188.31,22.50,39.60,1.99,2.30,-12.12,117.79,-40.03,-237.63,10
-14.76,-2.66,4.03,-136.46,-32.34,45.86,8.89,9.76,-11.38,129.56,119.79,-227.77,10
-7.96,2.29,0.62,-89.01,-51.78,26.41,19.62,18.68,-7.17,217.44,250.13,-139.89,10
-15.79,1.63,-1.60,-121.11,64.11,11.04,15.31,19.62,9.69,124.29,250.13,157.40,10
-15.11,-0.83,2.66,-119.10,-21.76,20.38,0.62,-11.07,17.56,123.60,-214.18,250.13,10
-10.98,0.13,1.30,-130.63,26.60,40.69,-3.89,-11.61,7.55,85.29,-250.14,184.59,10
-4.70,0.53,-0.12,-159.92,0.74,37.40,-2.60,-9.14,1.32,-71.02,-247.43,64.76,10
-1.71,0.54,0.00,-166.85,13.03,18.84,-4.60,-8.30,-3.55,-40.59,-190.66,-71.27,10
-3.46,1.87,-0.71,-196.92,4.31,49.02,-3.61,3.72,-9.71,36.81,-23.09,-231.87,10
-19.62,-4.66,1.88,-250.14,74.53,44.06,4.69,11.22,-14.97,97.94,102.50,-215.28,10
-19.62,-1.55,10.12,-86.17,-174.66,118.93,18.48,19.62,-11.70,225.21,250.13,-146.14,10
-10.24,1.03,1.37,-97.16,-6.79,13.43,18.99,19.62,3.86,250.13,250.13,-29.24,10
-12.23,-0.49,1.43,-99.94,14.13,14.51,2.78,4.44,19.62,120.02,11.85,250.13,10
-9.19,0.12,0.49,-127.60,23.82,31.98,-3.23,-12.26,19.62,96.31,-174.37,250.13,10
-7.08,0.94,1.22,-144.87,4.18,49.20,-4.53,-16.08,8.40,110.39,-250.14,200.10,10
-3.08,0.66,1.57,-186.83,31.34,49.69,-4.36,-11.58,-3.90,-87.16,-250.14,40.25,10
-1.35,2.34,-0.04,-194.66,11.29,51.29,-4.50,-1.77,-12.72,48.69,-134.73,-216.17,10
-6.01,0.12,-1.49,-207.26,2.87,67.08,0.30,4.78,-13.51,45.27,-5.16,-239.13,10
-19.62,-7.70,3.47,-196.49,14.85,42.06,7.33,15.23,-12.69,106.52,222.76,-207.95,10
-10.58,2.11,9.23,-25.98,-155.87,56.77,19.62,19.62,4.05,206.68,250.13,-126.53,10
-10.65,-0.56,1.83,-75.98,-21.09,18.29,2.94,8.82,19.62,67.38,32.79,250.13,10
-9.62,-0.81,0.67,-84.82,5.84,30.74,0.05,-7.02,19.62,119.79,-124.79,250.13,10
-8.29,0.74,1.81,-99.59,39.21,31.66,-5.76,-15.59,10.28,79.35,-250.14,250.13,10
-7.39,-0.37,2.00,-136.32,20.05,32.41,-4.62,-11.77,-1.28,-85.93,-250.14,88.50,10
-2.69,2.07,-0.24,-174.67,3.42,48.82,-1.49,-1.60,-10.36,54.39,-50.56,-250.14,10
-2.92,2.23,-0.07,-158.79,-12.87,52.84,1.36,6.56,-11.17,37.56,64.69,-250.14,10
-16.94,-0.47,2.76,-183.98,40.63,47.05,6.66,15.15,-9.43,48.74,241.24,-192.68,10
-10.62,-0.56,4.23,-69.08,-89.79,79.10,16.17,19.62,6.36,188.27,250.13,-93.82,10
-11.93,1.68,3.35,-63.28,10.69,-18.63,6.21,14.90,19.62,71.30,146.07,250.13,10
-10.82,-1.10,-0.88,-68.74,14.95,14.70,-0.48,-1.25,19.62,55.36,-74.31,250.13,10
-10.55,0.91,2.88,-88.47,25.02,32.40,-3.97,-12.98,12.90,85.57,-232.63,250.13,10
-9.99,1.26,0.23,-144.34,35.41,35.01,-4.66,-9.71,1.66,-38.60,-250.14,183.53,10
-5.73,1.72,0.26,-184.79,19.00,31.98,-3.14,-9.57,-4.89,-14.61,-199.59,-109.03,10
-5.04,2.31,-0.33,-205.53,16.98,42.94,-2.34,-4.17,-8.98,34.90,-128.25,-203.05,10
-3.51,2.55,-0.52,-194.62,-14.01,56.61,0.01,1.78,-11.72,58.61,-22.34,-250.14,10
-11.95,-1.95,0.80,-204.43,6.89,62.23,2.35,10.36,-12.27,86.09,130.85,-250.14,10
-11.68,1.48,4.22,-99.52,-20.35,41.93,13.91,19.62,7.88,250.13,250.13,-115.98,10
-8.77,2.01,-2.11,-94.32,14.52,-6.92,4.94,19.62,19.62,9.62,250.13,250.13,10
-11.90,0.42,3.90,-117.05,-15.31,9.79,3.85,5.57,19.62,-5.35,35.15,250.13,10
-14.23,-0.00,5.14,-101.07,27.98,29.47,-3.66,-12.75,19.62,46.16,-204.02,250.13,10
-5.59,1.22,-0.51,-174.10,25.47,51.02,-5.15,-10.42,-4.17,-99.73,-250.14,26.85,10
-3.54,1.19,0.04,-189.66,17.15,40.21,-4.62,-7.87,-6.67,-6.34,-232.60,-92.84,10
-2.99,2.30,-0.97,-199.89,16.32,40.79,-3.87,-2.38,-8.10,82.10,-150.05,-184.38,10
-3.12,2.59,-0.99,-205.56,11.97,55.94,-2.78,0.95,-9.34,107.75,-84.01,-230.15,10
-16.69,-1.55,7.22,-116.63,-46.58,68.82,18.09,19.62,-12.28,250.13,250.13,-229.42,10
-16.29,1.11,1.59,-132.98,23.76,31.78,19.62,19.62,7.10,250.13,250.13,-136.67,10
-14.26,-0.89,-1.37,-109.18,63.63,-11.62,9.86,19.62,18.93,119.03,250.13,229.84,10
-7.41,-1.22,-1.08,-75.37,6.85,-5.70,-1.01,7.78,19.62,47.01,33.15,250.13,10
-5.96,-1.76,1.37,-76.49,-49.96,5.60,-7.99,-15.41,6.05,32.81,-250.14,190.37,10
-7.44,-0.30,4.45,-113.45,29.29,14.59,-6.86,-11.28,-3.42,-87.58,-241.74,24.99,10
-6.73,1.90,1.78,-135.54,-22.26,50.55,-2.96,-8.02,-5.75,-41.46,-152.27,-138.63,10
-2.82,2.89,1.13,-157.05,2.37,46.67,2.42,0.75,-8.75,6.39,-35.88,-235.31,10
-7.30,1.99,0.60,-156.86,13.24,44.88,7.99,15.84,-5.55,95.36,193.70,-142.68,10
-16.71,-0.32,0.53,-186.55,53.13,76.22,12.13,19.62,1.01,21.21,250.13,11.49,10
-13.87,-0.43,2.49,-102.57,-32.76,50.41,18.50,19.62,19.62,126.18,250.13,250.13,10
-15.48,3.23,1.52,-95.03,16.32,7.48,12.39,5.42,19.62,71.07,117.46,250.13,10
-9.98,-0.34,1.12,-111.90,40.21,23.30,-3.25,-11.06,18.24,-9.27,-236.49,250.13,10
-7.16,1.33,1.15,-115.05,24.95,33.41,-8.06,-9.81,5.02,60.40,-250.14,101.68,10
-3.79,2.28,0.24,-165.21,4.52,22.61,-10.15,-6.99,-1.94,-43.34,-250.14,1.22,10
-2.99,1.35,-1.06,-211.51,23.64,21.45,-7.24,-5.62,-4.73,-40.68,-250.14,-110.99,10
-14.42,-0.83,-1.44,-250.14,24.37,18.73,1.49,4.10,-15.02,149.16,-43.72,-243.67,10
-13.89,-4.27,-0.96,-173.05,-39.49,73.92,7.10,12.56,-18.23,184.98,115.06,-250.14,10
-11.68,0.38,1.60,-60.45,-53.15,49.80,17.83,19.62,-12.24,250.13,250.13,-237.42,10
-14.74,3.42,2.22,-115.99,41.21,-20.72,9.47,19.62,5.61,90.37,250.13,83.90,10
-10.19,1.45,1.77,-109.95,20.69,26.58,0.71,-11.14,18.53,154.31,-169.18,250.13,10
-7.51,0.99,1.15,-142.59,22.08,34.92,-4.09,-13.38,7.69,128.27,-242.18,218.76,10
-3.93,0.72,0.72,-163.55,30.21,33.72,-4.75,-13.94,-1.29,11.52,-250.14,42.29,10
-2.34,1.67,-0.93,-181.03,27.73,29.02,-3.83,-8.40,-7.76,-55.43,-209.63,-93.93,10
-6.12,1.32,-2.26,-183.70,4.92,47.47,0.40,-0.41,-10.11,27.03,-58.17,-250.14,10
-15.58,-2.50,1.55,-205.37,-23.60,40.14,5.19,9.53,-14.87,-17.57,89.08,-239.39,10
-12.42,0.42,0.66,-122.16,-57.76,94.10,13.24,19.62,-8.84,168.97,250.13,-174.29,10
-19.62,-2.54,-0.10,-107.42,112.89,13.41,16.48,19.62,4.53,163.10,250.13,14.27,10
-4.10,0.62,-3.35,-72.84,11.59,-26.80,-1.41,4.55,19.62,1.43,23.49,250.13,10
-7.65,-0.86,-1.81,-60.30,40.15,1.38,-4.31,-12.16,17.89,67.96,-190.54,250.13,10
-9.42,-0.13,3.11,-79.64,-56.49,30.89,-8.56,-13.04,3.21,20.90,-250.14,201.47,10
-10.60,0.45,2.74,-146.27,35.39,20.77,-5.38,-14.02,-3.26,-94.11,-250.14,8.37,10
-5.47,2.19,0.67,-160.46,21.63,28.31,-1.41,-4.28,-8.83,43.99,-145.97,-226.70,10
-2.84,3.05,0.56,-162.77,-7.76,37.67,1.07,1.89,-11.13,71.84,-23.10,-250.14,10
-3.62,1.64,0.98,-150.81,-26.79,56.26,5.77,12.55,-10.21,46.63,133.16,-190.54,10
-19.62,-5.94,2.06,-239.96,77.69,28.57,14.67,19.62,-4.61,207.11,250.13,-102.93,10
-12.37,2.40,1.00,-137.27,5.30,-8.94,5.41,-0.61,19.62,42.36,-56.73,250.13,10
-8.96,-1.91,0.24,-127.82,-32.45,45.08,-0.11,-9.90,13.75,104.69,-218.16,250.13,10
-8.38,-0.54,4.11,-148.21,25.43,25.69,-7.39,-8.74,2.26,84.13,-250.14,169.81,10
-5.74,1.44,0.28,-176.55,27.15,37.09,-4.48,-10.24,-3.20,-46.61,-241.06,50.41,10
-4.05,1.56,-1.26,-216.36,-2.73,71.10,-1.01,-1.47,-11.82,152.13,-99.46,-230.99,10
-8.31,-1.35,-0.01,-214.85,1.27,59.83,4.07,4.83,-15.22,148.89,5.11,-250.14,10
-11.96,-2.85,3.82,-162.04,-25.36,65.40,6.24,12.99,-9.99,247.91,186.18,-250.14,10
-19.62,-0.74,-0.08,-117.55,20.66,48.36,18.83,19.62,2.48,163.27,250.13,-171.22,10
-10.18,3.40,1.95,-70.88,2.53,-14.92,6.39,16.43,19.62,110.96,175.79,250.13,10
-6.72,1.20,-0.34,-108.23,-13.19,26.33,1.23,3.10,19.62,44.10,-56.32,250.13,10
-6.48,0.97,1.62,-99.39,11.98,26.32,-0.96,-11.31,10.82,94.69,-189.97,250.13,10
-7.86,0.12,1.40,-130.31,38.70,-0.47,-2.32,-8.07,2.17,-44.99,-250.14,167.89,10
-7.51,1.51,1.56,-167.33,-7.05,46.17,-1.51,-8.76,-6.98,26.54,-168.96,-134.38,10
-6.14,2.34,0.47,-171.89,24.96,57.50,0.96,-3.63,-8.26,46.21,-51.80,-214.63,10
-2.82,2.32,-0.34,-161.29,-20.77,75.82,4.90,4.90,-8.64,11.75,98.60,-214.37,10
-7.17,1.25,0.63,-148.73,36.52,56.06,11.87,15.83,-5.41,127.95,220.19,-165.36,10
-11.26,1.93,1.24,-40.52,-51.23,28.73,16.39,19.62,19.62,233.61,250.13,183.49,10
-10.50,2.69,-0.65,-114.42,21.16,-1.62,11.49,12.63,19.62,115.20,79.70,250.13,10
-18.77,0.47,2.16,-108.60,21.25,32.02,0.54,-4.52,19.62,115.33,-161.76,250.13,10
-12.52,0.87,3.44,-128.18,30.76,27.85,-5.15,-11.63,8.50,148.85,-250.14,250.13,10
-2.42,1.91,-1.46,-197.89,21.71,32.51,-5.07,-11.24,-11.87,-18.91,-191.24,-127.48,10
0.30,0.90,-0.94,-189.78,-31.95,36.18,-4.68,-4.67,-11.96,64.42,-90.96,-250.14,10
-0.52,4.15,1.63,-208.53,-27.01,54.31,-1.53,3.94,-13.24,54.49,28.85,-250.14,10
-19.62,-6.48,2.80,-250.14,164.72,5.30,3.75,13.54,-9.35,69.34,143.30,-250.14,10
-11.54,0.83,1.20,-90.55,5.05,6.09,14.84,19.62,4.57,172.65,250.13,-25.59,10
-9.39,0.84,-4.72,-86.12,44.49,-14.19,13.31,19.62,19.62,82.06,250.13,250.13,10
-11.29,-0.91,3.06,-72.79,-7.99,9.87,2.09,3.10,19.62,16.24,0.16,250.13,10
-9.25,0.13,1.63,-81.37,-17.69,22.66,-0.87,-12.58,15.24,106.38,-188.16,250.13,10
-5.59,0.02,-0.38,-128.53,28.53,16.05,-3.50,-11.62,-1.81,-56.32,-250.14,41.69,10
-4.77,1.90,-1.21,-142.77,5.37,20.50,-3.22,-9.75,-8.81,-24.74,-216.16,-65.31,10
-6.70,2.21,0.70,-182.60,-0.67,19.32,-4.02,-4.52,-10.43,42.82,-115.53,-172.51,10
-6.45,2.90,0.65,-173.32,-24.06,60.88,0.51,0.40,-13.27,67.40,13.78,-233.11,10
-15.74,-2.74,1.22,-96.11,-15.32,26.76,18.23,19.62,-1.68,250.13,250.13,-205.81,10
-13.08,3.19,1.81,-80.68,-20.50,-5.02,16.88,19.62,1.07,68.41,250.13,55.45,10
-10.91,1.72,2.18,-86.68,20.06,1.31,12.49,16.12,19.62,115.55,243.37,250.13,10
-11.53,-0.01,0.57,-92.47,47.60,9.30,5.87,4.39,19.62,63.82,28.70,250.13,10
-2.10,0.87,-0.11,-158.99,4.37,47.74,-6.92,-6.51,0.05,-82.50,-250.14,62.15,10
-2.61,0.29,-1.77,-183.13,27.06,39.63,-6.18,-6.23,-3.74,-79.25,-248.71,-56.52,10
-10.01,0.43,-2.62,-205.08,9.56,23.85,-4.35,-2.02,-7.76,-5.32,-174.43,-157.72,10
-13.11,-5.40,-0.13,-228.43,6.85,51.00,2.46,2.32,-13.72,26.72,-57.65,-209.43,10
-18.69,-2.27,0.32,-110.56,25.00,15.36,19.62,19.62,3.65,250.13,250.13,-49.08,10
-9.49,0.90,0.96,-50.35,-29.72,10.79,11.66,19.62,19.62,116.60,250.13,236.50,10
-6.32,2.45,0.31,-82.73,14.40,-8.81,4.06,3.71,19.62,57.92,22.29,250.13,10
-8.67,-0.62,0.17,-115.95,-8.37,28.50,-2.71,-9.78,14.49,78.05,-187.67,250.13,10
-9.14,0.79,2.16,-155.66,41.20,20.25,-3.73,-11.05,-3.93,-19.87,-250.14,4.82,10
-6.70,0.69,1.13,-165.30,1.08,31.97,-2.19,-8.36,-5.13,8.67,-202.52,-105.16,10
-5.65,1.66,-0.56,-184.38,20.08,36.14,-0.99,-3.10,-9.99,43.52,-95.95,-213.71,10
-3.50,2.59,-0.78,-170.73,-17.95,61.85,2.67,2.28,-10.06,105.09,33.63,-250.14,10
-16.09,-3.59,1.96,-214.70,52.47,55.84,8.12,19.50,-5.68,179.34,250.13,-152.59,10
-12.73,-1.67,5.07,-75.58,-37.79,43.74,8.71,19.62,1.70,228.79,250.13,-20.47,10
-10.08,3.83,2.69,-77.83,13.89,-2.76,11.75,19.62,19.62,111.83,250.13,250.13,10
-11.56,1.89,1.87,-116.97,-17.15,36.83,7.07,5.69,19.62,74.80,56.33,250.13,10
-10.86,0.77,1.15,-142.03,7.71,45.31,-2.28,-11.97,7.87,107.25,-250.14,196.24,10
-6.72,1.92,1.94,-159.63,12.09,48.98,-3.85,-6.68,0.94,45.03,-250.14,125.56,10
-3.35,1.71,0.38,-191.34,17.69,45.44,-3.44,-9.74,-4.58,-46.98,-232.28,-18.69,10
-1.19,1.36,-1.14,-188.15,25.70,54.52,-2.95,-4.41,-6.99,72.67,-174.80,-149.11,10
-14.68,0.13,-0.55,-250.14,13.57,40.59,5.71,9.76,-11.87,98.73,107.40,-176.71,10
-14.21,-2.91,1.02,-184.05,-58.13,117.10,12.73,16.96,-9.21,191.74,248.49,-155.19,10
-19.62,-0.03,1.90,-156.64,64.70,36.27,18.26,19.62,2.57,250.13,250.13,-91.95,10
-13.68,0.70,-2.06,-51.17,-15.86,13.10,14.04,19.62,19.62,111.45,250.13,209.27,10
-8.82,-0.40,-0.93,-107.45,33.16,-0.89,-3.61,-4.73,19.62,5.87,-81.40,250.13,10
-7.13,-0.97,3.74,-71.31,-30.87,36.73,-3.02,-11.35,13.22,98.95,-224.81,231.44,10
-7.89,0.11,2.68,-93.11,46.84,7.88,-5.23,-8.86,1.71,-10.23,-250.14,108.37,10
-6.53,1.43,0.47,-113.53,25.84,22.02,-3.28,-9.42,-2.76,-71.92,-250.14,-12.25,10
-3.81,2.54,-0.19,-178.92,17.50,43.50,-0.72,-2.97,-8.60,42.85,-100.23,-160.85,10
-7.65,-0.10,-1.16,-173.55,12.86,57.40,2.55,2.34,-9.54,18.88,27.82,-185.82,10
-13.01,-3.85,2.82,-160.88,-15.49,53.15,6.28,11.38,-7.99,45.46,187.17,-180.26,10
-11.11,0.16,3.44,-101.31,-43.72,41.31,16.65,18.51,-0.11,226.02,250.13,-139.20,10
-13.30,3.27,2.67,-112.66,3.47,25.21,15.78,18.43,19.62,89.30,226.75,250.13,10
-14.46,1.82,2.43,-96.02,-3.82,46.52,6.94,0.49,19.62,80.55,-27.03,250.13,10
-12.74,1.44,2.70,-118.68,24.85,42.92,0.52,-11.77,14.49,116.79,-203.55,250.13,10
-7.94,1.38,1.23,-126.31,9.42,45.23,-2.25,-8.78,3.41,82.57,-250.14,134.25,10
-1.55,3.20,-1.03,-212.07,2.33,35.13,-3.91,-3.26,-4.71,58.46,-102.11,-146.66,10
-1.30,2.11,-0.86,-223.61,6.52,51.88,-2.54,1.54,-6.03,80.34,-13.60,-177.15,10
-11.08,-0.45,-2.73,-224.29,57.11,46.22,1.96,9.53,-6.47,27.02,110.67,-149.99,10
-10.91,-2.71,7.43,-160.71,-35.60,38.12,17.14,19.62,0.70,250.13,235.62,-89.46,10
-7.04,1.43,-1.31,-33.22,-17.10,8.64,8.17,2.46,19.62,98.07,-18.46,250.13,10
-8.63,0.14,1.48,-71.47,10.95,26.05,0.86,-12.15,14.01,157.76,-165.08,250.13,10
-5.72,-0.44,0.94,-88.81,-6.90,38.86,-5.15,-11.28,3.49,62.49,-239.02,117.54,10
-3.83,-0.69,2.62,-110.00,26.80,26.89,-4.80,-9.34,-4.82,-121.81,-180.27,-56.29,10
-1.14,2.10,0.84,-134.91,-13.95,56.17,0.17,2.97,-7.66,-22.31,20.18,-186.98,10
-4.07,2.48,0.79,-164.34,18.77,60.63,3.79,13.67,-5.56,73.15,153.56,-137.51,10
-18.78,1.79,3.71,-176.98,8.20,64.32,9.01,12.84,2.01,185.76,250.13,-27.06,10
-12.26,-2.63,2.74,-87.56,-92.63,61.66,19.62,19.62,13.75,250.13,250.13,83.31,10
-14.36,1.20,5.43,-85.82,-18.56,43.52,10.79,6.13,19.62,181.54,44.76,250.13,10
-12.63,1.15,1.97,-117.08,39.05,34.47,2.79,-3.58,19.62,130.91,-107.18,250.13,10
-4.68,1.31,-0.44,-116.97,20.34,45.08,-2.66,-7.51,7.86,69.15,-207.91,213.15,10
-0.85,1.88,-2.01,-151.30,4.84,53.34,-5.36,-7.59,-0.07,-130.41,-230.41,103.63,10
0.31,2.29,-1.24,-197.30,8.65,50.55,-4.96,-1.99,-4.73,-24.85,-84.02,-166.69,10
-6.40,6.24,-3.06,-231.88,-27.86,57.55,-3.08,2.79,-5.90,26.56,-13.81,-177.28,10
-19.62,-10.77,-6.89,-250.14,146.95,39.37,5.03,11.18,-9.24,0.31,164.08,-145.47,10
-6.21,-0.08,7.50,-15.00,-168.02,85.86,19.07,19.62,0.74,250.13,250.13,-125.79,10
-14.72,-0.33,1.91,-76.21,39.44,13.57,11.92,8.13,19.62,220.24,89.82,250.13,10
-11.85,1.91,2.24,-93.37,64.65,5.44,4.66,-0.23,19.62,110.66,-15.69,250.13,10
-7.77,2.14,-0.44,-104.33,20.16,43.47,-1.02,-9.30,13.36,72.17,-168.57,250.13,10
-2.93,2.22,0.34,-145.13,13.30,60.59,-5.22,-9.32,3.61,-19.82,-225.65,184.91,10
-0.96,1.84,-1.41,-193.61,45.23,41.33,-6.51,-6.31,-8.34,-68.23,-186.14,-110.69,10
-3.32,3.56,-3.78,-215.27,-6.34,73.36,-1.53,2.16,-11.12,-64.85,-70.20,-184.39,10
-18.04,-5.00,3.20,-250.14,30.80,12.28,10.87,15.61,-8.64,137.08,133.05,-163.99,10
-14.77,-2.77,3.81,-52.95,-25.24,46.88,19.62,19.62,5.90,216.92,249.48,-49.01,10
-14.71,-1.11,3.64,-43.10,3.50,11.54,13.15,5.38,19.62,235.58,145.30,250.13,10
-4.39,1.18,-1.93,-53.43,9.42,10.45,5.34,-0.18,19.62,152.19,-24.76,250.13,10
-5.05,1.94,0.61,-82.24,28.60,14.95,-6.48,-13.32,9.54,91.95,-180.70,183.35,10
-4.91,0.43,0.23,-110.77,-11.82,-1.21,-10.82,-8.43,0.24,-92.02,-250.14,22.77,10
0.49,2.37,0.75,-161.80,-14.27,38.34,-0.93,-0.56,-7.25,-81.14,-122.19,-200.08,10
-3.86,2.78,0.90,-179.59,11.37,52.32,5.34,8.70,-8.45,42.89,-7.26,-188.38,10
-9.53,1.71,2.91,-190.98,0.37,43.92,10.92,18.84,-6.09,165.44,140.21,-87.32,10
-18.59,-2.85,1.06,-202.27,-3.05,87.24,19.62,14.92,5.32,209.25,250.13,39.32,10
-16.44,0.60,1.52,-110.44,46.44,33.65,9.65,3.59,19.62,129.03,40.99,250.13,10
-11.97,1.47,0.42,-108.17,38.18,45.80,1.97,-7.07,19.62,38.79,-97.94,250.13,10
-3.72,1.50,-0.89,-124.88,26.33,51.97,-5.25,-7.68,7.28,17.20,-226.62,207.11,10
-1.27,2.99,-0.69,-175.15,35.58,40.91,-10.28,-7.19,-0.98,-90.17,-250.14,76.34,10
-4.73,2.34,-5.59,-200.34,-43.11,63.35,-1.22,1.49,-10.06,55.34,-115.47,-205.83,10
-15.21,-9.24,4.41,-147.34,63.60,71.22,4.63,7.41,-10.42,65.31,15.81,-214.67,10
-16.72,-1.38,-7.09,-64.91,-118.88,73.41,18.73,16.62,-7.36,198.58,205.84,-148.12,10
-12.05,0.22,1.85,-119.96,-0.70,19.24,19.62,19.62,11.68,250.13,250.13,-3.59,10
-15.03,1.63,2.05,-50.09,11.92,24.49,9.01,1.08,19.62,122.92,82.89,250.13,10
-12.89,0.86,2.15,-95.05,47.13,14.09,0.26,-1.74,19.62,45.49,-113.89,250.13,10
-3.09,-0.10,-0.88,-85.72,-6.92,33.98,-3.97,-12.41,7.71,-24.00,-242.44,165.05,10
0.38,1.00,0.37,-120.98,-0.02,30.95,-6.71,-9.72,-2.50,-124.69,-250.14,17.24,10
-6.99,0.73,-0.38,-223.73,-15.20,9.91,-7.66,0.01,-10.42,6.44,-100.86,-224.03,10
-8.50,1.31,-3.18,-236.02,59.81,27.76,5.46,9.13,-12.65,125.13,21.69,-235.39,10
-10.24,1.36,2.40,-153.57,-62.83,45.25,18.01,18.18,-5.84,237.11,148.57,-116.78,10
-19.62,-3.09,3.83,-248.49,90.50,12.91,17.54,15.23,0.72,250.13,250.13,7.28,10
-14.10,-0.46,0.53,-142.44,53.83,24.23,14.40,15.17,19.62,250.13,165.34,237.76,10
-5.73,0.50,-0.30,-108.63,22.77,32.67,6.91,6.31,19.62,172.50,32.25,250.13,10
-1.41,0.55,-3.09,-119.24,7.47,40.30,-2.23,-3.30,13.60,86.93,-91.01,250.13,10
-0.68,-0.35,-0.55,-123.23,21.05,28.40,-8.02,-7.10,7.49,-17.83,-199.93,165.45,10
-10.21,0.24,1.03,-203.12,-3.43,40.87,-3.19,-6.37,-8.61,-44.89,-144.78,-194.50,10
-6.74,3.65,1.86,-175.75,-57.88,55.44,4.04,2.02,-13.27,44.35,-39.57,-250.14,10
-9.93,2.56,3.19,-214.55,2.52,47.88,9.51,14.66,-10.74,121.75,126.59,-204.21,10
-18.90,-3.64,3.20,-237.30,28.18,61.19,16.78,19.62,-7.41,229.17,250.13,-115.17,10
-11.87,-1.81,0.13,-132.77,29.65,25.39,5.84,10.32,19.62,144.55,103.72,250.13,10
-14.62,-2.39,0.78,-115.70,2.02,55.65,2.41,0.39,19.62,99.22,-79.64,250.13,10
-8.17,0.34,1.18,-106.59,-6.92,59.73,-0.49,-11.25,11.62,116.38,-206.95,212.16,10
-4.15,0.35,1.25,-123.00,18.49,50.82,-1.45,-6.50,2.83,36.66,-225.27,91.30,10
-0.21,0.81,1.46,-143.93,-1.56,28.02,-1.90,-4.35,-2.00,-87.37,-122.84,-114.27,10
-5.09,3.44,0.35,-160.39,7.45,39.80,-0.38,0.53,-6.79,-10.33,-23.56,-153.43,10
-6.37,4.84,3.66,-195.56,2.65,67.39,4.95,6.39,-5.33,0.96,94.96,-106.82,10
-17.22,-1.93,1.61,-191.82,25.92,76.22,10.77,12.27,-2.36,92.77,194.28,-45.98,10
-12.54,2.38,2.87,-68.04,-17.15,-7.32,13.53,19.62,19.33,250.13,250.13,158.71,10
-9.96,0.92,0.33,-96.69,-13.40,6.66,12.53,9.63,19.62,140.31,98.70,250.13,10
-12.83,-1.05,1.84,-98.40,36.82,20.49,7.78,-4.38,19.62,135.37,-84.91,250.13,10
-9.14,0.37,1.65,-79.26,13.32,34.15,2.90,-12.13,11.79,99.48,-193.55,218.44,10
-3.29,1.23,0.23,-142.73,14.42,52.02,-3.84,-8.90,-1.21,-114.95,-195.17,-36.32,10
-2.77,1.79,0.19,-170.02,9.01,36.66,-4.66,-4.04,-4.85,-39.60,-119.73,-146.42,10
-1.61,2.09,-0.11,-181.27,10.10,39.37,-2.82,2.27,-6.97,-1.99,-19.00,-186.42,10
-5.93,2.69,-0.32,-198.47,2.56,57.45,1.47,9.87,-5.63,38.84,77.27,-140.75,10
-13.25,-0.49,2.71,-91.62,4.85,38.18,15.63,19.62,15.84,250.13,250.13,82.76,10
-13.61,4.19,3.23,-112.15,4.44,-5.07,12.42,16.86,19.62,190.06,201.73,250.13,10
-13.79,-0.51,2.60,-118.45,12.21,48.47,7.93,0.34,19.62,166.88,24.39,250.13,10
-12.53,0.98,2.67,-115.93,36.55,37.44,4.36,-7.43,19.62,98.33,-133.95,250.13,10
-5.21,0.94,0.61,-140.34,17.24,50.92,-0.01,-7.31,1.27,-126.94,-247.09,97.72,10
-1.63,1.26,-0.50,-146.73,3.98,52.37,-1.89,-9.93,-2.05,-110.92,-196.92,-68.61,10
-1.60,2.06,-0.31,-163.82,29.32,31.92,-4.43,-1.68,-4.47,16.63,-128.81,-174.48,10
-1.89,3.03,-1.23,-205.45,4.61,42.73,-4.16,3.42,-5.89,42.50,-37.60,-182.56,10
-13.39,-4.37,-0.94,-224.24,-5.05,80.82,8.15,13.53,-5.43,83.78,142.45,-78.94,10
-19.62,-2.14,3.81,-127.20,-9.56,74.53,18.73,11.40,-1.51,250.13,250.13,-77.76,10
-14.00,0.87,4.70,-75.98,27.66,-4.06,19.62,19.62,17.74,247.85,250.13,109.85,10
-9.77,2.96,3.55,-90.41,-33.50,37.12,13.24,9.63,19.62,149.42,40.57,250.13,10
-10.28,1.96,-0.23,-147.17,65.30,36.92,1.22,-15.55,12.64,250.13,-235.83,225.89,10
-7.35,2.95,0.23,-186.31,14.28,46.64,-0.94,-12.89,3.01,123.35,-250.14,123.50,10
-3.32,2.98,-1.10,-212.91,25.66,43.72,-0.43,-10.72,-5.21,0.05,-235.32,-30.53,10
-1.92,1.77,-2.19,-222.09,4.40,45.66,-0.89,-2.86,-9.81,78.38,-156.45,-152.51,10
-16.54,1.59,-0.62,-250.14,21.86,44.33,2.74,11.59,-9.20,60.02,138.55,-195.89,10
-19.62,-2.29,1.66,-239.51,-7.81,73.52,7.61,18.10,-4.35,145.63,250.13,-150.93,10
-14.51,1.58,5.93,-119.78,-25.10,31.36,19.62,19.62,11.52,85.47,250.13,31.63,10
-14.55,1.93,1.78,-124.21,12.66,-4.15,14.44,9.27,19.62,136.66,181.19,250.13,10
-6.92,1.61,1.51,-137.35,16.73,31.96,-0.68,-14.35,19.62,250.13,-248.49,250.13,10
-3.67,2.11,-1.45,-181.24,4.35,60.24,-8.24,-9.15,4.68,162.11,-250.14,218.24,10
-3.54,0.91,-0.80,-213.74,66.78,46.60,-7.49,-9.59,-4.70,-38.50,-250.14,57.93,10
-2.94,-1.09,-4.18,-234.15,15.84,53.65,-6.40,-6.52,-7.39,-15.00,-208.12,-128.73,10
-13.94,-2.02,3.09,-250.14,-32.82,24.66,5.57,5.44,-16.01,179.04,44.39,-250.14,10
-19.62,-2.11,5.61,-147.37,-44.64,93.63,14.36,16.41,-12.06,174.79,232.05,-250.14,10
-19.62,-1.26,3.59,-115.73,12.44,31.56,19.62,19.62,9.49,250.13,250.13,-164.13,10
-7.39,3.31,-0.91,-34.12,-20.28,-5.77,6.61,19.62,19.62,131.68,250.13,233.86,10
-3.60,-1.20,0.40,-84.82,-16.19,41.76,-4.02,-5.44,13.46,67.93,-198.18,250.13,10
-7.52,0.18,2.40,-105.99,-4.17,6.87,-6.62,-10.98,3.14,12.49,-250.14,156.80,10
-4.05,1.00,2.49,-141.80,17.65,32.68,-4.68,-9.54,-3.54,-37.60,-250.14,-11.06,10
-4.20,3.43,0.26,-186.97,13.45,56.38,-0.71,-7.14,-5.84,-1.72,-183.11,-124.50,10
-19.62,-2.29,2.91,-199.42,17.71,77.09,19.62,12.70,-6.18,191.35,209.96,-121.48,10
-17.07,0.29,6.43,-84.37,-0.09,12.39,17.56,15.51,2.80,87.00,250.13,87.40,10
-14.01,5.72,-1.45,-102.79,12.94,12.48,12.42,3.86,19.62,18.69,100.28,250.13,10
-13.30,-1.60,1.03,-109.47,17.00,7.29,3.24,-13.90,19.62,141.30,-134.31,250.13,10
-2.52,1.10,-1.00,-109.36,-4.45,34.11,-5.55,-8.63,1.98,102.04,-250.14,119.31,10
-0.05,0.81,0.31,-147.73,-25.57,43.79,-6.57,-7.77,-3.22,-60.99,-250.14,20.65,10
0.91,1.09,0.21,-176.02,-11.56,38.50,-5.30,-6.19,-5.71,-45.65,-182.41,-127.93,10
-0.88,1.59,-1.59,-190.63,0.13,47.56,-3.62,-3.25,-8.86,9.96,-100.10,-233.56,10
-19.62,-6.75,-0.96,-243.58,19.43,30.56,9.17,11.29,-14.77,94.68,139.24,-226.76,10
-13.79,2.62,2.86,-86.02,-156.12,110.90,19.62,19.62,-12.95,170.62,250.13,-139.34,10
-11.15,0.41,3.53,-112.23,50.60,-11.73,15.38,19.62,7.35,198.99,250.13,83.84,10
-13.66,1.37,0.96,-56.60,7.43,25.45,8.72,19.62,19.62,190.56,250.13,250.13,10
-8.53,0.37,0.13,-73.24,17.08,19.57,-3.72,-6.83,19.62,32.24,-126.14,250.13,10
-6.18,0.80,2.00,-97.19,-12.36,39.27,-5.82,-13.66,9.55,15.73,-250.14,189.63,10
-2.11,1.36,1.55,-131.60,17.92,41.39,-8.22,-7.72,-0.11,-72.86,-250.14,50.32,10
-1.55,1.88,-0.41,-178.39,23.89,41.84,-6.98,-6.57,-4.73,-122.05,-224.27,-65.15,10
-17.96,-9.01,0.83,-250.14,60.20,48.53,5.02,3.06,-14.91,96.60,-4.52,-250.14,10
-7.83,-0.20,10.64,-91.10,-130.32,69.11,13.33,13.11,-12.38,96.80,136.43,-250.14,10
-13.95,-1.49,3.78,-136.34,70.40,16.60,19.62,19.62,5.26,250.13,250.13,-191.55,10
-11.35,0.92,-2.36,-67.76,11.64,6.68,6.30,19.62,16.91,34.73,250.13,213.44,10
-10.68,-0.40,1.54,-124.91,23.82,40.05,1.90,-8.19,14.13,228.78,-157.02,250.13,10
-8.89,0.42,1.04,-107.95,-20.85,37.49,-2.74,-10.69,4.87,137.25,-232.19,177.31,10
-8.67,-0.79,4.01,-138.58,30.05,32.95,-1.59,-11.73,-3.89,-3.90,-208.91,1.05,10
-4.89,3.47,0.69,-155.51,-9.40,47.63,-0.93,-7.74,-5.10,31.99,-131.69,-135.35,10
-3.18,2.57,-0.47,-204.47,5.30,52.37,2.67,10.02,-5.11,-43.31,83.77,-171.03,10
-7.08,1.77,-0.71,-194.64,-10.51,92.88,7.46,19.62,-3.42,-233.44,237.16,21.78,10
-17.07,-3.37,4.63,-226.63,56.55,87.82,10.16,12.45,15.71,250.13,250.13,182.58,10
-14.35,3.09,6.58,-88.84,-51.91,28.31,19.62,11.62,19.62,250.13,119.52,250.13,10
-17.26,0.86,3.28,-92.96,32.13,37.73,5.73,-9.00,19.62,160.47,-187.18,250.13,10
-11.02,1.94,1.39,-107.65,53.41,44.39,-1.19,-10.31,9.90,33.75,-250.14,211.81,10
-4.80,1.51,0.28,-131.82,49.14,44.99,-4.57,-9.66,1.27,15.34,-250.14,88.07,10
-2.00,1.25,-0.34,-160.21,23.41,35.02,-6.70,-6.88,-1.32,-26.87,-236.92,-45.64,10
-1.45,2.50,-0.87,-190.02,1.50,36.93,-4.59,1.56,-7.47,73.80,-64.90,-246.95,10
-5.21,2.33,-0.16,-216.48,26.93,34.29,0.03,7.45,-8.38,85.55,1.44,-223.84,10
-18.82,-3.49,-2.98,-250.14,66.63,40.09,10.00,15.56,-5.72,94.52,126.99,-126.08,10
-12.77,1.38,5.39,-70.00,-104.26,101.69,19.62,18.38,-4.31,226.89,250.13,-19.99,10
-12.11,-0.28,-2.92,-65.12,-26.34,9.05,11.35,10.46,19.62,201.26,97.15,250.13,10
-11.86,-2.64,0.06,-73.82,46.84,-1.86,10.11,-7.42,19.62,173.69,-121.44,250.13,10
-8.07,1.41,1.78,-91.51,38.55,21.09,1.36,-13.67,10.23,106.56,-236.47,202.92,10
-6.50,-0.11,1.38,-134.47,20.20,21.14,-1.04,-11.85,-2.31,-121.36,-221.12,25.59,10
-2.89,0.85,-1.45,-178.85,16.08,24.54,-4.27,-0.85,-8.21,-33.79,-69.11,-165.82,10
-4.63,0.58,-2.22,-194.93,1.86,46.19,-1.88,5.26,-9.55,-23.51,15.82,-184.37,10
-16.03,-0.55,-1.55,-188.56,-47.23,68.92,2.74,12.19,-8.09,70.87,128.07,-156.27,10
-7.89,4.95,2.68,-183.26,-86.40,105.15,14.48,19.62,1.99,150.13,233.33,-19.02,10
-11.92,0.09,3.13,-75.37,8.09,-9.27,15.66,19.62,19.62,250.13,250.13,246.17,10
-4.95,1.98,0.25,-39.98,-1.76,-12.04,7.89,15.17,19.62,173.20,160.27,250.13,10
-10.75,-0.03,-0.10,-98.95,47.93,-4.95,-1.46,-4.20,19.62,126.79,-104.00,250.13,10
-7.88,-0.87,-1.48,-70.47,-2.12,36.26,-3.55,-9.17,11.54,-16.95,-246.24,175.71,10
-5.80,1.07,1.26,-155.98,0.02,36.08,-2.93,-4.31,-5.11,-156.45,-128.02,-122.47,10
-5.89,1.96,-1.55,-157.66,3.43,39.87,-0.10,2.17,-8.44,-37.32,-28.47,-162.87,10
-4.16,1.92,-0.56,-180.82,12.26,38.20,5.27,10.60,-6.98,60.81,50.17,-131.40,10
-19.62,-0.46,3.42,-206.20,-16.24,58.91,17.48,19.62,-1.31,242.59,153.01,-29.99,10
-17.89,1.01,4.02,-100.86,3.89,22.79,19.62,18.76,19.03,250.13,244.71,187.73,10
-10.51,-0.69,-0.82,-107.54,19.80,25.19,11.53,0.57,19.62,184.86,66.68,250.13,10
-4.97,-1.01,-0.97,-108.36,1.69,43.16,2.37,-6.18,12.77,150.15,-97.28,225.14,10
-1.37,-0.50,-1.11,-109.93,-39.26,50.99,-4.68,-4.95,4.26,12.98,-160.95,119.85,10
-1.86,0.60,3.11,-137.12,3.65,23.39,-2.38,-4.10,-4.11,-103.46,-106.24,-132.58,10
-9.68,1.86,2.02,-176.62,-8.98,62.40,3.59,2.12,-7.51,4.22,-24.05,-163.29,10
-8.23,4.40,3.20,-168.89,-11.15,79.37,10.11,9.57,-4.21,148.47,88.82,-101.37,10
-9.33,4.37,1.21,-212.44,19.92,68.96,18.19,14.23,3.36,199.60,149.61,-4.31,10
-18.33,-1.98,2.92,-178.30,27.36,63.15,19.62,19.62,19.62,250.13,194.78,219.60,10
-12.32,0.54,2.87,-142.90,41.82,33.22,11.45,13.82,19.62,180.43,43.75,250.13,10
-6.85,-0.39,-0.82,-143.65,38.26,54.07,0.23,-4.51,19.62,191.33,-114.18,250.13,10
-2.40,-1.16,-1.55,-135.22,3.51,47.58,-6.16,-5.11,5.58,47.21,-191.78,201.46,10
-9.94,3.87,8.46,-242.76,84.34,58.59,-0.94,-2.16,-10.98,10.47,-101.27,-192.41,10
-10.98,3.66,7.58,-90.89,-57.40,82.89,5.75,4.22,-11.46,128.01,-5.14,-221.97,10
-9.99,3.03,2.99,-180.92,28.12,51.01,8.99,8.80,-6.20,170.20,134.31,-179.70,10
-6.84,3.12,-0.72,-110.40,-4.98,29.40,14.72,19.25,0.19,250.13,250.13,-111.40,10
-3.84,6.03,0.80,-199.01,37.52,23.40,9.50,19.62,19.62,224.39,229.58,250.13,10
-19.62,-0.25,0.89,-250.14,134.13,41.92,6.75,8.35,19.62,164.69,-38.10,250.13,10
-12.99,-1.02,5.67,-111.05,-66.10,39.70,2.53,-2.99,18.25,120.04,-180.12,250.13,10
-14.28,1.54,0.85,-202.26,49.69,35.02,0.71,-12.39,4.77,-13.92,-250.14,245.69,10
-5.37,0.40,0.32,-151.64,0.95,63.18,-0.61,-8.95,-4.47,9.22,-184.64,-79.78,10
-0.92,1.84,-1.36,-191.15,-12.24,64.48,-0.78,-3.61,-4.08,79.21,-100.80,-155.79,10
-0.15,1.93,-1.58,-199.61,-34.11,62.44,-1.85,2.95,-6.28,75.71,14.14,-172.28,10
-0.13,3.81,0.99,-234.42,-17.95,56.24,-1.47,7.30,-3.89,53.50,90.66,-146.65,10
-19.62,-6.21,-6.39,-236.62,36.44,43.11,9.88,15.41,1.42,157.36,154.43,-53.11,10
-16.32,-1.07,8.43,-98.87,-68.73,60.79,19.62,19.62,10.34,250.13,172.73,29.75,10
-13.18,-0.70,3.90,-102.88,11.14,-3.78,19.29,19.62,19.62,250.13,179.94,239.63,10
-12.89,-0.85,0.34,-90.47,1.27,33.73,6.71,5.12,19.62,189.36,-43.31,250.13,10
-8.17,-0.37,2.19,-117.15,11.46,48.27,-2.61,-10.57,1.19,75.48,-250.14,94.94,10
-4.02,0.06,0.18,-138.92,20.38,64.69,-2.26,-9.21,-2.76,-115.95,-214.20,-14.24,10
0.68,1.33,-0.67,-143.86,-17.44,61.15,-1.43,-5.02,-8.14,-6.85,-86.38,-148.50,10
0.26,2.38,2.33,-164.36,-25.51,85.82,-0.73,0.45,-10.97,89.18,13.37,-180.65,10
-19.11,-0.45,-4.34,-250.14,101.83,79.95,13.89,12.87,-7.23,153.66,205.11,-133.39,10
-13.36,-0.62,8.22,-110.17,-69.03,71.89,19.62,19.62,10.14,250.13,250.13,-68.82,10
-13.90,3.83,0.59,-174.57,39.29,10.84,3.19,19.62,14.07,87.23,250.13,250.13,10
-12.01,-0.30,0.66,-152.78,23.91,23.68,3.25,7.30,19.62,159.34,111.49,250.13,10
-6.25,-0.02,0.71,-150.16,6.98,51.85,-5.39,-10.50,11.78,185.84,-250.14,250.13,10
-1.83,-0.17,1.49,-133.92,-9.79,71.21,-4.32,-10.09,0.62,171.34,-250.14,165.50,10
-1.92,1.19,-0.36,-149.10,11.71,80.40,-2.09,-9.36,-1.99,-109.92,-221.74,63.38,10
-2.73,2.29,0.32,-190.53,29.05,59.10,-2.28,-7.31,-7.88,-148.72,-164.13,-78.05,10
-16.14,-6.72,0.19,-250.14,54.77,42.65,2.73,5.67,-11.52,50.86,75.53,-250.14,10
-15.00,-4.43,9.56,-132.83,-148.33,105.92,6.23,16.52,-4.75,51.64,231.05,-250.14,10
-11.66,2.55,0.42,-201.69,11.66,56.73,19.62,19.62,4.91,250.13,250.13,-181.26,10
-11.39,1.36,-2.06,-117.84,17.28,26.80,14.82,19.62,19.62,250.13,250.13,250.13,10
-10.14,2.57,2.00,-147.10,51.85,29.74,-4.30,-12.67,18.20,113.43,-225.42,250.13,10
-7.80,-0.62,-1.61,-155.08,43.94,53.18,-5.78,-10.77,4.27,42.03,-250.14,182.49,10
-6.28,-0.19,-0.38,-160.28,12.73,42.62,-6.38,-8.40,-2.89,-103.63,-250.14,-7.40,10
-3.19,1.08,-0.63,-177.31,5.05,42.06,-6.78,-2.63,-5.02,-4.40,-189.08,-154.21,10
-3.42,2.80,1.20,-223.85,-17.95,58.47,2.43,5.62,-7.95,57.03,45.43,-203.21,10
-11.11,3.13,-0.29,-241.82,14.64,77.61,10.47,13.07,-1.46,73.02,159.52,-114.66,10
-15.14,-0.43,3.23,-203.49,-36.53,100.01,19.62,14.45,3.18,138.66,236.14,-6.73,10
-17.00,2.67,3.49,-173.73,41.93,29.43,16.26,15.98,13.47,250.13,250.13,197.92,10
-10.21,0.96,0.26,-140.03,33.17,22.94,4.28,5.23,19.62,232.89,48.39,250.13,10
-3.98,1.45,-1.47,-136.37,20.35,50.66,-3.39,-3.62,19.62,162.75,-157.19,250.13,10
-0.73,1.39,-0.50,-154.23,-12.88,65.31,-8.23,-4.27,5.98,37.21,-250.14,250.13,10
0.55,1.28,-0.37,-176.12,16.33,57.89,-7.59,-4.63,-0.96,-118.66,-250.14,135.66,10
-8.73,4.09,-2.17,-250.14,-1.98,68.64,3.39,-5.52,-7.36,-12.10,-175.90,-202.11,10
-19.62,-13.90,10.72,-250.14,250.13,-17.92,8.66,0.60,-12.15,108.92,-43.20,-250.14,10
-19.62,-0.21,12.66,-23.66,-103.32,112.26,17.67,12.21,-12.35,147.09,172.87,-250.14,10
-12.09,-0.16,0.54,-129.38,63.60,22.09,19.62,19.62,7.67,250.13,250.13,-174.79,10
-2.82,0.64,-0.58,-97.96,-7.53,32.01,-0.12,2.67,19.62,88.08,17.11,250.13,10
-0.68,0.79,0.37,-114.70,-12.29,36.22,-0.98,-1.95,9.67,184.62,-111.28,250.13,10
-4.46,2.39,1.27,-156.82,28.61,32.35,-3.60,-7.15,4.70,122.36,-210.95,205.40,10
-3.83,2.50,-0.38,-189.34,18.53,35.54,-1.46,-8.23,-2.25,-62.66,-250.14,87.36,10
-17.54,0.14,1.04,-209.18,-15.49,82.38,10.72,3.37,-9.84,161.97,-23.64,-192.13,10
-19.26,0.83,2.53,-163.56,-25.92,79.71,19.62,9.19,-7.89,205.39,174.25,-161.61,10
-18.51,0.09,3.08,-123.11,36.30,8.69,19.62,15.12,6.61,250.13,250.13,-85.27,10
-11.07,2.92,1.96,-55.49,16.81,8.42,7.32,19.62,8.71,250.13,250.13,113.06,10
-1.49,0.33,-1.85,-104.34,59.44,-5.03,-1.74,5.59,17.94,85.36,3.07,250.13,10
-0.85,-0.32,-2.45,-128.56,35.52,12.63,-5.90,-2.11,9.70,31.92,-148.62,250.13,10
1.53,-1.64,-1.51,-141.02,-13.75,47.14,-8.54,-5.27,3.26,-61.85,-250.14,235.50,10
-0.33,1.11,-1.14,-136.67,-4.91,51.35,-6.70,-11.00,-5.36,-250.14,-250.14,81.14,10
-14.91,-3.72,0.17,-250.14,-6.62,76.66,7.92,-1.77,-17.44,100.92,-66.35,-250.14,10
-14.32,2.92,11.70,-113.04,-77.69,72.72,12.99,6.71,-15.93,165.39,129.72,-250.14,10
-14.66,-0.20,4.64,-195.51,40.95,26.30,17.48,19.62,-1.73,250.13,250.13,-222.82,10
-10.25,0.79,3.99,-139.66,10.66,14.98,14.49,19.62,2.60,148.92,250.13,3.32,10
-4.19,-0.62,-1.19,-156.47,40.55,-16.29,2.57,1.33,19.62,106.98,-104.12,250.13,10
-12.53,-2.58,-4.74,-148.74,57.08,0.69,-4.63,-7.09,9.21,179.96,-228.24,250.13,10
-6.09,1.17,7.53,-175.52,-81.47,71.30,-4.41,-12.24,-4.41,-7.98,-250.14,98.69,10
-5.31,0.53,-0.09,-195.49,9.98,36.68,-2.42,-8.58,-6.67,-58.79,-182.14,-68.27,10
-6.43,1.38,-1.18,-186.61,-48.27,77.92,4.98,13.13,-7.96,201.89,150.25,-216.50,10
-5.97,1.85,-2.34,-181.10,-41.73,81.79,18.58,19.62,-6.27,250.13,228.27,-143.06,10
-12.51,0.60,-1.18,-190.15,22.05,52.10,10.30,19.62,12.19,250.13,250.13,125.75,10
-19.35,-3.15,1.13,-194.37,20.24,50.40,16.44,18.06,19.62,250.13,152.45,250.13,10
-9.92,-0.70,0.18,-124.04,10.27,36.34,0.13,-7.83,12.59,46.80,-129.68,212.09,10
-4.10,-0.68,1.07,-98.15,-28.63,47.80,-2.80,-7.43,6.05,-62.62,-151.77,129.02,10
-0.80,0.37,0.12,-106.38,-3.78,35.94,-3.78,-7.37,1.64,-208.63,-131.00,8.12,10
0.23,0.81,-0.92,-131.51,6.36,32.36,-5.82,-3.30,-4.31,-106.52,-69.67,-115.30,10
-9.65,2.87,0.51,-198.96,-24.09,32.66,-1.19,5.66,-7.01,26.62,94.02,-164.87,10
-12.31,-2.26,-1.81,-250.14,83.95,85.84,11.46,12.08,-6.59,162.66,156.73,-139.52,10
-18.51,-0.57,11.74,-118.31,-37.20,83.20,19.62,18.31,1.72,250.13,234.14,-106.98,10
-13.05,0.64,-0.79,-116.97,21.12,26.11,19.55,19.62,11.33,250.13,250.13,59.97,10
-13.26,-1.70,1.89,-109.40,5.17,32.06,4.48,6.29,19.62,202.13,-9.90,250.13,10
-8.90,-0.04,1.27,-110.05,24.18,27.25,-1.71,-5.16,16.93,192.19,-113.16,250.13,10
-2.82,1.18,0.35,-142.19,27.16,39.76,-4.28,-8.22,6.39,121.92,-210.98,211.86,10
-0.95,1.40,0.60,-172.35,12.02,50.17,-4.59,-14.17,-1.58,-200.00,-250.14,39.13,10
-3.94,2.51,-0.86,-211.85,-14.99,43.50,-4.79,1.71,-11.07,75.76,-112.60,-236.24,10
-11.32,3.87,-1.30,-232.73,56.94,54.48,0.34,8.34,-13.58,101.38,48.30,-229.75,10
-12.83,1.01,0.19,-200.51,-93.96,105.44,7.29,17.19,-8.12,125.03,206.54,-163.13,10
-15.75,2.59,0.44,-200.45,5.71,80.66,16.78,19.62,2.31,250.13,250.13,-129.04,10
-12.97,1.42,0.43,-133.14,18.30,28.18,8.96,18.20,19.62,176.30,136.29,250.13,10
-14.28,-0.55,-1.15,-144.09,57.39,41.23,5.67,4.44,19.62,131.53,0.01,250.13,10
-10.02,-0.55,0.77,-108.50,29.23,44.95,-1.27,-8.87,13.41,89.51,-116.79,250.13,10
-3.55,1.51,0.60,-117.15,21.29,41.59,-5.01,-8.35,4.80,-58.01,-182.82,202.84,10
0.11,1.00,-1.00,-164.40,4.26,23.84,-6.88,-6.19,-4.39,-128.88,-183.78,-73.50,10
-0.14,1.19,-0.92,-162.27,-6.62,19.84,-7.37,-1.38,-6.50,-4.25,-100.80,-180.30,10
-8.29,4.85,-1.84,-223.83,-0.49,45.86,-0.51,1.00,-10.87,21.42,-12.06,-216.79,10
-19.62,-8.27,1.12,-250.14,106.92,6.92,5.96,10.24,-10.67,192.95,117.59,-228.08,10
-15.52,5.25,6.18,-163.33,10.60,9.08,19.62,19.62,10.49,207.21,250.13,-71.03,10
-12.73,0.29,-2.74,-139.44,44.98,11.30,6.23,19.62,14.86,35.49,250.13,250.13,10
-11.46,-0.58,0.41,-107.40,51.22,3.68,7.20,7.25,19.62,167.29,114.27,250.13,10
-7.24,1.41,-2.17,-116.30,45.29,1.83,0.14,-7.27,19.62,129.65,-160.24,250.13,10
-1.00,0.33,-0.37,-181.06,-18.79,41.06,-8.09,-8.99,-1.41,-33.95,-250.14,108.02,10
-0.51,-0.85,-1.65,-210.56,-20.82,55.34,-7.13,-6.24,-5.65,-106.76,-236.16,-36.37,10
-6.86,-1.64,-1.47,-250.14,-65.34,96.11,-4.38,-1.61,-8.51,5.89,-163.06,-186.48,10
-14.57,3.44,1.23,-250.14,125.90,38.69,4.65,6.78,-15.30,165.10,-32.63,-250.14,10
-10.10,-0.09,2.28,-114.03,20.88,37.05,16.83,19.62,18.90,250.13,250.13,-173.34,10
-12.55,0.95,-0.19,-99.26,-4.20,36.96,11.08,19.62,-0.68,250.13,250.13,55.02,10
-12.11,1.71,3.46,-87.82,-0.73,35.76,8.34,14.23,19.62,34.19,221.14,250.13,10
-11.44,2.11,1.96,-105.17,48.86,28.59,2.28,0.72,19.62,-8.66,-0.53,250.13,10
-3.68,1.63,1.18,-109.86,8.81,44.95,-6.44,-6.96,-1.73,-113.16,-181.76,180.68,10
-2.52,0.17,-0.54,-142.12,5.07,33.73,-5.25,-8.23,-2.91,-116.48,-179.71,33.56,10
-2.14,0.49,-0.26,-141.15,-1.74,35.92,-4.31,-3.54,-4.19,1.37,-170.69,-117.48,10
-5.48,3.48,3.44,-207.24,-0.21,44.37,2.18,0.45,-9.74,151.66,-82.50,-194.82,10
-15.59,1.38,5.08,-199.96,-10.59,97.47,19.14,13.54,-4.70,250.13,176.94,-147.31,10
-16.57,2.13,4.48,-138.08,24.57,41.87,18.74,19.62,11.89,250.13,234.39,-77.02,10
-12.43,3.60,2.25,-133.78,25.70,16.37,8.13,19.62,11.74,157.60,250.13,203.31,10
-9.37,1.85,1.99,-141.79,44.12,14.62,5.08,9.28,19.62,191.10,133.85,250.13,10
-1.15,1.15,-0.70,-148.81,20.99,64.42,-5.97,-6.45,15.01,49.58,-192.50,250.13,10
-0.36,0.10,-0.90,-174.06,35.01,67.11,-8.21,-5.56,1.94,43.99,-250.14,227.66,10
-0.87,2.01,-1.87,-206.56,32.83,69.58,-7.54,-11.71,-2.71,-178.19,-250.14,59.15,10
-19.62,1.27,-1.26,-250.14,48.57,47.70,-2.24,-5.88,-10.08,-54.22,-191.15,-166.02,10
-12.91,1.41,-2.53,-198.30,57.29,46.98,19.62,19.62,-13.30,250.13,224.62,-250.14,10
-11.25,-0.17,1.70,-118.70,25.11,-11.50,19.62,19.62,7.22,198.31,250.13,-94.60,10
-9.92,2.40,0.20,-103.86,-22.24,40.37,7.26,19.62,4.00,114.92,250.13,183.81,10
-6.60,0.12,1.81,-126.47,38.08,27.33,4.80,7.01,19.62,133.93,76.36,250.13,10
-3.91,-0.14,1.99,-162.94,3.49,37.32,-3.44,-8.69,-3.33,-60.36,-237.11,61.51,10
-6.30,1.74,-0.28,-183.99,22.52,65.63,-1.44,-4.57,-6.18,15.55,-140.88,-80.57,10
-7.23,1.83,1.91,-184.56,-7.50,66.89,4.00,2.89,-5.79,122.82,6.25,-160.08,10
-12.40,3.42,1.16,-183.27,1.47,68.01,11.71,10.90,-0.34,211.40,175.24,-106.47,10
-19.62,0.94,2.31,-134.76,29.55,25.41,13.15,19.62,12.62,191.57,250.13,234.23,10
-13.55,1.31,4.82,-100.75,-16.21,43.90,11.40,8.50,19.62,250.13,157.24,250.13,10
-8.40,3.22,0.99,-124.34,27.34,40.45,4.36,3.95,19.62,199.76,-17.38,250.13,10
-3.02,1.65,-1.28,-127.23,12.44,54.49,-2.15,-2.47,14.06,120.62,-138.85,250.13,10
-0.04,0.97,-0.90,-163.53,0.06,31.82,-9.72,-7.71,1.72,-134.53,-250.14,90.43,10
0.78,1.22,-1.46,-185.83,-4.83,36.37,-7.81,-6.69,-5.40,-149.94,-221.83,-70.69,10
-2.27,3.79,-1.03,-234.87,-15.05,56.04,-2.46,-0.93,-9.19,2.16,-122.08,-187.82,10
-19.62,-12.17,12.44,-250.14,232.82,11.89,6.93,7.76,-15.32,68.51,-5.32,-228.82,10
-10.04,1.68,4.86,-186.42,31.79,36.66,19.62,19.62,0.41,250.13,250.13,-221.61,10
-12.06,0.52,-2.24,-124.02,20.73,16.05,8.28,19.62,4.68,176.61,250.13,33.95,10
-7.26,-0.23,-3.20,-116.75,26.34,27.46,8.06,19.62,19.62,146.00,245.91,250.13,10
-14.70,-2.74,0.99,-123.05,56.98,36.49,0.88,-0.40,19.62,108.28,-29.47,250.13,10
-4.09,-0.29,-0.11,-175.44,51.13,27.63,-4.78,-8.76,0.61,-67.53,-230.03,42.96,10
0.20,-0.27,-1.95,-163.75,1.12,43.92,-4.99,-6.46,-3.49,-100.78,-185.25,-55.50,10
0.53,0.14,0.14,-162.71,1.23,57.25,-3.34,0.86,-6.38,-40.80,-103.39,-147.56,10
-9.75,1.32,-4.08,-203.67,-46.63,49.16,1.22,8.92,-12.08,69.90,42.45,-174.40,10
-14.17,3.48,3.78,-146.92,10.01,35.44,19.62,19.62,9.91,236.82,250.13,-36.37,10
-13.69,1.12,0.13,-166.37,44.53,17.81,8.10,19.62,4.37,208.78,250.13,163.86,10
-12.85,0.57,1.01,-105.69,7.82,34.13,8.30,13.88,19.62,144.99,244.78,250.13,10
-10.40,0.84,1.52,-122.95,52.58,12.33,2.32,6.25,19.62,72.44,30.36,250.13,10
-5.09,0.82,0.52,-120.00,-5.73,31.64,-5.90,-8.64,7.31,-1.84,-234.95,174.27,10
-2.10,1.51,-0.80,-164.51,22.70,36.15,-5.40,-7.64,-0.97,-126.67,-226.62,56.62,10
-1.14,1.43,-1.68,-197.93,4.17,42.53,-4.66,-5.26,-5.24,-103.11,-175.63,-58.11,10
-6.98,2.32,-2.02,-235.15,-11.86,67.39,-2.53,2.42,-8.93,38.60,-100.75,-130.99,10
-8.16,-3.05,1.97,-144.79,-144.40,96.69,12.15,12.44,-13.00,250.13,70.85,-170.82,10
-15.58,1.12,4.68,-171.73,7.73,55.49,17.41,16.90,-5.78,250.13,210.25,-177.27,10
-8.95,-0.61,-0.74,-111.02,-11.73,10.78,19.62,19.62,5.59,250.13,250.13,-60.36,10
-11.03,1.32,-0.96,-134.66,16.80,7.56,11.94,19.62,19.62,135.66,236.54,250.13,10
-13.45,-1.17,-0.74,-118.53,46.37,32.79,0.87,-6.73,19.62,149.33,-151.38,250.13,10
-12.05,0.13,2.44,-130.44,1.00,50.21,-5.57,-11.64,9.65,161.79,-250.14,208.33,10
-7.47,-0.34,0.18,-142.70,12.05,43.06,-4.17,-9.46,-0.01,-27.23,-250.14,72.25,10
-2.19,1.18,-0.11,-164.07,-0.04,43.00,-1.26,-9.18,-4.98,-58.75,-179.41,-81.61,10
-3.85,2.88,1.93,-217.44,1.37,61.59,2.07,9.09,-12.83,86.66,65.82,-221.78,10
-19.62,0.90,1.72,-250.14,75.32,47.79,6.22,17.19,-10.12,112.99,193.27,-166.65,10
-13.56,-0.69,7.40,-94.32,-111.89,82.31,15.60,19.62,3.10,250.13,250.13,-88.18,10
-15.13,2.55,-1.09,-150.08,51.76,-0.44,8.72,19.62,15.59,198.36,250.13,154.51,10
-9.98,0.98,0.17,-143.33,35.87,18.67,3.50,-6.79,17.06,78.58,-152.73,250.13,10
-6.15,0.80,-0.26,-135.20,1.44,39.34,0.62,-14.20,7.24,83.73,-230.04,198.24,10
-2.53,0.06,0.34,-158.75,13.92,36.76,-3.71,-8.68,-0.98,-101.36,-219.84,48.06,10
-1.40,0.72,-1.43,-193.01,21.47,36.46,-5.57,-6.94,-4.06,-53.26,-140.34,-104.40,10
-4.53,0.75,-1.52,-225.66,-25.24,69.50,-5.43,4.73,-8.63,61.56,-3.89,-190.37,10
-18.29,-2.10,0.34,-250.14,25.64,39.39,-0.17,12.07,-13.53,147.60,85.28,-202.04,10
-16.36,-5.36,-2.18,-181.73,-104.59,101.55,15.30,19.62,-13.57,250.13,250.13,-198.43,10
-14.09,2.88,2.21,-112.24,5.38,81.38,19.62,19.62,3.56,247.29,250.13,-117.24,10
-0.24,0.58,-3.22,-47.11,-3.72,-36.47,-10.59,19.62,19.62,47.88,250.13,250.13,10
-4.56,3.14,0.01,-97.19,19.14,2.31,-11.41,-1.41,19.62,-8.45,33.42,250.13,10
-9.53,-0.43,-3.16,-108.53,-128.24,84.43,-7.69,-8.41,13.09,48.18,-230.00,250.13,10
-10.52,3.08,5.63,-142.92,58.17,28.48,-6.44,-10.44,7.23,-126.86,-250.14,135.28,10
-11.30,0.94,2.84,-177.53,7.96,74.99,-2.01,-7.69,-10.56,89.76,-204.64,-127.72,10
-5.30,2.50,-1.09,-217.43,24.13,52.69,-0.93,-1.32,-9.52,103.83,-45.80,-228.27,10
-1.63,3.75,-1.46,-184.99,-27.31,58.66,3.30,7.39,-11.59,120.71,117.20,-232.93,10
-1.31,2.46,-0.99,-185.95,-50.85,60.32,8.58,19.62,-4.37,249.10,232.74,-145.80,10
-17.97,-6.79,-1.69,-229.63,-51.25,29.82,17.44,19.62,19.62,250.13,237.75,250.13,10
-19.62,1.06,6.73,-56.49,-63.63,48.87,11.13,12.68,19.62,166.73,65.75,250.13,10
-12.76,-2.02,0.51,-208.34,85.50,26.36,4.00,1.70,19.62,14.97,-128.37,250.13,10
-7.36,-0.27,-1.66,-108.22,-6.63,48.02,-2.66,-6.33,5.99,43.38,-210.20,174.05,10
-3.15,0.19,-1.04,-169.17,-13.83,30.19,-4.59,-2.79,-5.78,-51.10,-82.73,-146.19,10
-1.55,0.41,0.44,-154.08,-44.18,32.53,-5.30,2.19,-6.46,30.32,-25.24,-185.60,10
-4.07,3.01,0.21,-171.54,-19.32,39.53,-1.72,6.60,-7.48,71.21,73.89,-161.64,10
-11.08,4.23,1.87,-250.14,54.33,54.75,3.82,12.64,-7.66,137.76,159.20,-93.24,10
-14.88,1.75,6.81,-115.08,-47.85,55.41,14.84,19.62,5.75,250.13,250.13,89.18,10
-14.55,3.81,1.86,-164.45,39.95,4.79,7.09,19.62,19.62,230.48,250.13,250.13,10
-16.70,-0.29,0.67,-118.38,6.13,29.60,-2.03,7.40,19.62,215.60,9.90,250.13,10
-11.12,0.13,-0.79,-156.98,57.44,36.85,-3.88,-5.80,19.62,207.60,-199.81,250.13,10
-1.26,1.51,-2.12,-184.79,-13.02,57.18,-6.85,-10.26,2.51,24.68,-250.14,136.34,10
0.54,0.48,-0.85,-196.63,-0.77,60.18,-4.22,-8.56,-4.61,-94.79,-250.14,-19.08,10
1.37,0.36,-0.85,-214.61,12.40,56.70,-5.70,-2.98,-5.64,-34.22,-160.53,-170.61,10
-10.27,5.64,-6.20,-229.09,-0.63,43.32,-2.19,3.61,-12.26,-0.65,-35.85,-211.50,10
-11.28,2.43,6.43,17.26,-198.22,116.15,18.55,19.62,-11.41,216.76,250.13,-126.46,10
-15.25,5.26,2.99,-169.24,62.32,47.08,18.02,19.62,2.49,142.01,250.13,37.23,10
-16.15,2.32,-0.33,-89.95,19.97,29.64,5.17,19.62,19.62,225.78,250.13,250.13,10
-13.00,1.63,0.69,-123.02,22.49,31.72,-1.04,0.05,19.62,94.43,17.85,250.13,10
-1.17,0.11,-1.05,-168.19,-40.89,44.15,-8.04,-9.42,1.31,8.77,-250.14,167.21,10
1.14,0.02,0.33,-186.23,-24.05,57.32,-7.50,-6.40,-5.16,-121.00,-250.14,41.32,10
2.07,0.50,0.56,-213.54,15.19,71.42,-3.84,-4.28,-7.82,-49.37,-208.50,-110.17,10
-3.03,1.23,2.40,-250.14,16.53,103.47,-0.71,-0.48,-11.43,17.60,-112.47,-237.40,10
-18.94,2.76,2.87,-159.67,52.49,56.16,16.37,19.62,1.52,199.14,250.13,-157.74,10
-17.97,-1.45,1.75,-128.63,14.88,37.44,8.86,19.62,-2.22,182.68,250.13,35.01,10
-12.41,2.07,0.57,-86.17,34.10,3.40,5.28,19.62,19.62,161.97,250.13,244.91,10
-8.36,0.69,-0.51,-93.12,23.03,16.02,-0.21,6.82,19.62,49.97,63.48,250.13,10
-1.16,1.24,0.01,-125.11,-8.51,49.14,-6.45,-5.16,7.31,76.73,-250.14,245.14,10
0.09,0.86,-0.46,-179.19,-18.78,41.29,-7.10,-5.23,1.61,-35.40,-250.14,152.88,10
0.26,1.34,-0.44,-210.28,-13.27,60.01,-5.30,-8.16,-3.82,-61.01,-250.14,-18.23,10
-8.35,-2.72,3.76,-250.14,26.34,73.76,0.34,-4.08,-8.96,96.34,-135.31,-144.27,10
