-9.63,-1.32,0.38,-15.07,30.06,8.26,-8.62,4.83,4.53,72.96,41.62,-32.65,11
-9.79,-0.87,0.39,-11.07,16.03,8.11,-8.45,4.29,5.08,74.43,39.17,-32.10,11
-9.67,-1.01,0.48,-6.21,7.57,8.50,-8.03,4.19,5.93,96.25,3.27,-7.61,11
-9.28,-1.24,0.49,-1.96,0.94,6.10,-8.74,1.01,9.19,39.42,-14.08,-9.39,11
-9.80,-0.56,0.50,-10.50,-10.33,-0.64,-9.12,3.46,4.36,-98.79,9.42,49.44,11
-9.55,-0.67,0.55,-11.55,-15.53,0.69,-8.51,3.64,3.56,-119.66,0.92,47.02,11
-9.44,-0.58,0.42,-11.27,-23.50,-0.48,-8.73,3.71,3.34,-125.40,-0.50,34.92,11
-9.93,-0.51,0.98,-12.54,-33.60,-0.14,-9.28,4.31,3.32,-32.34,-10.08,61.50,11
-9.07,-0.82,0.82,-15.19,-65.73,1.73,-8.98,6.36,1.77,29.76,31.93,156.93,11
-8.73,-0.77,1.03,-12.78,-73.63,4.83,-8.43,6.93,1.91,28.33,48.98,177.99,11
-7.92,-1.08,1.41,-9.21,-88.42,2.40,-7.09,6.10,1.42,29.61,64.47,177.08,11
-7.78,-1.05,1.71,-5.39,-109.42,6.16,-6.59,5.23,0.21,42.35,78.08,171.21,11
-4.74,-1.39,2.84,2.96,-152.38,5.71,-4.51,6.05,-3.88,117.35,129.02,173.95,11
-3.58,-0.49,5.88,3.42,-162.50,-0.28,-3.28,7.32,-4.16,129.53,150.31,188.95,11
-2.94,-0.20,6.46,-0.89,-129.51,-11.00,-2.23,8.92,-3.04,144.80,137.55,184.56,11
-2.51,-0.41,8.59,2.49,-122.38,-9.93,-0.29,7.44,-3.40,144.95,105.82,146.90,11
-0.75,-0.60,10.88,-6.27,-90.29,-1.51,3.19,8.24,-3.86,125.56,36.18,55.95,11
0.00,-0.87,12.42,-3.11,-73.91,-3.57,5.17,4.14,-4.97,90.40,31.54,35.75,11
0.64,-0.32,13.95,0.94,-41.98,-7.73,6.66,8.05,-4.60,17.88,38.68,15.79,11
0.97,-0.78,14.20,5.11,-8.41,-7.23,5.74,7.82,-3.42,-8.40,-2.79,-5.66,11
0.34,-0.39,12.02,0.15,68.87,-11.38,3.68,6.80,-3.64,-107.17,-41.46,-15.37,11
-0.47,-0.66,10.72,-0.85,90.90,-10.46,2.04,5.94,-2.75,-115.50,-88.28,-53.75,11
-1.43,-0.69,9.40,-0.79,106.14,-10.83,0.00,6.86,-3.62,-164.41,-106.34,-107.05,11
-2.08,-0.74,8.31,-2.76,117.11,-12.15,-1.76,10.81,-4.96,-165.33,-118.99,-148.50,11
-4.08,-1.11,5.79,-1.56,130.21,-13.82,-3.06,6.16,-2.31,-108.05,-137.56,-223.76,11
-4.79,-0.83,4.68,1.73,131.69,-16.57,-3.97,5.36,-1.44,-101.85,-130.99,-250.14,11
-6.13,-1.14,3.21,6.24,129.77,-15.64,-6.59,8.90,-2.44,-122.44,-109.40,-250.14,11
-6.77,-0.58,2.14,-0.76,115.11,-11.93,-7.98,4.65,-1.15,-123.01,-67.65,-250.14,11
-9.04,-0.08,0.46,-8.05,74.93,-5.67,-11.20,6.39,3.35,14.09,-21.23,-132.44,11
-9.30,-0.99,0.65,-14.54,59.79,0.44,-9.04,5.02,2.63,18.08,11.70,-69.34,11
-9.17,-1.12,0.84,-4.06,45.39,2.06,-8.72,3.82,3.85,42.22,-7.06,-26.64,11
-9.75,-0.73,0.62,-1.85,35.95,2.34,-8.44,4.07,4.47,83.41,50.56,-20.77,11
-9.52,-0.93,0.24,-5.43,13.15,5.40,-7.81,0.60,8.74,198.00,-12.85,-29.95,11
-9.34,-0.76,0.36,-6.98,5.24,2.54,-8.25,4.14,6.91,52.51,-27.83,-36.99,11
-9.66,-0.56,0.59,-11.40,-0.63,1.27,-8.65,5.75,4.88,-47.60,-18.50,2.56,11
-9.92,-0.39,0.70,-15.91,-11.17,0.49,-9.13,5.94,4.31,-138.78,15.27,47.75,11
-9.55,-0.62,0.59,-17.95,-24.63,0.90,-9.39,4.89,3.01,-78.79,7.01,92.08,11
-9.65,-0.63,0.62,-15.48,-32.31,0.14,-10.01,5.32,3.10,-10.41,10.11,130.22,11
-9.52,-0.63,0.92,-11.54,-42.79,-1.10,-9.72,6.41,1.62,13.49,38.12,175.95,11
-9.09,-0.53,1.27,-10.65,-53.02,-1.84,-9.27,7.17,0.11,53.38,50.88,197.81,11
-7.98,-0.55,1.38,-8.81,-76.61,-1.55,-7.60,6.88,-1.20,24.75,125.48,211.81,11
-7.61,-0.88,1.98,-7.93,-93.33,-1.27,-6.49,5.37,-1.27,40.92,137.01,210.23,11
-6.67,-0.99,3.07,-5.93,-111.40,-0.40,-4.64,6.14,-1.81,83.79,164.75,196.04,11
-5.62,-1.35,2.93,2.05,-126.04,-2.79,-3.65,5.83,-1.83,127.56,167.29,182.41,11
-3.80,-0.78,4.40,4.19,-150.47,-2.56,0.67,5.62,-3.08,194.08,77.60,106.17,11
-3.09,-1.30,6.96,9.77,-157.15,0.98,1.92,6.10,-2.24,184.37,24.51,80.71,11
-1.69,-0.22,7.79,8.06,-140.88,-8.44,3.72,8.80,-4.61,101.45,5.20,45.57,11
-0.23,-0.35,10.48,3.33,-124.62,-1.73,4.36,6.80,-0.73,16.03,-51.90,12.72,11
1.46,0.11,15.08,1.68,-41.73,-5.24,7.03,8.20,-8.35,12.56,-0.47,5.05,11
1.71,-0.19,15.51,-1.35,-6.78,-7.59,6.79,8.53,-7.92,-10.45,-4.06,0.66,11
1.36,-0.02,14.43,-3.07,34.92,-8.91,6.48,9.50,-6.33,-58.67,9.18,6.12,11
0.68,-0.62,12.87,-4.56,72.29,-11.63,4.03,7.06,-4.27,-83.63,8.79,-8.27,11
-1.26,-0.85,9.13,-5.30,110.65,-13.26,-0.29,6.18,-3.74,-151.80,-99.11,-98.41,11
-1.82,-0.85,8.24,-5.44,118.10,-11.92,-1.57,5.19,-3.72,-140.01,-129.99,-147.85,11
-2.92,-1.00,7.47,-5.42,125.56,-11.81,-2.62,6.03,-4.92,-109.14,-169.61,-200.60,11
-3.59,-0.74,5.76,-9.42,127.10,-12.24,-4.39,7.60,-3.83,-144.60,-155.80,-208.40,11
-5.99,-0.37,2.97,-6.92,121.49,-12.94,-8.78,8.24,0.07,-92.82,-94.85,-191.02,11
-6.49,-0.95,2.93,-10.79,115.29,-7.85,-7.63,6.53,-0.19,-107.26,-68.23,-186.87,11
-6.90,-0.95,1.94,-6.59,108.20,-3.58,-7.33,3.87,-0.08,-24.50,-30.62,-191.89,11
-7.94,-0.93,1.03,-5.43,92.24,0.76,-8.57,3.98,1.00,29.11,-62.57,-186.89,11
-9.45,-0.94,0.22,-14.21,44.66,6.40,-9.83,5.00,4.94,9.48,-9.18,-99.00,11
-9.68,-0.42,0.36,-16.63,31.08,6.15,-9.77,4.50,3.46,9.94,46.40,-43.60,11
-9.69,-0.65,0.46,-13.15,20.83,8.79,-9.81,2.38,5.16,108.15,22.73,24.21,11
-9.68,-0.67,0.38,-7.69,10.12,6.84,-8.82,4.36,4.76,115.02,41.40,34.30,11
-9.63,-0.35,1.19,-6.60,-4.18,-2.65,-8.00,4.16,5.70,-33.44,-29.60,2.14,11
-9.31,-0.71,0.98,-10.69,-8.51,-1.92,-9.77,5.71,4.05,-69.93,-12.02,18.69,11
-9.64,-0.77,0.67,-11.46,-13.77,-3.37,-9.42,5.65,3.29,-73.79,-18.71,63.04,11
-9.70,-0.41,0.81,-8.56,-21.44,-3.93,-10.53,5.85,2.62,-77.82,15.62,114.99,11
-9.39,-0.61,0.83,-10.25,-51.85,-3.31,-11.78,6.98,0.04,19.87,53.27,225.69,11
-8.54,-1.07,0.80,-9.60,-65.25,-2.53,-10.59,7.73,-1.28,14.19,77.11,250.13,11
-8.32,-1.03,1.66,-6.24,-82.34,-3.98,-8.21,5.95,-1.34,22.96,116.93,250.13,11
-7.49,-1.32,1.81,-0.53,-99.66,-2.56,-5.76,5.35,-1.92,56.87,127.23,239.69,11
-6.07,-1.39,3.40,8.45,-138.92,5.91,-2.54,4.90,-2.25,140.76,159.61,183.59,11
-4.95,-0.67,2.98,12.27,-148.37,3.83,-3.06,6.48,-0.57,148.89,151.02,164.31,11
-3.44,0.22,5.55,10.20,-157.24,6.51,-0.23,4.99,-2.13,191.55,118.64,129.20,11
-2.32,0.10,7.50,5.11,-142.24,3.94,2.43,4.51,-1.15,165.05,61.62,84.31,11
-0.30,-0.78,10.61,-5.51,-92.89,-5.91,5.15,4.78,-3.32,83.23,-59.59,11.51,11
-0.24,-0.31,12.11,-0.42,-79.96,-6.95,7.35,8.59,-8.66,3.58,-55.25,-6.18,11
0.74,-0.09,13.87,3.22,-50.63,-6.69,7.29,6.52,-7.88,34.11,-35.40,-1.30,11
1.09,-0.29,14.75,2.72,-19.15,-8.18,6.20,9.22,-6.43,-7.40,-33.73,15.63,11
0.83,-0.37,13.69,-3.00,68.21,-15.59,3.39,8.29,-6.08,-70.04,-33.95,-32.77,11
0.22,-0.28,12.13,-5.02,95.93,-15.69,1.54,6.37,-4.06,-126.56,-79.27,-61.23,11
-0.78,-0.81,9.83,-5.09,121.66,-18.39,0.29,9.80,-6.03,-169.16,-91.27,-110.32,11
-2.14,-0.70,7.93,-7.15,136.20,-20.21,-0.52,4.54,-3.71,-177.05,-111.21,-177.56,11
-4.03,-0.86,4.97,-5.34,141.12,-13.74,-4.22,5.20,-2.51,-94.50,-137.64,-231.96,11
-4.92,-0.86,3.40,-8.16,132.41,-10.19,-6.92,7.91,-2.10,-118.42,-135.73,-234.95,11
-6.13,-0.79,2.83,-15.35,122.82,-2.90,-7.12,5.03,-0.43,-122.06,-102.85,-236.05,11
-7.08,-1.01,1.86,-7.76,111.60,-0.56,-9.12,3.45,-0.31,-53.15,-40.68,-250.14,11
-9.32,-0.40,0.62,-20.79,64.27,4.85,-11.41,4.74,4.17,26.53,-47.81,-140.60,11
-9.23,-0.70,0.81,-22.63,49.88,5.35,-10.22,3.58,4.69,12.78,-13.38,-71.45,11
-9.45,-0.83,0.61,-14.27,41.01,6.53,-9.58,3.80,3.87,-7.82,58.71,-25.07,11
-9.50,-0.83,0.68,-6.61,29.85,7.41,-8.41,2.61,3.78,182.56,12.40,36.13,11
-9.54,-0.51,0.77,4.88,5.40,4.50,-8.00,-0.41,6.12,59.56,23.01,-9.27,11
-9.45,-0.41,0.63,0.41,2.21,3.34,-8.07,0.90,7.68,-20.10,-44.02,-19.45,11
-9.26,-0.46,0.91,-10.15,-3.87,-1.48,-8.78,2.99,4.40,-46.37,-14.00,-8.36,11
-9.57,-0.48,0.83,-12.34,-9.82,-1.39,-9.48,5.02,3.97,-92.14,-8.34,33.86,11
-9.45,-0.46,1.31,-5.66,-23.95,-2.10,-9.92,4.25,2.83,-109.56,11.99,84.19,11
-9.35,-0.38,0.99,-6.06,-31.31,-5.02,-10.79,4.88,2.53,-57.13,18.18,131.98,11
-9.04,-0.60,0.60,-2.81,-34.65,-8.44,-11.25,5.74,2.08,-1.99,37.25,176.67,11
-9.09,-0.67,0.28,0.30,-52.38,-6.02,-10.06,6.30,0.51,32.51,51.31,215.58,11
-7.25,-0.64,1.88,7.13,-111.42,-2.19,-6.96,5.15,-1.99,56.64,128.30,228.71,11
-6.07,-0.73,1.89,5.26,-127.57,-3.02,-5.44,2.79,-2.03,95.92,147.40,210.45,11
-5.52,-0.62,3.25,10.00,-144.63,-2.13,-4.75,4.68,-3.37,122.89,177.28,183.22,11
-4.01,-0.83,3.69,15.60,-158.79,-2.16,-2.75,4.02,-1.80,159.41,157.41,146.79,11
-1.53,-0.40,8.48,-0.72,-149.08,1.21,0.39,7.67,-3.56,166.47,56.04,89.44,11
-0.68,-0.77,9.76,-3.99,-133.31,0.20,3.30,6.96,-3.18,95.29,16.39,64.89,11
0.04,-1.61,12.74,4.83,-99.20,-5.56,5.05,8.40,-5.50,60.18,-1.40,19.45,11
0.77,0.12,15.20,4.56,-64.71,-2.94,6.59,8.61,-8.50,9.34,-13.89,-6.48,11
0.97,-0.09,14.96,-0.62,36.05,-6.63,6.18,10.31,-8.84,-28.71,15.79,1.34,11
0.00,0.09,12.79,-3.65,63.56,-5.85,5.48,7.56,-6.14,-56.63,30.39,-4.96,11
-0.46,-0.28,11.07,-5.14,86.94,-5.91,3.66,8.73,-3.97,-97.17,3.76,-7.24,11
-1.54,-0.25,9.48,-10.42,102.38,-8.91,2.74,6.91,-3.27,-89.70,-17.34,-9.06,11
-3.18,-0.86,7.37,-12.24,119.19,-9.82,-0.55,5.59,-2.79,-144.61,-120.46,-96.88,11
-4.13,-0.63,5.79,-11.13,121.90,-9.91,-1.29,6.70,-2.81,-156.62,-140.94,-136.02,11
-4.60,-0.74,5.24,-13.01,124.92,-11.03,-2.44,4.36,-1.91,-134.74,-164.08,-183.05,11
-5.47,-1.10,3.64,-8.91,123.76,-12.27,-3.19,4.34,-1.74,-109.28,-156.84,-228.55,11
-7.84,-1.23,1.67,-11.84,94.63,-2.55,-9.12,4.87,-0.19,-104.79,-60.64,-250.14,11
-8.21,-0.97,1.20,-12.11,77.31,0.47,-12.31,5.25,0.12,-95.94,-9.22,-250.14,11
-8.98,-0.61,0.57,-17.02,56.29,2.19,-13.29,6.64,4.89,-91.48,-38.55,-217.05,11
-9.21,-1.13,0.59,-24.24,36.81,6.14,-11.05,5.65,2.52,-44.72,30.45,-77.08,11
-9.39,-0.94,0.79,-3.00,22.25,4.79,-8.58,2.94,4.39,192.69,21.56,16.03,11
-9.45,-1.03,0.75,0.63,10.99,2.40,-7.52,5.11,4.59,140.43,15.76,8.95,11
-9.35,-0.77,1.08,2.92,1.47,2.37,-7.73,2.85,6.47,80.36,26.15,-18.13,11
-9.48,-0.92,1.05,4.88,-1.34,-1.50,-8.40,1.49,5.94,-1.39,-31.91,-15.81,11
-9.48,-0.78,1.04,-0.98,-14.39,-1.59,-9.72,4.11,3.55,-138.94,-4.64,54.95,11
-9.16,-0.64,0.73,-0.02,-19.81,-1.59,-9.90,3.68,3.88,-77.97,-4.63,80.30,11
-9.51,-0.64,0.75,-0.80,-29.11,-2.03,-10.41,4.38,2.97,-25.98,5.75,118.28,11
-9.15,-0.84,0.93,-2.20,-44.26,-2.27,-10.24,5.26,1.81,24.73,40.90,152.39,11
-8.66,-0.54,1.10,0.93,-82.75,-3.08,-7.48,6.07,-0.36,48.65,90.76,206.05,11
-7.68,-0.75,1.71,0.75,-103.99,-1.82,-6.62,5.85,-1.02,82.62,101.96,197.73,11
-6.43,-0.69,2.12,0.39,-120.91,-0.63,-4.46,4.58,-1.25,102.86,119.26,175.66,11
-5.51,-0.91,2.74,0.91,-141.41,0.82,-3.74,4.26,-1.51,119.85,131.14,152.98,11
-2.96,-0.59,5.94,7.95,-158.27,-0.87,-0.93,6.90,-4.64,172.59,117.26,132.70,11
-1.72,-0.86,7.68,9.32,-155.19,4.23,0.47,5.05,-5.11,177.89,70.73,113.45,11
-0.59,-0.80,10.23,7.05,-135.51,3.72,1.89,8.05,-7.89,136.01,57.08,84.73,11
0.64,-0.20,13.04,3.11,-102.63,1.47,4.01,1.69,-7.30,112.11,42.97,48.87,11
2.17,-0.11,16.20,3.90,-1.40,-5.76,8.38,11.53,-9.51,-38.73,-12.40,-3.84,11
1.85,0.06,14.90,-2.07,44.44,-9.37,6.74,7.56,-6.90,-82.81,2.18,2.26,11
0.85,0.07,12.61,-5.36,81.18,-11.94,4.47,9.06,-6.01,-99.79,-35.26,2.56,11
-0.54,-0.29,10.32,-6.34,106.12,-13.30,2.27,4.21,-4.39,-146.04,-40.19,-30.95,11
-2.46,-0.85,7.92,-10.43,124.68,-14.35,-0.95,8.07,-4.60,-149.63,-113.56,-149.76,11
-3.48,-0.57,6.53,-14.53,128.21,-12.26,-1.77,4.31,-2.80,-153.31,-112.89,-199.52,11
-4.15,-1.37,5.36,-10.24,132.33,-10.21,-3.49,6.00,-2.33,-101.46,-140.36,-242.83,11
-5.53,-0.88,3.79,-9.68,123.96,-7.98,-5.77,6.42,-1.39,-70.85,-130.39,-227.40,11
-7.76,-0.42,1.83,-12.73,91.24,-4.15,-9.00,8.08,-0.25,-59.85,-41.47,-185.61,11
-7.96,-1.27,1.60,-12.08,81.05,-0.24,-9.04,3.54,1.59,-85.66,-10.05,-164.71,11
-8.75,-0.97,1.42,-7.71,67.64,3.19,-9.07,4.51,2.11,-6.85,-14.02,-113.97,11
-8.84,-0.87,1.22,-5.26,50.27,3.96,-9.49,5.09,3.69,135.06,-64.47,-90.14,11
-9.61,-1.00,0.86,-4.76,24.99,4.12,-9.23,4.81,2.61,105.06,27.18,-24.06,11
-9.61,-1.06,0.71,-1.25,16.34,6.23,-8.73,4.28,2.34,100.12,27.28,-1.95,11
-9.26,-0.78,0.73,-0.41,8.42,5.44,-9.04,4.04,7.64,96.93,2.37,-4.91,11
-9.26,-0.77,0.90,-2.96,3.24,-0.11,-8.18,2.84,2.83,-39.47,-14.32,-14.32,11
-9.35,-0.63,0.97,-9.92,-12.85,-1.31,-8.86,3.62,2.29,-15.12,-2.05,20.91,11
-9.42,-0.54,1.00,-9.04,-19.14,-0.33,-9.41,5.28,1.25,15.66,14.44,42.65,11
-9.58,-0.88,1.14,-8.55,-22.73,-0.95,-9.58,5.14,1.84,18.73,29.19,77.41,11
-9.38,-0.65,0.95,-6.95,-34.91,-3.69,-9.69,4.84,1.06,-7.98,48.66,97.88,11
-9.00,-0.77,1.01,-4.79,-69.05,-3.81,-7.93,5.23,-0.87,-50.65,77.53,131.66,11
-8.34,-0.83,0.52,-3.82,-86.11,-3.02,-7.45,4.50,-0.68,-37.91,91.96,132.70,11
-7.08,-1.13,0.50,-1.54,-118.53,-2.66,-6.27,3.80,-0.56,-7.95,120.30,127.69,11
-5.45,-0.94,1.81,2.61,-145.54,-0.69,-5.50,3.57,-2.08,58.05,147.54,124.71,11
-2.91,-0.38,6.66,6.56,-150.82,3.93,-3.88,7.56,-5.75,82.54,174.11,137.64,11
-2.92,-0.90,7.68,5.87,-139.17,0.20,-3.77,8.64,-6.54,102.44,168.76,143.34,11
-1.86,-0.19,8.94,2.86,-124.04,2.69,-1.05,9.21,-7.46,134.79,147.72,141.11,11
-1.23,-0.86,9.79,5.33,-107.24,-2.55,0.65,5.87,-4.66,129.15,109.19,121.71,11
0.36,-0.69,13.96,4.43,-53.83,-3.89,5.54,6.60,-5.73,95.36,67.20,43.71,11
1.00,0.02,14.47,0.38,-26.85,-5.08,4.61,7.31,-2.66,-9.67,13.50,1.79,11
0.73,-0.78,14.06,0.63,11.47,-5.57,7.42,9.97,-8.42,-11.69,-6.37,-7.41,11
0.26,-0.20,13.32,-0.27,47.56,-8.28,7.38,7.13,-5.54,-82.11,4.65,-8.75,11
-1.12,-0.45,10.34,-7.61,93.55,-9.78,3.23,4.67,-3.29,-101.53,-61.37,-17.54,11
-1.99,-0.68,9.27,-8.67,105.79,-8.98,1.77,8.93,-5.56,-131.22,-70.91,-47.60,11
-2.68,-0.63,8.46,-12.73,115.15,-9.54,0.46,3.79,-2.21,-176.86,-117.31,-96.80,11
-3.39,-0.66,6.90,-8.02,125.97,-10.39,-1.01,7.38,-4.13,-179.02,-127.70,-155.95,11
-5.27,-0.90,3.47,-13.54,128.38,-10.64,-3.14,6.41,-1.07,-114.57,-127.74,-226.24,11
-5.85,-1.23,2.83,-13.68,124.02,-8.65,-2.62,5.68,-2.09,-93.27,-95.44,-233.22,11
-7.25,-1.09,1.68,-5.95,110.43,-6.20,-6.43,6.89,-0.40,-81.21,-37.66,-216.09,11
-8.14,-0.99,1.57,-6.59,87.01,-0.51,-9.30,4.73,1.32,-86.57,-52.88,-221.15,11
-9.36,-0.95,1.00,-20.21,46.82,10.63,-11.47,3.06,3.22,44.22,-25.84,-174.10,11
-8.95,-1.19,1.07,-18.29,41.40,8.18,-11.02,4.34,4.81,75.81,-34.06,-113.48,11
-9.42,-0.83,1.09,-11.47,32.05,2.79,-9.36,4.52,4.39,72.39,3.44,-63.13,11
-9.36,-0.69,0.92,-4.37,24.11,3.37,-8.99,3.87,3.64,60.64,34.21,-41.65,11
-9.25,-0.42,0.75,0.05,3.88,3.18,-8.65,5.26,2.09,67.71,34.58,5.27,11
-9.29,-0.66,0.94,-1.16,-0.41,1.71,-8.37,2.07,5.94,-55.95,17.06,17.32,11
-9.02,-0.72,1.18,-2.37,-0.34,-0.15,-8.53,1.33,5.42,-48.74,-15.46,-1.84,11
-9.40,-0.46,0.67,-5.02,-6.25,-0.48,-9.22,3.00,4.09,-77.64,-12.01,5.89,11
-9.68,-0.50,0.70,-13.69,-26.09,-4.27,-8.60,3.97,3.43,-93.00,6.85,44.92,11
-9.38,-0.30,0.95,-15.64,-37.18,-6.35,-9.27,3.57,3.20,-79.51,3.99,60.08,11
-9.23,-0.85,1.19,-22.57,-49.87,-2.59,-9.61,4.25,3.15,-19.83,12.19,84.64,11
-8.95,-0.99,0.83,-23.79,-63.53,0.61,-9.49,5.16,1.98,6.64,27.10,119.72,11
-7.28,-1.22,1.51,-17.23,-109.53,2.44,-9.18,5.12,-0.38,18.68,97.86,195.73,11
-6.00,-1.15,2.13,-15.25,-126.15,-1.07,-9.67,6.30,-2.19,47.80,127.43,227.11,11
-5.36,-1.54,3.10,-2.14,-131.55,-5.56,-6.55,5.80,-3.46,59.45,169.00,246.92,11
-4.10,-1.43,3.56,9.99,-143.11,-8.05,-4.65,5.21,-3.31,95.46,159.44,247.89,11
-1.96,-0.59,7.87,31.34,-143.63,-3.64,-1.04,5.92,-3.56,189.77,113.88,186.25,11
-1.65,-0.00,9.24,25.66,-139.21,0.53,0.29,5.70,-3.63,170.24,69.05,141.72,11
-0.27,-0.14,12.04,11.86,-108.60,-2.94,2.44,8.80,-5.51,139.45,33.12,81.64,11
0.31,0.58,14.01,7.71,-76.50,-3.92,7.36,10.44,-7.52,70.46,27.18,38.15,11
1.13,0.33,15.55,-0.23,21.11,-10.01,8.84,11.38,-9.32,-69.71,8.38,-10.19,11
0.12,0.62,14.10,-5.31,54.28,-11.71,7.73,7.33,-7.29,-60.55,38.52,2.79,11
-0.45,-0.08,11.52,-8.11,83.32,-12.77,6.30,8.57,-5.93,-59.76,27.05,0.38,11
-1.38,-0.38,9.76,-13.40,98.94,-13.71,3.71,6.36,-2.37,-84.07,4.73,10.52,11
-3.29,-1.14,7.42,-11.80,111.82,-14.82,0.68,5.49,-2.55,-131.66,-115.90,-98.43,11
-3.78,-0.83,6.73,-6.17,115.92,-14.69,-0.19,5.44,-4.27,-150.52,-147.38,-146.37,11
-4.52,-1.19,5.52,-1.17,118.78,-15.56,-1.99,6.07,-3.20,-190.73,-160.89,-203.30,11
-5.09,-0.93,4.35,3.15,123.84,-15.73,-2.66,5.49,-2.44,-148.01,-159.39,-243.40,11
-7.32,-1.07,1.87,1.21,105.23,-8.57,-7.43,7.73,-0.31,-33.19,-89.50,-250.14,11
-7.82,-1.09,1.65,-0.62,92.80,-6.79,-8.60,6.25,0.06,-53.01,-66.66,-250.14,11
-8.59,-1.09,1.21,-0.58,74.98,-3.36,-10.23,5.16,0.68,-39.75,-36.18,-250.14,11
-9.07,-0.85,0.98,-1.83,63.47,2.47,-13.37,4.88,3.08,-9.02,-48.24,-216.87,11
-9.24,-1.02,0.97,-6.63,29.47,4.48,-9.59,4.27,3.68,-5.69,33.59,-52.18,11
-9.67,-0.66,0.84,-4.61,23.13,4.49,-9.42,3.44,3.60,60.08,37.17,-17.43,11
-9.55,-0.74,0.75,0.94,12.89,5.78,-7.65,3.18,3.64,171.40,18.83,10.08,11
-9.42,-0.75,0.74,-1.27,0.04,2.66,-8.61,4.95,3.68,122.66,48.83,8.24,11
-9.39,-0.73,0.78,-4.54,-6.31,-0.73,-8.65,2.70,4.46,-30.41,-36.73,-14.01,11
-9.55,-0.83,0.79,-7.74,-13.63,-3.26,-9.55,4.06,3.49,-57.24,-12.20,12.76,11
-9.52,-0.68,0.77,-6.60,-20.56,-4.28,-8.82,3.91,2.99,-62.00,-4.49,41.55,11
-9.69,-0.71,0.54,-1.66,-31.90,-2.31,-9.58,5.84,2.74,-44.95,1.11,81.66,11
-8.73,-0.58,0.68,-1.26,-66.05,-2.79,-11.11,6.21,0.71,-29.71,79.56,188.11,11
-8.23,-0.66,0.58,-1.33,-80.10,-3.74,-10.34,6.57,-0.41,14.73,92.63,227.20,11
-7.37,-0.64,0.64,-4.38,-105.03,-2.21,-8.82,6.48,-3.09,26.66,128.79,250.13,11
-6.70,-0.83,1.88,-10.17,-135.56,-0.34,-7.54,5.51,-2.74,68.18,167.32,250.13,11
-3.83,-0.95,4.35,4.36,-146.34,2.61,-2.47,5.06,-1.61,169.30,204.54,216.92,11
-3.01,-1.12,5.40,13.40,-150.40,2.77,-1.49,2.63,-1.26,155.02,186.99,164.19,11
-2.49,-0.29,8.37,8.98,-144.02,9.48,-0.42,5.35,-1.05,139.93,133.56,112.03,11
-1.84,-1.02,10.10,1.44,-127.45,10.89,1.41,7.84,-3.33,112.63,47.52,71.01,11
0.53,-0.41,15.19,2.60,-53.53,1.13,9.34,12.50,-8.95,9.44,-18.84,-12.09,11
0.46,-0.19,16.00,5.11,-15.06,-1.35,9.21,8.52,-8.46,-21.14,-18.52,-4.44,11
0.07,0.00,15.10,2.96,25.92,-0.60,8.10,11.38,-7.04,-41.27,-29.84,-2.54,11
-0.19,0.12,12.96,-0.98,64.09,-7.16,6.62,7.48,-6.66,-64.60,-11.53,7.98,11
-1.75,-0.21,9.63,-6.94,101.33,-11.22,2.99,6.65,-2.57,-109.43,-25.61,-13.82,11
-2.47,-0.47,8.58,-5.58,111.48,-11.62,2.28,7.03,-3.06,-114.83,-34.09,-50.32,11
-3.10,-0.38,7.76,-5.14,117.56,-11.48,1.32,5.78,-1.31,-151.44,-58.92,-100.84,11
-4.07,-0.57,6.04,-4.06,124.18,-13.23,0.51,8.24,-3.53,-150.02,-88.81,-143.23,11
-5.45,-0.78,2.85,-0.96,128.34,-8.95,-2.47,5.32,-1.18,-59.74,-150.36,-215.38,11
-6.37,-0.64,1.82,-2.58,117.89,-9.21,-3.29,3.97,-0.84,-63.82,-147.11,-233.03,11
-7.36,-0.81,0.87,-6.84,102.23,-4.37,-5.85,5.72,-0.53,-53.51,-126.92,-240.27,11
-8.59,-0.78,0.72,-11.77,77.38,-2.92,-7.77,4.74,0.27,34.38,-76.92,-240.95,11
-9.41,-0.51,0.30,-8.97,42.42,-2.73,-12.37,8.40,2.02,-19.29,-45.28,-197.77,11
-9.71,-0.69,0.30,-11.48,30.81,-1.53,-11.33,4.95,4.98,-15.42,-26.73,-121.29,11
-9.53,-0.94,0.28,-8.54,18.90,-2.45,-9.76,6.14,2.75,45.47,17.95,-60.44,11
-9.63,-1.16,0.60,-1.21,14.03,-1.73,-9.43,4.76,4.69,77.66,34.58,-14.94,11
-9.45,-0.66,0.76,8.86,-2.37,-1.36,-7.87,1.33,6.88,-6.36,6.52,1.40,11
-9.50,-0.68,0.72,7.03,-8.27,-2.50,-8.00,3.53,3.09,-16.05,-15.91,-2.27,11
-9.75,-0.63,0.71,0.89,-16.57,-2.29,-9.27,4.03,3.06,-38.34,-5.58,14.41,11
-9.52,-0.73,0.83,-3.11,-27.09,-2.32,-9.24,3.82,2.83,-56.11,5.48,27.05,11
-9.35,-0.88,0.72,-3.85,-60.13,-1.56,-8.64,5.48,1.33,-61.61,9.73,90.50,11
-8.82,-0.70,0.51,-4.10,-81.50,-2.70,-9.14,4.44,1.63,-59.36,60.92,115.02,11
-7.49,-1.10,0.64,-7.05,-110.52,-3.63,-7.55,4.71,1.13,-10.85,76.14,139.40,11
-6.23,-1.19,1.92,-7.17,-146.64,-2.53,-6.89,5.10,-0.61,27.70,109.41,170.38,11
-3.68,-1.00,4.02,-0.60,-162.84,1.37,-5.65,5.87,-3.66,71.82,150.34,209.44,11
-2.35,-0.28,4.08,3.61,-164.08,4.00,-4.60,5.47,-4.70,125.85,155.24,218.31,11
-1.72,-1.41,6.99,8.59,-159.39,3.94,-2.38,5.63,-4.94,175.02,162.10,214.38,11
-0.76,-0.11,9.68,8.20,-143.45,2.48,-1.30,6.03,-5.44,182.33,146.93,174.13,11
0.68,-0.86,12.86,-0.18,-91.44,-2.34,2.19,6.93,-4.95,120.99,47.72,76.67,11
2.29,-0.76,14.06,-6.83,-61.86,-1.77,3.61,9.48,-6.28,109.95,12.34,44.37,11
2.58,-0.49,15.73,-3.29,-27.60,-2.47,7.36,9.00,-6.97,-37.15,-7.05,1.11,11
2.50,-0.65,15.48,1.56,17.02,-5.56,8.52,7.68,-8.36,-51.23,-9.18,-8.44,11
0.68,-0.46,12.03,-5.43,92.89,-6.43,4.17,6.71,-4.43,-94.64,-12.86,3.40,11
0.03,-0.40,10.68,-7.15,111.58,-9.02,2.24,6.27,-3.75,-131.69,-33.32,-20.82,11
-1.22,-0.81,9.00,-7.93,124.33,-12.24,0.28,4.16,-3.49,-126.81,-48.33,-94.48,11
-1.87,-0.70,7.50,-8.80,130.43,-11.84,-0.97,7.59,-5.15,-151.01,-85.43,-155.49,11
-4.04,-0.82,4.81,-3.29,135.81,-9.04,-3.11,1.61,-2.17,-78.81,-163.95,-250.14,11
-4.72,-0.86,4.41,-3.44,130.89,-6.76,-5.46,5.34,-2.20,-14.00,-180.51,-250.14,11
-5.55,-0.31,3.18,-8.45,120.18,-5.60,-8.00,5.86,-1.75,-4.53,-180.65,-250.14,11
-6.58,-0.51,2.18,-17.56,105.20,-2.19,-10.54,8.14,-2.23,-8.78,-176.43,-250.14,11
-8.17,-0.67,1.77,-18.25,71.52,-1.47,-10.05,6.77,1.96,-78.66,-7.20,-135.37,11
-8.74,-1.16,1.10,-16.85,60.47,1.64,-10.37,4.54,2.23,-33.70,-33.30,-64.53,11
-9.20,-1.36,0.99,-12.00,44.66,4.90,-9.17,4.52,2.64,10.53,9.09,7.00,11
-9.22,-1.29,1.07,-2.31,34.10,4.66,-8.73,3.64,3.76,-5.53,42.70,24.59,11
-8.93,-0.83,1.25,2.09,12.37,1.91,-8.10,2.82,3.14,-16.82,-16.67,9.47,11
-9.13,-0.88,1.05,-2.83,10.83,1.80,-9.35,2.36,3.17,-80.96,6.31,7.81,11
-9.21,-0.80,1.17,-8.70,5.95,3.93,-9.37,1.44,3.94,-67.59,-16.16,22.98,11
-9.33,-0.93,1.01,-10.89,0.10,4.81,-9.20,3.18,3.25,-101.47,-8.93,31.19,11
-9.13,-0.85,1.02,-8.75,-10.07,3.19,-9.78,4.49,4.50,-60.00,-11.15,54.63,11
-9.34,-0.91,0.66,-7.08,-14.76,1.08,-9.79,4.43,4.22,1.29,-18.11,83.18,11
-9.45,-0.87,1.07,-4.73,-19.29,-0.89,-9.85,5.40,4.03,24.77,-19.03,116.47,11
-9.35,-0.72,0.95,-4.18,-28.21,-1.95,-9.15,6.34,3.04,55.08,5.89,148.38,11
-9.17,-0.79,1.29,-2.37,-53.14,-4.17,-6.62,6.61,1.22,39.45,33.98,180.95,11
-8.92,-0.59,1.25,-4.27,-67.94,-1.85,-5.91,6.76,0.80,55.63,42.54,179.18,11
-8.19,-0.83,1.60,-4.60,-85.01,-1.87,-4.29,6.35,0.51,62.19,54.40,164.92,11
-7.31,-0.59,1.33,-4.24,-107.86,-2.08,-4.43,7.71,-1.09,107.24,86.08,166.37,11
-4.87,-0.62,3.94,-4.96,-142.42,-1.14,-1.19,5.77,-0.50,157.10,127.67,157.67,11
-3.80,-1.36,4.32,2.02,-138.21,-1.66,-0.46,4.73,-2.07,182.24,129.73,129.11,11
-2.93,-0.57,5.12,2.96,-150.02,0.38,0.04,3.44,-1.28,148.65,102.62,83.78,11
-1.30,-1.31,6.36,5.22,-152.82,2.12,1.22,4.78,-2.03,140.02,62.98,56.64,11
0.80,-0.92,14.00,4.95,-113.95,-4.05,7.96,6.77,-6.15,83.84,10.38,26.18,11
1.82,-0.46,14.87,4.62,-78.92,-4.45,9.52,9.47,-7.24,63.37,-10.31,12.47,11
2.62,-0.29,17.97,1.95,-31.31,-3.09,8.28,9.13,-6.69,-10.99,-39.49,9.18,11
2.35,-0.44,16.02,-2.47,23.91,-5.04,8.94,10.61,-8.51,-68.36,-32.96,-1.78,11
-0.04,-0.76,11.03,-0.26,97.37,-5.85,3.89,7.13,-4.14,-91.92,-43.87,-13.60,11
-0.78,-0.39,9.80,-1.96,108.65,-7.31,2.45,7.54,-3.83,-150.95,-41.79,-37.76,11
-2.08,-0.54,8.86,-3.93,117.17,-8.73,0.89,6.16,-3.44,-153.02,-59.50,-87.05,11
-2.66,-0.53,8.12,-5.95,122.35,-6.83,-0.03,5.02,-4.18,-163.93,-72.69,-151.64,11
-4.23,-0.31,4.87,0.21,141.61,-8.62,-3.80,4.36,-1.47,-82.75,-144.83,-227.60,11
-4.84,-0.83,3.78,5.94,142.11,-5.44,-4.75,5.34,-1.65,-27.57,-161.92,-237.51,11
-5.90,-0.11,2.51,3.47,132.63,-6.27,-5.92,4.49,-0.50,-33.81,-163.55,-239.66,11
-6.97,-0.29,1.28,-3.21,117.27,-2.77,-8.58,6.01,-0.47,-13.70,-146.79,-246.33,11
-9.10,-0.60,0.35,-14.07,65.18,1.18,-11.20,7.22,3.28,-134.36,-36.62,-176.27,11
-9.67,-0.68,-0.09,-15.18,48.82,1.51,-10.55,3.88,3.83,-96.84,-0.69,-97.38,11
-9.43,-0.76,0.51,-11.71,36.56,1.73,-9.41,4.16,3.69,13.80,11.21,-11.99,11
-9.36,-0.74,0.52,-3.62,31.24,1.89,-8.66,4.22,4.04,69.43,31.03,13.40,11
-9.63,-0.56,0.34,4.29,7.27,-0.47,-7.47,3.53,4.08,115.37,10.81,7.47,11
-9.37,-0.58,0.64,5.29,-0.18,-0.54,-8.12,1.90,8.41,47.92,-18.12,-18.24,11
-9.25,-0.48,0.48,3.31,-5.28,-1.23,-8.14,3.94,4.00,-25.69,-15.50,-17.42,11
-9.58,-0.48,0.47,-0.86,-12.60,-4.42,-8.80,4.76,4.33,-27.73,-7.73,22.74,11
-9.40,-0.52,0.66,-0.48,-28.22,-3.29,-9.40,4.51,3.39,-21.74,-1.56,53.54,11
-9.36,-0.45,0.61,-1.49,-39.38,-4.09,-9.53,5.29,2.94,-8.76,5.12,87.83,11
-9.29,-0.40,0.38,-3.12,-48.79,-2.52,-9.92,5.59,1.71,-13.20,46.55,126.65,11
-9.32,-0.58,0.56,-2.44,-65.29,-3.65,-9.43,5.78,1.18,15.53,59.38,158.95,11
-7.39,-0.62,1.31,-0.87,-114.92,-7.67,-6.86,6.79,-1.11,52.60,124.45,197.82,11
-6.25,-0.62,1.92,-7.58,-135.41,-9.66,-5.77,5.41,-1.40,58.95,135.60,204.91,11
-5.16,-0.97,3.00,-3.69,-139.70,-6.19,-3.87,5.93,-3.12,103.55,152.86,188.77,11
-4.18,-0.87,3.67,-1.29,-154.50,-6.98,-2.74,4.42,-1.69,130.10,148.98,173.90,11
-1.89,-0.90,8.96,9.88,-145.14,-2.85,-1.06,9.05,-3.25,82.96,124.24,116.35,11
-1.14,-1.06,10.24,7.70,-126.73,0.36,1.65,6.13,-4.97,102.95,92.34,91.99,11
-0.17,-1.27,12.21,4.37,-94.44,-3.69,3.94,12.77,-4.22,92.23,68.55,45.56,11
0.28,-0.19,13.34,5.34,-67.31,-1.02,5.79,7.26,-4.94,45.94,30.52,19.85,11
1.47,0.23,14.86,-4.53,14.89,-3.66,7.96,8.55,-6.78,-74.91,-35.12,6.50,11
0.74,-0.59,14.22,-5.02,46.87,-3.88,5.21,7.19,-3.94,-76.49,-45.39,-11.35,11
0.24,-0.43,12.45,-9.70,78.14,-4.30,2.28,7.99,-3.33,-114.44,-73.98,-34.50,11
-0.78,-0.83,10.65,-6.73,101.89,-6.50,-0.07,7.65,-3.68,-117.90,-81.69,-82.77,11
-3.11,-1.16,7.25,-6.56,122.95,-8.74,-2.74,4.34,-3.77,-107.66,-118.16,-226.65,11
-3.56,-0.80,6.62,-1.61,124.21,-8.05,-4.75,4.41,-2.54,-62.66,-141.95,-250.14,11
-4.64,-0.67,5.17,-2.50,124.89,-7.10,-7.16,7.18,-5.00,-37.07,-167.82,-250.14,11
-5.63,-0.33,4.16,-8.51,117.47,-6.50,-9.24,5.01,-2.69,-93.33,-177.40,-250.14,11
-7.42,-1.09,2.32,-19.51,92.76,-0.85,-11.13,6.27,0.87,-35.66,-75.89,-162.03,11
-7.75,-1.31,1.98,-19.84,82.26,3.37,-9.01,6.71,1.48,-48.41,13.66,-91.11,11
-8.26,-1.40,1.81,-11.66,71.56,5.03,-8.51,2.72,2.81,12.99,-3.50,-43.08,11
-8.60,-0.91,1.04,-4.52,61.48,2.21,-8.46,4.11,3.21,106.66,-20.39,-6.37,11
-9.24,-0.97,0.99,3.43,25.41,4.18,-8.16,6.27,5.23,133.73,-11.39,1.40,11
-9.47,-0.98,1.21,3.34,20.16,2.38,-7.98,2.83,4.55,3.41,-22.18,3.87,11
-9.44,-0.68,0.85,0.84,13.07,3.30,-9.07,3.69,3.44,-73.93,-13.27,7.60,11
-9.55,-0.51,0.84,-7.87,2.30,5.18,-9.39,3.13,3.25,-63.72,-6.08,24.69,11
-9.82,-0.83,0.98,-5.94,-18.95,1.84,-9.60,5.70,2.87,-73.89,5.88,71.93,11
-9.83,-0.68,0.68,-7.08,-32.73,1.59,-10.23,5.68,2.09,-89.08,37.31,109.66,11
-9.23,-0.65,0.77,-5.67,-46.14,-1.79,-9.65,5.02,1.68,-45.85,46.34,134.92,11
-8.95,-0.53,0.49,-5.04,-65.64,-0.49,-8.45,5.31,0.22,0.07,62.09,154.18,11
-6.59,-0.55,0.60,-1.54,-117.75,-2.15,-6.08,4.99,-1.20,44.97,104.47,165.07,11
-5.52,-0.54,1.73,1.80,-141.21,-2.78,-5.42,6.17,-1.54,44.56,133.14,176.22,11
-3.93,-0.66,2.43,-2.77,-154.31,-2.68,-4.88,5.21,-2.16,71.34,138.11,179.32,11
-3.61,-0.85,4.40,2.85,-166.18,-3.16,-3.31,5.00,-2.99,112.56,161.63,181.13,11
-1.09,-0.83,7.64,12.73,-157.56,-0.11,0.03,8.00,-6.21,173.09,122.21,136.97,11
-0.71,-0.23,11.52,3.75,-143.83,-1.21,1.81,8.44,-6.18,160.59,96.53,123.02,11
0.91,-0.11,12.82,3.15,-108.44,-3.08,4.51,9.36,-7.52,145.45,57.47,86.09,11
1.91,-0.63,15.02,-1.86,-71.13,-3.93,5.42,9.84,-5.47,79.64,29.14,50.53,11
2.40,-0.60,15.57,-2.09,28.83,-8.15,7.84,11.24,-9.49,-70.87,-43.44,-4.37,11
1.47,-0.50,14.23,-4.11,62.98,-9.53,5.21,7.17,-5.64,-84.63,-26.66,-8.20,11
0.40,-0.49,11.74,-7.40,94.10,-7.79,2.57,9.12,-4.67,-115.08,-66.18,-19.32,11
-0.55,-0.28,9.63,-9.70,108.04,-9.44,1.04,6.90,-4.94,-164.27,-66.17,-50.92,11
-2.50,-0.75,7.83,-11.53,118.12,-8.62,-0.13,3.79,-4.12,-128.91,-97.43,-137.89,11
-3.20,-1.02,7.35,-7.76,123.49,-6.72,-0.87,5.72,-4.87,-87.56,-125.13,-159.08,11
-3.69,-0.57,5.98,-8.00,128.11,-6.63,-2.35,5.50,-3.83,-80.33,-132.60,-193.41,11
-4.53,-0.97,4.49,-7.11,130.11,-3.97,-3.25,4.56,-2.14,-71.24,-151.31,-218.99,11
-6.86,-0.66,1.93,-14.59,101.55,0.89,-8.63,6.82,-1.61,-50.40,-65.48,-226.14,11
-7.71,-0.85,1.65,-15.65,86.02,5.15,-9.18,5.53,1.11,-67.76,-31.89,-206.92,11
-8.13,-0.81,1.65,-13.74,65.94,7.41,-11.34,5.61,3.66,-65.34,-21.21,-175.73,11
-8.68,-0.74,1.15,-13.11,51.80,4.91,-10.61,4.05,4.60,3.43,-29.88,-121.26,11
-9.08,-0.95,1.40,-7.85,38.77,0.00,-8.78,4.63,4.62,84.32,14.35,10.39,11
-9.19,-0.88,1.52,-3.05,29.58,1.35,-8.12,3.62,3.09,46.34,4.19,30.48,11
-9.40,-0.91,0.90,-0.98,17.00,0.73,-7.47,2.07,2.64,4.36,-9.60,4.85,11
-9.40,-0.65,0.99,-2.68,10.31,-1.18,-9.45,2.55,2.86,-52.37,-6.02,-15.51,11
-9.49,-0.73,0.92,-4.79,-7.34,1.64,-9.19,2.50,4.31,-19.64,-7.88,16.57,11
-9.49,-0.85,1.01,-2.43,-13.96,-0.69,-9.39,5.35,3.50,-49.73,-10.86,39.53,11
-9.64,-0.99,0.71,0.21,-23.40,-2.98,-9.18,3.82,4.16,-45.19,-0.19,71.15,11
-9.64,-0.87,0.71,2.04,-39.50,-4.24,-9.74,5.06,3.24,-0.30,20.40,103.21,11
-8.59,-0.66,1.20,4.56,-79.27,-3.34,-8.69,6.25,0.81,21.82,46.96,168.44,11
-7.84,-0.84,1.30,4.72,-95.35,-1.87,-7.19,5.58,0.00,23.93,67.11,175.64,11
-6.81,-0.45,1.81,8.49,-107.95,-2.01,-5.95,4.66,-0.28,43.61,89.08,176.32,11
-5.53,-0.41,1.94,7.86,-126.93,-1.16,-4.76,4.91,-1.62,60.63,107.65,161.66,11
-2.93,-0.77,5.32,0.05,-169.45,0.27,-3.62,4.85,-3.24,127.94,140.04,180.06,11
-2.23,-0.65,6.23,4.72,-155.53,2.05,-1.80,6.16,-3.09,155.60,142.78,161.74,11
-1.85,-0.69,9.52,2.92,-145.24,1.56,-0.44,7.26,-4.71,182.98,107.47,131.47,11
-0.91,-0.15,10.73,-1.66,-124.08,-0.52,1.70,9.88,-5.73,170.28,68.68,92.49,11
1.04,-0.48,14.50,4.64,-57.50,-3.69,5.92,10.96,-5.86,52.50,35.71,24.22,11
1.75,0.18,15.59,0.87,-26.81,-2.11,3.50,5.05,-3.37,22.33,-0.07,0.53,11
1.07,-0.72,14.58,-1.61,12.89,-2.97,6.72,12.47,-8.44,-28.31,-18.84,-2.92,11
0.92,-0.00,13.45,-6.53,50.46,-7.18,6.09,7.03,-5.99,-85.92,11.54,3.16,11
-0.60,-0.53,10.03,-10.63,90.02,-8.66,1.37,6.17,-4.11,-125.86,-56.86,-34.19,11
-1.49,-0.64,9.40,-10.42,97.28,-9.92,0.24,5.08,-3.08,-132.45,-72.99,-88.24,11
-2.39,-0.95,8.31,-6.03,106.85,-10.11,-0.77,7.92,-5.47,-129.35,-111.93,-155.83,11
-2.97,-0.63,7.50,-7.11,111.95,-9.48,-2.16,5.25,-3.51,-136.73,-152.72,-190.60,11
-5.06,-0.49,5.30,-8.20,119.47,-7.02,-6.06,5.01,-1.60,-88.96,-138.49,-243.23,11
-5.61,-0.79,3.86,-9.18,115.42,-4.32,-7.79,6.82,-1.83,-66.02,-114.05,-243.98,11
-6.47,-0.58,3.28,-12.14,107.37,-3.89,-8.61,4.39,-0.44,-45.73,-51.30,-244.13,11
-6.98,-0.61,2.62,-14.56,96.83,-0.73,-11.24,6.51,0.24,-36.20,-30.46,-227.02,11
-8.52,-1.05,1.61,-20.41,58.66,6.14,-9.27,5.01,2.73,34.38,-21.82,-54.84,11
-8.72,-1.07,1.20,-14.50,51.03,7.07,-8.79,4.01,4.54,79.30,0.60,-34.39,11
-9.07,-1.12,1.66,-5.23,40.08,4.79,-8.07,3.30,4.55,140.11,1.70,-14.36,11
-9.22,-1.20,0.97,3.05,33.50,2.05,-7.72,4.28,8.37,74.83,-28.98,23.41,11
-9.59,-0.43,0.90,-2.05,5.29,1.56,-9.78,-0.01,2.78,-88.11,13.49,23.73,11
-9.50,-0.63,0.83,-4.30,0.31,1.02,-9.22,0.56,3.28,-40.37,-14.82,29.28,11
-9.88,-0.64,0.78,-2.32,-8.91,0.49,-8.69,3.36,3.65,-59.64,-0.05,42.50,11
-9.75,-1.08,0.78,0.36,-24.04,-2.69,-9.01,3.36,2.91,-64.51,4.08,47.58,11
-8.97,-0.81,0.63,1.98,-61.88,-4.72,-9.35,4.32,2.56,-2.56,21.51,104.67,11
-8.36,-0.60,1.02,1.00,-84.77,-2.57,-8.63,4.70,1.46,22.81,49.51,124.94,11
-7.09,-0.48,1.01,2.43,-106.18,-1.60,-7.81,5.11,0.59,56.96,66.87,148.29,11
-6.13,-0.74,2.41,1.94,-129.98,-1.76,-6.05,5.52,-0.76,56.51,95.58,170.50,11
-3.53,-0.97,3.59,6.27,-157.56,-5.21,-4.38,6.39,-3.20,78.53,124.45,203.15,11
-2.76,-0.22,5.93,6.88,-162.27,-2.14,-2.58,6.15,-2.52,110.74,131.88,209.38,11
-2.04,-0.88,7.22,13.66,-146.71,-1.65,-1.23,7.44,-3.99,98.99,121.98,189.45,11
-1.48,0.18,9.30,6.42,-136.21,-1.77,-1.57,8.33,-4.87,134.22,101.19,168.22,11
0.67,-0.14,12.56,-6.31,-90.18,-0.81,3.47,8.17,-6.41,130.43,65.04,98.61,11
1.54,-0.87,13.85,-5.73,-63.24,-4.59,6.11,8.39,-7.44,91.04,52.66,62.42,11
2.21,-0.26,15.52,2.48,-27.45,-6.22,8.13,7.06,-3.87,38.69,28.24,14.98,11
2.14,-0.68,15.20,2.02,16.85,-6.21,7.46,11.67,-3.97,-2.11,-40.34,-4.66,11
0.59,-0.11,11.67,-9.05,86.49,-6.31,4.05,6.76,-3.98,-96.11,-32.05,-27.69,11
-0.16,-0.16,10.37,-12.82,99.91,-7.51,2.75,5.59,-3.00,-98.77,-54.40,-34.40,11
-1.08,-0.67,9.06,-11.89,110.63,-7.22,1.17,6.06,-3.83,-128.89,-36.87,-80.55,11
-2.17,-0.80,8.25,-15.44,111.91,-5.45,0.37,5.35,-4.09,-150.32,-49.66,-168.47,11
-3.63,-1.46,6.36,-9.18,120.02,1.04,-2.08,6.58,-2.81,-63.64,-103.72,-201.78,11
-4.20,-0.72,5.44,-6.24,119.89,0.80,-3.06,7.42,-2.54,-42.21,-107.66,-215.18,11
-5.10,-0.76,4.59,-7.39,121.56,1.24,-4.42,7.16,-1.57,-50.28,-130.69,-228.95,11
-6.12,-0.12,3.63,-11.70,111.64,1.76,-5.65,7.04,-0.74,-70.75,-106.31,-210.66,11
-8.02,-0.43,1.82,-17.87,85.88,3.71,-10.78,5.38,1.83,-46.72,-3.34,-197.22,11
-8.44,-0.48,1.33,-18.75,73.96,4.62,-11.34,4.51,3.73,-41.91,-51.40,-176.58,11
-9.07,-0.83,0.69,-22.41,50.75,7.66,-10.56,3.48,3.74,90.25,-28.15,-85.19,11
-9.08,-0.94,0.62,-16.98,39.98,5.42,-8.57,4.12,4.34,162.51,-29.95,-29.91,11
-9.37,-0.73,0.96,-0.19,19.60,2.57,-8.49,3.76,3.20,56.15,10.23,39.65,11
-9.81,-0.78,0.83,2.09,12.84,2.56,-8.10,2.21,2.62,45.93,10.85,19.14,11
-9.34,-0.30,0.71,1.21,2.49,1.40,-9.09,3.93,3.11,-38.13,15.27,13.29,11
-9.58,-0.50,0.82,-2.73,-5.35,0.60,-9.02,-0.46,4.91,-68.87,9.37,-4.79,11
-9.57,-0.63,0.90,-3.46,-26.28,-4.08,-8.37,3.27,3.59,-67.53,6.15,24.59,11
-9.38,-0.57,1.13,-0.36,-38.35,-7.11,-8.41,4.58,3.40,-54.65,16.89,22.44,11
-9.21,-0.57,1.11,1.04,-52.42,-7.89,-8.74,4.67,3.23,-33.71,16.60,44.67,11
-8.59,-0.59,1.13,3.92,-65.34,-8.69,-8.56,4.57,2.53,-13.89,14.73,73.79,11
-6.65,-0.58,1.74,3.44,-106.18,-14.01,-8.46,5.07,1.04,30.69,65.47,146.37,11
-5.96,-0.54,2.70,4.15,-123.21,-12.89,-7.72,5.78,-0.17,94.05,99.02,184.65,11
-5.06,-1.08,3.32,4.90,-134.05,-11.79,-6.87,7.03,-2.15,93.59,120.54,214.26,11
-4.59,-1.13,4.43,8.44,-143.76,-7.92,-5.59,7.72,-3.53,63.12,123.84,228.61,11
-2.45,-0.41,7.57,18.05,-137.47,-1.05,-2.77,6.50,-4.92,125.43,111.69,205.98,11
-1.87,-0.33,8.56,10.48,-125.76,-1.37,-1.40,5.62,-3.84,139.79,117.01,168.02,11
-0.96,-0.29,10.27,8.38,-117.33,1.99,0.13,7.06,-4.85,144.68,108.46,117.69,11
0.36,-0.74,10.96,0.65,-94.74,-0.02,1.88,7.34,-3.85,126.76,82.46,68.95,11
2.22,-0.45,13.97,-0.85,-34.49,0.56,6.03,10.90,-0.78,55.10,-34.14,-2.58,11
2.03,-0.18,14.68,5.66,-12.26,-1.49,9.28,10.90,-9.71,-49.08,-19.04,-15.37,11
2.17,-0.11,14.36,0.99,26.69,-2.94,6.31,7.91,-5.38,-56.66,-11.75,-13.78,11
1.66,-0.21,13.10,-6.73,55.69,-3.35,4.00,7.20,-4.66,-88.36,-64.47,-11.46,11
-0.52,-0.81,9.90,-14.04,102.11,-4.53,1.03,7.27,-5.25,-140.56,-62.48,-111.24,11
-0.93,-0.84,9.29,-15.95,111.98,-4.74,0.31,9.87,-5.53,-151.12,-82.53,-142.05,11
-1.87,-0.90,8.41,-13.82,117.86,-3.78,-0.08,5.27,-4.10,-132.25,-91.19,-166.15,11
-2.79,-1.36,7.29,-8.08,126.85,-3.43,-2.40,7.58,-4.07,-86.56,-88.60,-202.32,11
-4.62,-0.82,4.33,-6.15,129.79,-2.36,-6.66,6.91,-2.13,-57.17,-90.78,-232.47,11
-5.45,-0.46,3.81,-11.27,123.32,-1.56,-6.74,5.01,-0.93,-70.78,-66.29,-222.87,11
-6.18,-0.84,2.83,-11.17,115.67,0.06,-8.92,5.51,0.01,-56.97,-48.07,-217.02,11
-7.54,-0.57,1.93,-16.77,97.21,-1.46,-10.29,4.45,2.05,-29.08,-33.98,-170.73,11
-8.50,-1.05,0.95,-13.40,64.73,2.99,-9.34,4.31,4.37,75.48,-37.79,-56.85,11
-8.92,-0.88,0.94,-8.33,54.80,1.48,-8.68,3.90,3.76,103.70,-15.90,-28.48,11
-9.56,-1.02,0.67,-3.11,43.11,1.79,-8.30,5.13,3.62,123.88,-11.31,2.47,11
-9.33,-0.86,0.85,2.79,29.31,1.53,-7.74,4.19,3.58,24.53,-9.65,27.08,11
-9.84,-0.56,0.64,-1.39,6.94,0.08,-9.64,0.85,2.66,-34.18,-5.32,-0.60,11
-9.58,-0.73,0.73,-6.15,2.01,1.52,-9.74,1.25,2.86,-19.20,-4.84,-2.28,11
-9.44,-0.86,0.75,-7.06,-4.18,1.62,-9.19,1.39,2.99,-33.11,5.91,-6.31,11
-9.32,-0.86,0.63,-7.27,-13.58,0.56,-8.84,2.18,3.84,-34.99,0.82,2.11,11
-9.62,-0.94,0.54,-6.89,-37.43,-1.43,-8.88,1.28,2.64,-77.02,27.63,19.70,11
-9.43,-0.88,0.47,-5.83,-51.83,-2.39,-8.51,1.87,2.14,-62.85,8.66,21.34,11
-9.03,-0.85,0.31,-6.34,-73.18,-0.22,-8.52,3.51,2.06,-49.66,39.08,39.02,11
-8.05,-1.13,0.65,-1.76,-92.98,-2.85,-8.22,4.29,2.38,-41.60,53.15,68.38,11
-5.64,-1.32,2.03,5.87,-131.18,-4.57,-8.19,5.22,0.65,34.02,86.24,151.90,11
-4.41,-0.85,3.69,7.36,-143.98,-1.15,-6.90,5.62,-0.41,67.59,106.98,181.93,11
-3.58,-1.05,4.38,11.81,-139.62,2.86,-5.69,6.75,-1.67,74.27,106.53,200.44,11
-2.91,-0.33,6.99,10.10,-142.74,2.96,-5.23,6.86,-1.80,81.85,76.87,207.40,11
-2.19,-0.18,9.72,8.56,-118.83,5.02,-3.51,8.58,-5.10,93.26,83.07,207.08,11
-0.59,-0.27,10.90,7.37,-100.21,5.81,-3.59,10.12,-7.90,114.81,91.98,203.38,11
-0.55,-0.35,12.60,1.27,-78.87,3.39,-1.20,7.30,-8.53,99.58,91.34,177.73,11
0.49,0.17,14.16,2.99,-53.85,1.76,2.73,5.73,-6.84,122.20,77.60,118.73,11
0.90,0.41,14.83,-1.36,27.24,-4.15,5.32,6.33,-3.76,-9.63,36.35,-0.50,11
0.25,0.03,13.56,-3.32,59.90,-3.83,5.60,10.97,-2.04,-31.98,-7.63,-18.17,11
-0.30,0.59,12.14,-4.00,84.41,-7.61,6.11,6.98,-4.68,-100.84,-5.76,-17.15,11
-1.33,0.06,10.23,-6.38,107.66,-9.67,3.82,7.13,-2.62,-111.61,-11.41,-27.57,11
-3.10,-0.24,7.15,-6.57,123.34,-13.59,-1.21,3.60,-2.17,-132.06,-53.60,-169.73,11
-3.89,-0.51,6.32,-10.00,124.44,-12.68,-2.01,5.39,-3.81,-133.18,-68.07,-245.19,11
-4.65,-0.48,4.94,-9.32,122.11,-11.14,-3.14,4.41,-2.19,-162.86,-105.49,-250.14,11
-5.35,-0.85,3.62,-8.14,118.08,-11.05,-5.79,11.47,-2.56,-120.96,-77.76,-250.14,11
-7.08,-1.15,2.16,-4.06,94.59,-4.45,-8.95,5.43,2.46,-26.63,-28.31,-243.89,11
-7.78,-0.53,1.76,-5.00,83.24,-5.65,-9.84,4.51,1.64,29.68,0.18,-229.39,11
-8.50,-1.15,1.29,-5.18,69.45,-3.50,-11.78,4.72,1.62,80.66,-40.32,-222.69,11
-9.07,-1.03,1.36,-7.95,52.35,-0.43,-11.72,6.64,2.43,97.93,-60.69,-138.77,11
-9.52,-0.64,1.12,-3.62,28.16,1.92,-8.31,4.38,3.98,178.40,34.93,-14.05,11
-9.30,-0.54,0.79,0.36,17.44,0.10,-7.86,5.18,2.90,217.24,-6.40,15.32,11
-9.66,-0.65,0.84,2.26,7.57,-1.29,-8.25,4.68,2.84,76.47,16.69,20.12,11
-9.62,-0.85,0.98,-0.29,-1.85,-1.27,-10.03,0.52,8.18,3.80,18.21,-11.94,11
-9.62,-0.66,0.89,-4.94,-11.10,-2.02,-9.39,1.89,3.04,-76.44,5.11,4.40,11
-9.48,-0.70,0.93,-5.56,-17.44,-0.48,-9.01,1.51,2.59,-94.22,23.07,4.82,11
-9.50,-0.75,1.12,-2.95,-29.57,-0.02,-8.80,2.66,3.13,-53.34,5.11,26.57,11
-9.19,-0.75,1.11,0.53,-42.16,-0.34,-8.72,2.89,3.64,-96.08,15.89,34.73,11
-8.55,-0.54,1.64,-0.59,-65.02,1.18,-9.38,2.98,2.88,-76.39,21.81,63.65,11
-8.26,-0.49,1.14,-2.42,-80.05,1.82,-8.62,2.94,2.18,-33.46,41.28,86.42,11
-7.04,-0.54,1.31,-1.74,-104.89,2.60,-7.93,4.18,1.72,21.07,45.31,124.59,11
-5.82,-0.17,1.43,-6.33,-131.64,2.94,-7.75,4.36,0.56,42.98,76.72,164.37,11
-3.15,-0.37,5.23,-1.85,-151.04,0.07,-6.21,6.36,-2.60,80.60,112.17,215.67,11
-2.85,-0.37,7.88,-1.82,-156.21,0.94,-6.19,7.19,-5.06,108.01,133.98,231.47,11
-1.96,-0.28,8.46,1.14,-134.79,2.68,-4.51,8.63,-5.81,128.24,134.26,233.98,11
-1.74,-0.64,9.81,-0.53,-122.81,1.63,-3.10,8.64,-6.60,146.40,118.63,213.69,11
0.81,-0.31,14.08,2.99,-69.32,-4.73,1.45,8.14,-4.79,106.74,75.43,114.40,11
1.56,-0.40,14.96,5.86,-38.66,-5.02,3.15,12.22,-5.24,48.47,68.79,59.98,11
1.53,-0.11,15.61,8.11,1.63,-6.04,4.04,9.32,-3.43,-62.01,33.37,1.64,11
0.89,-0.28,14.09,-0.37,42.73,-5.33,5.06,8.51,-5.05,-42.40,-8.73,-24.35,11
-0.57,-0.30,11.01,-8.20,95.03,-8.59,3.30,10.38,-4.86,-117.72,-49.19,-29.73,11
-1.08,-0.03,9.90,-13.05,107.78,-9.52,2.06,8.58,-3.50,-160.18,-62.31,-35.32,11
-1.95,-0.66,8.68,-15.79,120.77,-8.32,1.05,8.62,-3.43,-146.05,-68.39,-60.08,11
-2.69,-0.34,7.39,-12.20,131.52,-8.45,0.52,6.74,-3.55,-149.53,-92.22,-106.93,11
-4.48,-0.63,4.23,-1.65,137.63,-7.15,-1.95,3.68,-2.64,-69.89,-130.02,-201.95,11
-5.16,-0.77,3.13,-2.63,131.83,-8.00,-3.48,4.47,-2.47,-44.98,-126.06,-221.60,11
-6.37,-0.74,2.03,-5.29,120.08,-6.50,-5.37,6.86,-3.33,26.62,-109.10,-208.44,11
-7.24,-0.71,1.54,-12.96,100.58,-3.24,-6.67,6.27,1.33,-122.94,-87.65,-205.63,11
-8.51,-0.77,0.63,-8.44,64.22,-2.60,-11.15,4.68,4.13,-76.32,-5.18,-193.05,11
-9.18,-0.82,0.49,-11.21,53.95,-3.68,-10.02,4.34,5.04,-53.18,-8.57,-156.81,11
-9.29,-1.01,0.28,-13.03,38.56,-3.07,-10.91,3.50,4.76,130.26,-64.95,-102.69,11
-9.58,-1.12,0.33,-10.43,27.71,-1.76,-9.53,5.19,4.32,114.19,-9.95,-49.61,11
-9.67,-0.81,0.28,-5.47,16.26,0.40,-8.52,3.71,2.91,83.50,17.80,36.63,11
-9.49,-0.81,0.24,-7.10,6.68,0.98,-8.05,3.54,4.06,-24.72,24.92,20.35,11
-9.80,-0.86,0.08,-8.21,-2.66,-0.42,-7.91,1.66,5.62,-35.96,-3.98,-19.45,11
-10.15,-1.02,-0.50,-10.14,-19.99,-2.05,-9.12,4.58,4.46,-36.44,-15.82,12.20,11
-9.67,-1.28,0.10,-10.25,-51.77,-2.50,-10.02,4.25,2.59,-49.84,22.56,56.55,11
-9.37,-1.20,-0.04,-9.37,-60.61,-0.73,-9.90,6.10,2.69,-35.60,29.23,105.13,11
-9.04,-1.18,0.01,-10.56,-83.62,2.35,-9.85,5.83,0.71,-12.44,76.96,149.93,11
-8.17,-0.97,0.39,-5.16,-106.39,5.38,-8.45,6.33,0.18,-10.99,93.21,178.91,11
-4.90,-0.82,2.92,-1.55,-142.11,2.70,-6.76,6.31,-1.71,14.37,168.59,236.06,11
-3.89,-0.93,4.32,6.77,-144.56,-2.04,-4.91,6.05,-2.70,41.18,167.61,245.17,11
-3.99,-0.39,5.40,5.10,-137.43,-5.36,-4.10,6.69,-2.54,82.95,158.60,250.13,11
-2.91,-0.45,6.67,10.91,-132.22,-8.48,-1.77,5.94,-3.26,147.87,126.72,227.75,11
-1.22,-0.63,10.90,-1.60,-107.21,-2.82,1.46,7.66,-4.56,159.45,45.77,118.83,11
-1.17,-1.12,12.66,-8.33,-84.44,-6.78,4.06,7.19,-5.10,103.05,19.18,67.64,11
-0.46,-0.89,14.27,2.69,-58.20,-5.37,5.37,5.89,-3.08,24.98,-12.89,-3.82,11
-0.02,-1.51,14.02,2.08,-19.12,-5.02,7.59,10.76,-6.97,-21.44,-34.35,-3.13,11
-0.91,-0.56,13.10,-4.98,54.66,-3.08,3.38,8.18,-3.86,-86.95,-48.74,-26.77,11
-1.29,-0.53,11.24,-12.78,74.47,-3.73,2.22,7.85,-3.54,-127.92,-66.18,-57.99,11
-1.66,-0.54,9.97,-15.63,90.47,-3.10,1.00,7.99,-3.41,-144.54,-62.77,-111.84,11
-2.95,-0.93,8.62,-16.98,95.32,-5.18,0.19,7.65,-3.85,-165.63,-68.07,-155.79,11
-3.91,-0.91,6.93,-2.31,111.21,-7.65,-3.57,4.47,-2.89,32.16,-113.34,-198.48,11
-4.60,-0.68,5.83,-3.21,115.24,-9.87,-5.80,10.93,-5.57,40.97,-150.39,-201.74,11
-5.12,-0.72,4.74,-10.14,111.81,-7.27,-5.68,7.42,-2.43,-34.09,-175.31,-189.80,11
-5.63,-1.56,3.63,-9.65,116.56,-3.89,-8.08,11.12,-3.29,-22.60,-167.10,-184.35,11
-7.53,-1.13,1.68,0.15,96.22,-2.40,-6.49,6.17,0.67,-60.85,-23.74,-101.12,11
-8.07,-0.85,1.40,0.27,85.99,-1.53,-6.62,3.72,0.86,-55.40,-4.11,-101.31,11
-8.67,-1.26,0.65,2.92,78.20,0.41,-7.33,2.77,1.33,-2.92,-45.58,-114.58,11
-9.12,-1.19,0.31,1.24,60.12,2.46,-8.79,2.63,2.78,76.59,-68.16,-101.50,11
-9.95,-0.63,-0.52,-10.25,27.05,7.08,-10.67,7.02,3.48,67.94,-0.26,-45.92,11
-10.25,-1.53,-0.33,-8.54,16.71,6.80,-9.02,4.18,7.73,-7.32,1.73,23.00,11
-9.64,-0.85,0.18,1.93,10.26,4.83,-9.13,1.54,4.42,-68.34,-10.40,0.32,11
-9.90,-0.29,-0.12,-3.94,-1.05,2.53,-9.01,0.41,2.47,-76.36,-5.55,23.05,11
-9.82,-1.05,0.07,-8.36,-23.45,-0.64,-8.97,3.23,4.40,-37.27,10.31,25.77,11
-9.90,-1.02,-0.02,-7.54,-34.23,-1.18,-9.43,4.10,4.04,-20.69,18.21,50.65,11
-9.26,-1.05,0.26,-3.08,-45.63,-2.92,-9.81,5.65,2.88,-40.80,41.43,90.21,11
-9.45,-1.34,0.45,2.62,-59.74,-2.19,-9.56,5.72,2.14,-4.80,70.65,130.20,11
-7.59,-0.69,0.53,7.80,-104.21,-2.46,-6.92,5.26,-0.91,-3.75,115.34,168.21,11
-6.37,-0.44,1.40,7.18,-126.35,-2.56,-5.71,4.55,-1.60,14.84,133.36,161.79,11
-5.46,-0.52,1.57,4.80,-144.19,-0.87,-4.90,5.34,-1.87,41.79,161.79,166.95,11
-4.84,-0.75,3.61,9.21,-152.59,-1.82,-3.83,5.64,-2.20,68.91,170.48,178.37,11
-2.29,-0.70,7.33,-2.02,-133.46,0.35,-2.00,7.43,-4.41,120.35,125.21,177.66,11
-2.46,-0.46,9.07,-8.55,-125.08,-1.24,-0.58,6.80,-2.82,140.11,98.13,164.31,11
-2.08,-1.17,9.78,1.80,-108.32,0.38,1.55,8.45,-4.85,128.09,67.42,136.86,11
-0.63,-1.12,11.72,1.11,-84.20,-4.02,2.76,6.72,-4.75,79.51,24.08,106.31,11
0.78,-0.67,15.27,4.37,-26.80,-2.77,5.41,6.60,-6.70,-46.96,18.12,7.24,11
0.65,-0.42,15.13,0.48,9.44,-1.73,6.33,10.16,-3.66,-10.68,-26.85,-4.10,11
0.43,-0.19,13.90,5.40,45.56,-4.19,7.37,9.12,-6.04,-72.56,-15.53,-13.69,11
-0.58,-0.10,12.15,2.54,73.51,-4.37,5.20,7.03,-4.06,-85.73,-9.98,-23.25,11
-2.07,-0.02,8.92,-7.69,110.78,-7.31,0.53,6.76,-2.92,-132.69,-66.53,-74.24,11
-3.12,-0.32,8.13,-13.49,112.19,-6.92,-0.46,6.27,-3.58,-135.25,-84.24,-121.85,11
-3.60,-0.30,6.93,-12.88,123.29,-6.56,-1.00,6.66,-3.97,-138.60,-115.82,-179.80,11
-4.45,-0.05,5.51,-16.05,123.75,-9.70,-2.21,3.86,-1.78,-131.56,-127.32,-221.05,11
-6.21,-0.50,3.07,-21.67,111.77,-11.32,-5.42,5.13,-0.51,-20.64,-102.95,-245.90,11
-6.46,-1.08,2.44,-23.15,103.28,-7.15,-7.88,7.15,-0.37,8.78,-95.78,-246.47,11
-7.60,-1.32,1.62,-21.12,89.80,-3.93,-9.93,6.19,-0.11,12.74,-85.08,-237.49,11
-8.27,-1.74,1.23,-16.94,73.13,-0.02,-11.11,5.55,1.26,15.15,-69.77,-200.85,11
-8.85,-1.49,0.75,-13.31,45.33,1.72,-9.62,3.37,3.74,70.15,3.44,-57.16,11
-9.33,-1.44,0.46,-8.60,35.19,2.29,-8.94,4.79,3.20,96.41,12.70,-20.63,11
-9.26,-1.16,0.70,-1.84,28.54,2.13,-8.56,4.85,2.76,99.28,15.37,8.24,11
-9.76,-1.36,0.52,0.31,20.63,-0.08,-8.10,4.52,6.98,83.84,-4.43,-1.78,11
-10.12,-1.02,-0.02,-3.15,-3.27,-0.87,-9.85,4.73,3.84,-94.53,4.29,46.85,11
-9.80,-1.15,0.37,-2.79,-16.17,-0.15,-9.68,3.60,3.49,-81.23,10.08,56.37,11
-10.01,-1.18,0.28,-6.56,-21.71,0.47,-9.83,5.53,3.54,-43.49,13.27,92.44,11
-9.45,-1.19,0.21,-6.03,-38.56,-1.66,-10.39,6.08,2.20,-43.59,40.60,143.81,11
-8.73,-0.93,0.87,1.43,-76.37,-0.50,-9.03,7.10,-0.64,-42.41,98.55,210.02,11
-8.21,-1.02,0.85,4.72,-86.19,1.24,-7.24,6.21,-1.21,-24.37,104.88,212.05,11
-7.10,-0.77,0.60,11.56,-104.31,2.18,-5.55,5.63,-1.28,11.10,140.78,214.05,11
-5.39,-0.46,1.27,13.11,-131.15,1.95,-4.08,4.49,-1.47,53.10,142.04,207.67,11
-4.30,-0.49,4.44,5.50,-146.16,-3.16,-1.89,4.32,-2.37,167.88,165.15,187.93,11
-2.90,-0.70,5.69,6.69,-145.63,-5.21,-0.21,6.25,-3.04,169.80,128.85,153.62,11
-2.42,-0.80,8.00,4.47,-141.96,-3.49,1.33,6.88,-2.77,148.30,66.82,126.21,11
-1.56,-0.88,10.09,0.12,-124.51,-2.19,1.97,10.49,-2.74,117.79,25.01,100.08,11
0.10,-0.86,13.95,2.18,-64.99,-5.21,5.81,9.40,-4.00,-23.03,-66.78,-12.27,11
0.23,-0.40,14.46,0.08,-42.68,-5.16,9.00,8.36,-8.81,-56.34,-26.92,-17.12,11
0.68,-0.60,15.66,2.28,-3.62,-4.42,7.65,9.86,-5.21,-18.21,-17.88,-3.82,11
-0.01,-0.53,14.25,-4.52,32.21,-5.73,5.10,8.60,-3.43,-126.76,-38.82,-19.57,11
-1.08,-0.53,10.49,-12.95,93.88,-7.47,1.17,8.16,-2.08,-124.44,-52.47,-103.80,11
-1.90,-0.93,9.64,-9.85,102.89,-8.00,0.35,9.34,-3.96,-141.53,-68.02,-137.85,11
-2.88,-0.73,8.68,-8.57,109.28,-7.85,-0.59,7.52,-3.15,-155.77,-59.92,-193.86,11
-2.76,-0.83,7.04,-8.51,115.47,-8.13,-2.47,10.83,-2.56,-159.08,-79.93,-231.37,11
-4.29,-1.36,4.69,-0.66,127.24,-4.95,-4.88,6.33,-0.31,-36.95,-32.47,-215.85,11
-5.50,-0.98,3.43,-2.30,122.24,-7.16,-4.88,3.92,-0.95,21.46,-22.79,-218.08,11
-6.31,-1.04,2.40,-0.37,111.01,-4.69,-8.06,5.16,-0.05,44.40,-40.70,-225.11,11
-6.98,-0.62,2.59,-6.88,97.86,-5.10,-9.44,4.25,-1.64,112.37,-43.91,-199.50,11
-8.95,-0.57,1.21,-18.86,64.68,-5.15,-10.27,6.18,3.13,210.08,-149.26,-87.23,11
-9.03,-1.51,0.48,-15.56,48.72,-1.50,-8.59,6.49,1.40,109.95,-4.31,-60.72,11
-9.59,-1.24,0.72,-4.69,33.78,1.08,-7.59,3.50,4.76,19.34,44.35,-45.52,11
-9.18,-1.58,0.61,7.63,24.29,-0.04,-9.08,3.52,4.90,55.06,-25.13,-2.75,11
-9.41,-1.45,1.10,3.90,-6.84,2.58,-8.78,0.90,4.21,-102.76,5.23,24.55,11
-9.24,-0.57,1.48,4.14,-8.86,0.09,-8.87,2.08,4.65,-56.02,-7.30,26.90,11
-9.16,-0.87,1.39,0.71,-18.33,2.27,-9.93,4.45,3.39,-92.62,17.06,38.21,11
-9.07,-0.97,1.32,0.04,-21.64,1.98,-9.10,3.72,3.90,-104.21,13.08,77.32,11
-9.15,-0.77,1.19,1.51,-45.63,-1.06,-10.29,6.15,2.57,-31.67,33.78,139.54,11
-8.87,-0.89,1.36,2.63,-58.07,-1.16,-9.18,6.10,1.05,-10.31,57.45,165.04,11
-8.50,-0.42,1.58,3.78,-72.49,0.78,-8.47,6.42,0.32,14.98,63.73,185.65,11
-7.63,-0.64,1.58,3.07,-91.18,0.53,-7.21,6.82,-0.52,28.99,86.15,206.97,11
-5.20,-0.38,2.69,3.16,-132.21,0.53,-4.16,5.82,-1.57,91.60,111.11,218.52,11
-4.35,-0.73,3.94,2.51,-149.35,1.42,-2.86,4.12,-1.92,134.85,122.76,205.20,11
-3.12,-0.49,4.66,7.73,-151.98,2.34,-1.99,4.78,-1.39,156.24,127.45,175.37,11
-2.50,-0.17,5.44,6.83,-150.37,7.18,-0.74,3.27,-0.83,175.34,89.99,127.83,11
0.10,-0.22,10.48,-6.55,-133.63,2.68,2.78,7.93,-4.30,58.90,17.35,50.80,11
0.51,-1.84,12.10,0.08,-113.18,9.02,5.64,7.51,-8.88,94.18,3.05,40.66,11
1.82,-0.32,14.62,-2.00,-79.79,6.13,7.28,10.52,-9.62,89.97,-7.48,35.39,11
2.77,-0.43,16.25,6.08,-38.68,4.73,8.93,8.63,-9.15,17.76,17.08,12.82,11
2.52,0.16,14.49,-2.47,62.95,1.83,5.13,9.11,-1.87,-54.88,-31.56,-23.56,11
1.57,0.05,12.83,-5.84,91.00,-1.53,2.50,6.13,-2.31,-94.87,-59.82,-55.58,11
0.71,-0.17,11.17,-6.31,116.32,-4.63,0.24,7.63,-4.06,-146.23,-65.56,-129.16,11
-0.57,0.04,9.49,-9.97,129.28,-3.60,-1.37,6.62,-4.70,-206.11,-78.17,-206.98,11
-2.55,-0.51,6.72,-7.02,149.41,-9.01,-5.71,7.79,-4.25,-79.13,-84.58,-250.14,11
-3.61,0.08,4.70,-15.70,149.96,-8.85,-7.52,10.56,-2.87,-97.19,-87.35,-247.63,11
-4.57,-0.40,3.57,-22.11,143.76,-7.48,-5.54,4.46,-1.97,-177.69,-62.50,-250.14,11
-5.45,-1.02,2.36,-11.76,135.26,-8.05,-6.97,3.22,-0.32,-35.85,-28.07,-216.56,11
-8.23,-0.78,0.61,-13.79,90.89,-2.34,-9.41,4.39,2.20,72.90,-49.90,-142.29,11
-8.77,-0.94,0.50,-14.69,72.32,-3.34,-10.20,5.94,3.18,105.50,-137.65,-102.79,11
-9.18,-1.07,0.35,-10.86,49.11,-1.18,-9.93,3.87,3.88,84.27,31.38,-39.58,11
-9.38,-1.12,0.68,-4.26,33.52,-0.58,-8.84,3.47,4.10,142.67,28.05,13.00,11
-9.58,-1.21,0.44,1.66,19.57,-2.29,-7.58,2.73,5.29,-9.46,1.80,-6.09,11
-9.61,-0.75,0.46,-1.76,8.81,-1.79,-8.55,3.70,4.30,-57.46,-22.21,4.25,11
-9.40,-0.87,0.53,-4.93,-1.79,-0.73,-9.47,3.40,4.03,-46.31,-18.02,24.66,11
-9.67,-0.72,0.70,-4.28,-8.05,0.62,-9.64,4.68,4.03,-63.12,-10.64,43.84,11
-9.66,-0.69,0.47,-3.66,-28.55,-0.49,-10.32,5.26,2.97,-23.11,17.89,130.53,11
-9.41,-0.86,0.45,-5.60,-41.18,-0.32,-10.61,5.93,2.18,10.08,21.09,164.23,11
-9.36,-0.91,0.62,-3.53,-56.80,-1.73,-9.40,6.81,0.61,14.36,47.63,192.21,11
-8.59,-0.90,0.42,-1.66,-75.75,0.95,-7.76,6.30,0.13,16.11,76.90,209.73,11
-6.37,-0.89,1.21,6.00,-123.56,1.66,-3.87,5.77,-0.84,57.69,113.07,198.47,11
-5.26,-0.82,1.34,6.30,-144.70,0.54,-2.86,4.19,-1.29,86.03,127.93,191.96,11
-3.86,-0.76,2.79,10.16,-159.82,1.05,-2.58,5.34,-1.58,119.57,137.96,188.37,11
-2.40,-0.86,5.68,12.51,-165.45,1.35,-0.70,4.69,-1.76,155.83,123.05,159.68,11
-1.27,-0.22,11.17,5.88,-136.18,5.43,1.87,10.53,-4.23,118.62,58.67,86.63,11
-0.90,-0.20,12.50,1.02,-109.82,4.53,5.30,8.39,-4.22,91.56,20.33,68.60,11
0.19,-0.14,14.43,0.31,-72.71,-3.06,7.02,12.09,-5.97,37.03,-4.98,45.92,11
0.96,0.31,15.80,1.50,-32.13,-5.39,8.02,6.65,-6.67,-9.67,-0.69,15.92,11
0.21,-0.06,14.03,-4.71,59.53,-8.36,7.01,10.11,-4.07,-71.91,-14.07,-3.19,11
-0.62,-0.11,12.17,-5.06,84.94,-11.73,4.67,8.39,-3.47,-107.82,-18.56,-20.03,11
-1.21,-0.06,10.33,-10.64,106.67,-12.85,2.57,7.56,-2.86,-145.91,-27.63,-54.63,11
-2.01,-0.39,8.85,-12.23,119.65,-13.76,1.34,8.25,-2.22,-140.73,-47.47,-92.90,11
-3.54,-0.67,6.45,-10.28,133.53,-10.77,0.32,6.94,-1.16,-147.60,-82.79,-175.19,11
-4.40,-0.62,4.77,-7.18,136.01,-10.98,-0.49,6.39,-0.47,-129.69,-106.43,-191.95,11
-5.14,-0.67,3.54,-4.46,132.20,-8.18,-1.54,4.80,-0.11,-77.94,-103.25,-202.44,11
-6.22,-0.85,2.05,-3.36,120.53,-9.54,-3.24,5.89,-0.47,-54.21,-98.57,-214.53,11
-8.58,-0.89,0.94,-16.42,74.65,-5.16,-7.15,5.95,0.74,-48.47,-22.29,-185.31,11
-8.25,-0.89,0.93,-13.14,67.10,-1.58,-7.64,4.42,0.52,-52.72,11.61,-186.21,11
-9.16,-1.17,0.29,-10.44,56.88,-1.96,-10.26,5.85,3.22,28.78,15.41,-147.87,11
-9.34,-1.08,0.42,-12.67,37.52,-0.24,-9.93,5.20,3.69,78.30,-33.18,-139.08,11
-8.97,-0.96,0.30,-9.12,27.24,0.77,-9.29,5.39,4.78,84.06,18.63,-74.31,11
-9.58,-1.31,0.05,-7.09,22.17,-0.41,-8.66,5.44,4.96,79.53,14.01,-48.57,11
-10.19,-1.26,-0.27,-0.14,11.57,-1.15,-8.76,5.37,4.17,113.02,1.58,-10.94,11
-9.69,-1.19,0.14,4.20,-0.97,-0.64,-8.59,6.00,5.90,-20.09,-6.94,19.52,11
-9.76,-0.94,0.30,-5.25,-14.26,-1.03,-9.15,4.51,3.95,-64.63,-5.78,35.42,11
-9.83,-1.23,-0.12,-4.11,-21.59,1.63,-9.22,5.18,3.07,-89.34,-1.29,48.02,11
-9.61,-1.10,0.07,-1.79,-29.62,1.37,-9.40,3.91,3.80,-97.60,23.78,62.73,11
-9.29,-1.03,0.44,-4.13,-41.43,-0.17,-9.40,4.82,2.81,-33.66,20.22,97.96,11
-8.54,-0.93,0.69,-4.92,-69.39,3.60,-8.34,5.99,1.13,-10.72,61.79,154.89,11
-8.16,-0.70,0.69,-3.69,-81.21,3.32,-7.56,5.53,0.69,11.14,73.79,157.89,11
-7.61,-0.71,0.87,-4.02,-98.85,2.19,-6.57,6.11,0.52,16.29,108.47,167.84,11
-6.28,-0.80,1.20,-5.35,-121.92,2.94,-4.85,5.74,-0.49,40.63,110.83,169.97,11
-4.18,-1.20,4.74,-4.59,-152.60,2.15,-2.67,6.91,-1.83,92.08,130.14,185.03,11
-3.62,-0.97,5.74,5.72,-142.15,1.04,-1.47,7.18,-2.49,117.93,123.30,177.59,11
-2.87,-0.74,7.59,11.88,-127.83,-0.79,-0.42,7.68,-3.52,131.10,113.24,150.01,11
-2.81,-0.53,8.70,13.48,-117.89,1.27,0.14,8.34,-3.84,136.18,103.05,127.60,11
-0.60,-0.10,13.68,7.78,-70.01,-1.17,5.92,5.62,-4.14,79.58,44.89,50.92,11
-0.08,-0.10,15.09,3.57,-43.18,-2.31,1.75,5.99,2.33,71.45,-11.66,7.53,11
-0.44,-0.26,14.93,0.14,-4.97,-6.60,7.97,12.32,-6.88,-33.85,-40.59,-2.36,11
-0.08,0.11,14.09,0.53,38.18,-8.17,7.11,9.69,-4.41,-99.12,-26.79,-14.35,11
-1.50,-0.02,10.33,-5.05,90.71,-11.63,2.17,8.57,-4.18,-111.81,-74.79,-30.63,11
-2.27,-0.09,9.10,-6.12,100.49,-12.90,1.32,8.17,-4.11,-142.70,-63.29,-66.98,11
-2.68,-0.13,8.42,-6.22,107.87,-15.02,0.57,3.94,-3.08,-123.73,-75.55,-136.98,11
-3.50,-0.24,7.06,-4.69,116.12,-16.37,-1.24,8.06,-4.11,-111.96,-75.88,-166.35,11
-4.95,-0.53,4.64,-9.98,127.46,-13.35,-4.20,5.26,-1.77,-44.92,-112.79,-244.61,11
-5.21,-0.62,3.68,-11.24,127.99,-12.59,-5.16,3.97,-1.03,6.25,-117.44,-250.14,11
-6.31,-0.47,1.80,-12.40,116.84,-11.50,-8.22,7.78,-0.43,4.82,-115.27,-218.57,11
-7.17,-1.20,1.32,-14.98,101.58,-9.24,-8.48,4.65,0.67,-59.39,-98.94,-230.04,11
-8.89,-0.94,0.46,-10.23,55.70,-2.71,-9.21,6.87,2.47,66.53,-38.47,-136.67,11
-9.17,-1.31,0.51,-7.66,46.11,0.36,-10.01,6.69,3.24,17.73,-50.67,-81.56,11
-9.64,-0.95,-0.01,-6.56,34.56,1.53,-9.13,5.21,2.57,24.77,24.67,-29.73,11
-9.71,-1.27,-0.06,0.84,19.85,1.66,-8.78,4.74,2.88,54.34,20.83,-3.65,11
-9.63,-1.06,0.26,1.68,-0.08,0.76,-8.32,0.50,5.67,-68.26,8.25,-4.00,11
-9.74,-0.74,0.17,-2.95,-7.65,1.65,-9.33,4.14,4.28,-59.63,-20.84,14.71,11
-9.81,-0.88,0.35,-5.19,-17.04,4.24,-9.81,3.61,3.63,-72.98,4.18,35.90,11
-9.67,-1.01,0.28,-4.28,-26.89,2.44,-9.04,3.70,3.43,-86.62,11.79,52.93,11
-9.47,-0.99,0.47,-7.71,-67.53,0.80,-8.92,3.78,1.96,-38.75,45.12,88.57,11
-8.99,-0.73,0.49,-6.77,-83.85,2.39,-8.55,4.78,1.44,-9.79,52.59,103.56,11
-7.75,-0.63,0.81,-8.01,-106.25,4.11,-8.10,4.97,0.13,1.79,74.01,121.67,11
-6.40,-0.63,1.33,-8.92,-127.24,3.57,-6.60,5.65,-0.08,30.63,103.96,143.94,11
-3.96,-0.92,3.37,-6.49,-160.89,-2.98,-4.88,7.93,-1.15,53.40,156.00,222.70,11
-2.62,-1.01,4.52,0.98,-156.62,-2.57,-3.68,7.26,-2.48,86.97,151.94,238.77,11
-2.13,-0.96,8.00,11.98,-148.24,-1.27,-1.81,7.09,-1.68,118.70,127.24,237.26,11
-1.60,-0.11,8.97,15.09,-136.77,0.73,-0.20,7.57,-4.14,127.02,122.62,208.30,11
-0.04,-0.45,12.82,1.58,-92.61,2.10,1.78,8.23,-7.70,84.65,74.11,108.21,11
1.31,-0.07,14.34,-2.58,-66.79,-1.11,4.36,8.69,-6.11,51.47,45.98,68.75,11
1.30,-0.47,15.59,-1.47,-32.95,-3.00,6.69,9.47,-6.04,17.82,38.85,28.56,11
1.84,-0.25,15.41,-0.17,14.60,-2.53,6.93,5.37,-4.23,15.38,5.06,-11.15,11
0.40,0.11,11.79,-5.36,82.05,-5.79,3.59,6.74,-2.85,-98.79,-32.64,-58.20,11
-0.49,-0.20,10.47,-9.21,95.42,-6.75,2.30,7.99,-2.65,-117.15,-55.79,-75.96,11
-1.46,-0.50,8.85,-10.15,107.69,-7.64,1.21,8.10,-4.16,-148.73,-73.05,-109.45,11
-2.14,-0.57,8.54,-11.73,111.82,-7.63,0.42,6.73,-3.94,-151.47,-69.68,-158.82,11
-3.41,-0.70,6.17,-1.62,128.28,-9.44,-1.39,4.12,-2.47,-52.96,-118.18,-207.40,11
-4.78,-0.94,4.98,2.19,129.30,-13.62,-3.71,10.61,-2.90,-41.74,-128.91,-206.09,11
-5.15,-0.14,4.14,-3.84,123.88,-11.45,-3.48,5.39,-1.44,-63.78,-115.68,-196.27,11
-5.54,-1.30,3.30,-4.92,123.69,-6.76,-5.28,8.87,-1.43,-2.28,-116.34,-178.72,11
-7.77,-1.22,0.98,-4.52,87.82,-0.08,-7.07,6.27,2.13,-10.76,-24.63,-165.15,11
-8.92,-0.85,0.71,-5.53,70.85,1.15,-9.31,5.81,2.83,-12.91,-20.70,-148.11,11
-9.14,-0.99,0.43,-3.79,53.00,2.98,-9.01,6.01,4.36,-88.88,-29.80,-130.05,11
-9.40,-0.92,0.44,0.27,43.27,-0.49,-9.98,4.66,6.02,-90.13,-19.05,-68.56,11
-9.47,-0.77,0.12,-3.70,15.64,-0.69,-8.49,3.80,5.11,80.98,12.44,7.07,11
-9.72,-0.73,0.16,-0.42,7.94,0.24,-8.58,3.03,4.88,55.27,-4.58,16.08,11
-9.50,-0.84,0.40,1.37,2.34,-1.68,-8.43,0.86,4.38,-25.54,-1.86,1.18,11
-9.70,-0.63,0.29,-3.18,-3.11,-1.04,-9.30,1.92,3.43,-19.37,10.24,-8.48,11
-9.48,-0.85,0.63,-9.85,-17.26,-0.69,-8.95,2.22,4.12,-29.02,3.07,4.60,11
-9.45,-0.86,0.57,-10.92,-23.82,0.31,-8.48,2.82,4.56,-51.13,11.79,9.98,11
-9.56,-1.05,0.59,-10.32,-34.28,0.02,-8.71,3.08,4.26,-57.14,8.68,21.32,11
-9.38,-1.08,0.95,-8.46,-42.00,-1.89,-9.00,3.18,4.73,-61.52,7.34,36.75,11
-8.64,-0.94,1.45,-2.72,-70.73,-2.85,-9.01,4.59,3.72,3.79,16.54,92.27,11
-8.09,-0.55,1.63,-3.66,-82.08,-1.27,-8.67,5.04,2.92,7.19,21.49,120.14,11
-7.34,-0.73,2.06,-0.95,-98.42,-2.08,-8.56,5.61,2.34,28.29,40.40,163.38,11
-6.27,-0.59,1.77,0.63,-118.63,-2.07,-7.92,6.45,0.87,60.17,52.38,202.56,11
-4.20,-0.62,4.69,6.84,-144.20,-2.80,-4.27,7.03,-2.42,135.23,82.82,250.13,11
-3.97,-0.33,4.94,11.46,-139.24,-0.85,-2.96,6.82,-2.43,149.36,92.13,250.13,11
-2.77,-0.66,6.91,12.08,-139.02,0.31,-1.03,5.88,-2.17,163.82,82.51,216.75,11
-1.90,-0.35,9.22,14.79,-132.99,5.68,0.26,6.75,-2.79,167.11,69.79,166.48,11
-0.03,0.46,11.83,3.36,-88.52,-0.96,3.84,8.01,-5.63,93.95,58.63,63.56,11
0.39,0.44,13.47,0.02,-70.85,-2.31,5.23,8.56,-6.30,64.63,56.36,44.72,11
1.59,0.43,15.28,-5.02,-36.60,-2.68,4.69,4.45,-0.79,26.58,3.62,0.33,11
1.44,-0.11,15.66,-1.44,0.88,-6.94,9.23,12.96,-8.74,-13.61,-11.37,7.27,11
0.39,-0.03,12.03,-4.52,77.03,-8.82,3.66,7.01,-3.43,-102.19,-59.51,-29.66,11
-0.33,-0.25,10.61,-7.24,94.92,-9.03,2.24,5.84,-3.94,-116.51,-74.24,-52.63,11
-1.18,-0.21,9.76,-7.98,106.04,-8.92,0.63,6.28,-3.35,-116.44,-78.63,-107.20,11
-2.39,-0.33,8.62,-9.32,111.91,-8.58,-0.13,7.19,-4.16,-170.40,-93.55,-175.24,11
-3.78,-0.41,6.55,-6.80,126.29,-5.80,-3.38,4.85,-1.79,-86.35,-83.92,-249.97,11
-3.84,-0.15,5.09,-3.16,135.00,-5.17,-5.46,8.77,-2.34,-47.87,-91.86,-250.14,11
-5.40,-0.23,3.71,-9.49,128.86,-5.90,-6.10,5.55,-0.20,-83.44,-97.98,-250.14,11
-5.85,-0.43,2.37,-10.53,118.82,-5.53,-9.19,8.75,-0.03,-74.65,-83.70,-230.79,11
-8.18,-0.76,1.11,-16.55,79.84,0.02,-8.76,4.56,2.63,30.73,-8.75,-117.35,11
-8.58,-0.79,0.86,-11.66,67.29,0.04,-9.33,4.72,3.01,54.62,-62.49,-101.47,11
-9.08,-0.80,0.79,-8.89,50.05,0.03,-8.50,4.28,3.21,76.12,-7.76,-57.66,11
-8.94,-1.02,0.67,-2.87,39.21,-0.98,-8.20,3.84,3.43,114.85,-28.82,-38.89,11
-9.47,-0.78,0.57,-0.89,14.37,-0.95,-9.00,4.26,3.37,19.83,11.56,15.47,11
-9.51,-0.91,0.90,-0.66,6.08,-1.72,-9.09,-0.36,6.97,-7.53,7.56,5.05,11
-8.92,-0.63,1.31,-3.33,4.39,-3.02,-9.14,1.14,3.71,-13.76,-5.00,-8.74,11
-9.41,-0.64,0.74,-10.21,0.56,-0.50,-9.17,2.96,3.63,-32.89,-5.14,5.63,11
-9.40,-0.97,0.69,-3.78,-18.44,0.60,-8.87,3.44,3.70,-102.32,8.69,27.50,11
-9.28,-0.63,0.75,-2.63,-26.15,-1.01,-9.55,3.49,4.00,-98.62,9.68,42.85,11
-9.35,-0.68,0.91,-0.26,-37.88,-1.06,-9.39,3.97,1.85,-61.15,36.75,58.63,11
-9.10,-1.04,0.74,2.02,-51.43,-0.18,-9.06,5.04,1.95,-18.67,31.88,94.43,11
-7.83,-0.70,1.09,8.79,-90.21,-2.43,-8.02,5.34,1.70,13.15,61.16,163.90,11
-7.30,-0.26,1.76,8.70,-108.60,-4.40,-7.87,5.95,0.78,51.05,85.36,179.60,11
-5.80,-0.17,1.61,5.11,-124.07,-3.08,-6.41,6.77,0.14,59.44,90.11,199.27,11
-4.97,-0.47,3.10,-4.49,-138.04,4.43,-5.47,7.28,-1.02,101.88,90.95,210.79,11
-3.81,-0.73,7.59,4.27,-136.95,-1.30,-2.18,8.29,-2.41,139.26,104.78,218.14,11
-2.80,0.11,8.14,3.87,-120.96,-1.38,-1.22,8.17,-1.85,149.12,109.72,205.53,11
-2.23,-0.65,9.75,0.92,-107.24,-3.63,0.18,7.07,-3.37,109.90,89.89,168.82,11
-1.38,0.11,11.17,-3.98,-88.55,0.40,1.41,6.27,-3.22,80.69,57.24,128.04,11
0.17,-0.07,13.80,-7.77,-33.88,-1.42,3.99,2.61,-3.04,-1.02,13.40,-6.73,11
-0.31,-0.72,13.72,-0.95,-12.53,-1.25,8.03,8.11,-7.18,28.56,-14.63,-6.88,11
0.35,-0.05,13.87,2.34,19.60,-5.43,8.73,8.40,-6.01,-52.87,1.85,0.18,11
-0.15,-0.14,13.02,1.74,52.63,-3.92,6.16,8.45,-2.89,-70.21,-15.89,-12.23,11
-1.55,-0.51,10.02,-6.78,99.34,-5.44,3.05,8.85,-3.19,-120.94,-42.40,-62.85,11
-2.32,-0.36,8.80,-12.66,107.45,-4.84,2.28,6.22,-3.02,-138.16,-50.49,-94.72,11
-3.22,-0.83,7.72,-10.02,114.69,-4.08,0.46,8.22,-3.76,-110.65,-57.47,-136.69,11
-3.97,-0.54,6.76,-9.63,117.30,-5.46,-0.53,5.32,-1.84,-107.86,-74.49,-170.12,11
-5.38,-0.50,3.65,-5.80,123.14,-4.36,-3.19,4.68,-0.93,-62.51,-119.18,-245.69,11
-5.66,-0.76,2.48,-5.01,119.37,-2.79,-4.57,7.85,-3.39,18.20,-123.92,-229.18,11
-7.41,-0.73,1.69,-6.58,103.38,-4.47,-5.60,5.27,-0.44,58.98,-130.78,-219.72,11
-8.05,-0.89,1.08,-3.24,83.24,-1.24,-9.00,6.00,0.40,33.41,-130.21,-218.40,11
-9.20,-0.64,0.49,-13.56,53.95,-1.33,-11.86,6.05,3.89,-110.74,-9.93,-151.17,11
-9.71,-0.89,0.69,-16.60,44.27,-2.51,-10.27,4.45,2.85,-31.99,-22.88,-95.01,11
-9.66,-1.16,0.42,-9.27,32.61,-0.05,-9.98,5.21,3.84,74.70,-16.62,-12.37,11
-9.49,-0.69,0.58,-2.66,26.11,1.73,-8.60,4.58,3.68,51.25,19.43,8.44,11
-9.58,-0.80,0.23,4.66,7.06,-2.09,-8.44,0.97,7.02,-11.27,-17.72,2.49,11
-9.60,-0.86,0.27,5.29,1.29,-3.64,-8.73,2.73,2.12,-27.46,-4.81,-15.33,11
-9.45,-0.51,0.23,2.06,-4.64,-3.63,-9.89,2.05,3.31,-34.85,-0.34,6.72,11
-9.50,-0.66,0.24,-2.17,-11.42,-1.56,-8.70,1.82,3.67,-36.62,-2.27,7.00,11
-9.69,-0.88,0.64,0.27,-28.55,-0.71,-8.50,2.38,3.94,-76.18,-6.38,20.29,11
-9.40,-0.64,0.76,1.50,-36.37,-1.60,-9.34,5.53,3.57,-88.98,10.27,45.64,11
-9.28,-0.72,0.70,-0.33,-49.08,-1.27,-9.00,4.20,3.45,-83.24,28.03,78.77,11
-9.21,-0.60,0.75,-0.44,-59.82,-1.08,-8.48,4.35,3.22,-62.55,47.27,101.04,11
-7.36,-0.68,1.77,1.34,-97.74,-0.89,-7.12,5.33,1.73,-12.86,53.44,133.24,11
-6.59,-0.63,1.94,2.62,-113.05,-1.18,-7.57,6.30,0.19,-3.81,77.29,156.74,11
-6.29,-0.26,2.62,6.27,-127.11,-1.91,-7.73,7.21,-0.46,2.61,101.71,193.31,11
-4.86,-0.11,3.01,8.01,-139.40,-1.67,-7.07,7.27,-1.90,36.15,113.97,229.34,11
-2.60,0.27,8.74,-9.90,-144.76,-13.82,-3.72,9.47,-3.08,142.53,125.60,250.13,11
-2.36,-1.11,9.47,-17.53,-123.06,-4.37,-0.39,7.36,-3.01,170.08,118.93,250.13,11
-1.72,-1.76,11.35,-16.08,-89.38,-2.49,1.95,7.45,-3.43,163.21,70.94,184.37,11
-0.81,-1.19,12.14,-10.06,-64.16,1.75,3.37,8.59,-1.71,83.72,38.89,95.85,11
-0.40,-1.60,14.01,2.21,-4.59,-0.83,6.97,11.68,-5.39,-56.68,-45.02,-17.00,11
-0.21,-1.34,13.87,4.65,27.97,0.11,6.90,10.45,-4.07,-104.82,-30.22,-34.13,11
-0.76,-0.74,12.89,1.34,62.15,3.38,4.61,9.81,-3.03,-87.74,-58.41,-53.40,11
-1.55,-0.64,11.41,-4.87,89.07,4.62,3.04,10.19,-3.63,-129.01,-72.76,-72.08,11
-3.47,-0.44,7.73,-9.21,122.41,5.11,0.09,8.07,-3.54,-169.73,-73.12,-170.15,11
-3.33,-0.57,7.04,-5.30,130.81,6.11,-0.33,3.99,-2.38,-114.98,-82.53,-191.73,11
-4.40,-0.60,4.85,-3.03,138.44,4.92,-1.90,5.43,-1.41,-59.55,-83.53,-201.73,11
-5.22,-0.37,3.67,-0.31,135.64,4.19,-3.34,5.28,-0.72,-17.49,-99.96,-215.76,11
-7.65,-0.74,1.48,-6.85,101.60,1.65,-6.76,6.10,-0.54,87.15,-140.58,-202.05,11
-8.22,-1.08,0.79,-0.60,82.53,-0.23,-9.37,8.40,0.31,60.37,-141.21,-197.18,11
-8.95,-0.67,0.60,-2.60,61.16,-5.42,-9.57,7.05,2.40,-46.98,-55.68,-162.13,11
-9.29,-1.02,0.45,-0.15,44.11,-4.98,-10.01,5.07,2.61,-68.80,11.69,-134.23,11
-9.15,-0.90,0.48,-4.68,27.92,-4.27,-8.68,4.48,2.90,64.04,-5.24,-7.94,11
-9.59,-0.73,0.37,-1.98,26.34,-4.31,-8.10,4.33,3.26,87.79,7.93,-5.06,11
-9.94,-0.80,0.21,-0.23,15.99,-4.97,-8.46,3.01,7.19,30.74,24.69,5.04,11
-9.42,-1.13,0.39,7.15,10.39,-6.18,-8.30,3.43,4.07,33.10,-24.80,-2.31,11
-9.61,-0.83,0.40,-2.67,-1.60,-4.54,-8.83,1.26,2.97,-41.76,15.72,7.85,11
-9.47,-1.01,0.29,-4.89,-7.18,-1.52,-8.91,1.84,3.67,-17.97,-3.05,1.46,11
-9.37,-1.17,0.32,-4.83,-12.13,0.15,-8.60,4.26,4.14,-30.95,-2.96,2.90,11
-9.59,-1.02,0.16,-1.36,-19.33,-0.50,-8.43,3.41,4.03,-59.52,7.82,9.70,11
-9.74,-0.92,0.44,4.16,-40.43,-4.21,-9.61,4.99,3.75,-93.98,34.87,96.44,11
-9.25,-0.74,0.83,5.93,-51.67,-3.35,-9.72,5.28,3.42,-46.13,47.40,118.48,11
-8.85,-0.82,0.85,3.34,-64.35,-2.68,-8.68,5.74,2.64,-2.41,34.66,140.52,11
-8.31,-0.66,1.07,4.21,-76.91,-2.73,-7.71,6.44,1.57,21.18,56.02,162.55,11
-5.58,-0.75,2.00,13.40,-109.60,6.08,-5.39,6.38,0.31,30.04,72.06,189.69,11
-5.69,-1.64,2.98,19.40,-116.70,5.93,-4.91,7.06,-0.02,42.57,73.58,195.01,11
-5.35,-0.01,3.63,26.19,-127.08,2.11,-4.45,7.21,-0.63,59.11,65.47,198.15,11
-3.84,0.08,5.63,13.30,-138.09,2.36,-2.29,6.75,-1.33,116.79,70.79,201.94,11
-2.40,-0.92,9.47,-2.73,-124.27,18.24,1.72,7.53,-4.00,193.69,71.71,146.78,11
-1.69,-0.26,11.42,3.73,-104.79,17.18,2.87,8.89,-4.22,138.54,61.25,98.95,11
-1.50,-0.00,13.18,6.97,-77.63,10.03,5.01,9.53,-4.44,58.45,66.77,40.48,11
-0.22,0.67,15.18,-1.05,-31.35,3.22,3.28,9.94,4.90,76.72,-27.11,-8.60,11
-1.16,0.64,13.20,-3.69,49.48,-1.12,7.16,8.59,-4.62,-64.47,21.56,-13.12,11
-1.48,0.42,11.51,-6.39,69.90,-3.36,5.05,9.41,-3.31,-76.44,-10.34,-0.43,11
-2.47,0.38,10.18,-12.50,83.77,-5.60,4.68,7.35,-2.31,-68.86,-18.85,5.91,11
-2.57,0.26,9.09,-16.02,95.37,-8.46,3.59,9.31,-2.65,-118.44,-22.56,-17.44,11
-4.38,-0.67,6.58,-20.08,110.62,-7.18,2.67,8.79,-2.00,-141.11,-48.88,-53.47,11
-4.56,-0.40,5.81,-17.40,111.95,-6.67,2.25,5.47,-0.17,-128.53,-62.67,-76.80,11
-5.27,-0.97,4.47,-11.44,114.74,-6.90,1.07,7.63,-0.55,-118.25,-78.91,-117.73,11
-6.02,-0.85,3.24,-9.15,111.19,-7.91,0.61,3.95,0.82,-110.63,-77.71,-147.73,11
-7.33,-0.57,1.88,-5.23,89.76,-5.55,-2.46,4.90,1.25,-36.97,-69.83,-216.60,11
-8.16,-0.35,0.91,-9.18,77.93,-3.53,-5.09,9.11,0.43,-35.05,-57.66,-214.71,11
-8.69,-0.72,0.86,-17.55,60.51,-1.25,-5.25,4.71,1.79,-36.60,-42.53,-231.63,11
-9.27,-0.69,-0.07,-12.76,51.02,-3.08,-9.41,9.49,1.91,-6.59,-13.78,-205.63,11
-9.12,-1.07,0.27,-13.79,27.05,-1.92,-10.45,5.87,4.19,-16.55,-6.32,-139.85,11
-9.19,-1.11,0.05,-10.62,23.22,-1.63,-9.94,5.68,5.23,-111.20,-16.25,-114.66,11
-9.34,-1.20,-0.11,-2.44,17.97,-3.98,-9.84,5.75,5.48,-71.67,40.51,-65.90,11
-9.38,-1.38,-0.16,4.13,13.92,-4.73,-9.30,4.24,5.79,16.22,44.10,-21.77,11
-9.28,-1.42,0.32,11.53,-4.88,-3.82,-7.71,3.00,5.53,11.56,12.93,-2.68,11
-9.38,-1.03,0.42,10.40,-3.41,-3.78,-9.07,3.55,3.34,-55.24,8.79,-3.39,11
-9.50,-0.82,-0.02,2.68,-8.01,-0.75,-9.08,1.19,3.76,-39.31,-1.66,2.30,11
-9.53,-0.99,-0.27,-0.41,-15.62,1.27,-8.69,3.61,4.47,-34.95,-7.15,6.17,11
-9.71,-1.03,0.08,2.18,-39.33,-1.73,-8.74,3.71,4.10,-58.44,5.56,39.59,11
-9.38,-1.01,0.25,2.24,-53.54,-2.28,-8.73,3.77,4.10,-69.18,13.83,58.52,11
-8.93,-0.85,0.62,3.69,-68.90,-1.11,-9.16,4.81,4.03,-53.80,36.69,85.46,11
-8.50,-0.92,0.68,3.27,-79.00,0.62,-9.07,4.40,3.37,-43.37,44.74,108.14,11
-6.43,-0.52,1.49,11.34,-118.02,0.88,-6.33,5.17,1.41,38.84,72.73,156.41,11
-5.47,-0.40,1.70,9.48,-133.78,3.39,-5.13,4.65,0.51,46.41,69.40,165.51,11
-4.94,-0.52,2.75,3.18,-161.50,8.82,-4.36,5.31,0.25,54.28,64.02,167.60,11
-2.99,-0.69,4.74,3.09,-174.66,7.62,-4.46,7.48,-1.18,52.07,66.68,182.95,11
-1.42,-0.22,8.71,8.34,-151.00,-4.94,-2.47,9.51,-2.58,145.59,95.80,220.98,11
0.00,-0.01,9.88,-0.17,-134.95,-3.66,-1.66,10.03,-4.87,196.63,83.53,219.40,11
0.39,-0.66,10.79,-1.84,-117.77,-1.03,0.87,9.03,-6.44,213.47,58.57,189.40,11
1.82,-0.59,13.12,-7.24,-99.82,-2.05,2.89,6.71,-5.20,168.10,51.82,127.53,11
3.83,-0.16,15.59,-6.98,-14.92,1.67,4.86,8.10,2.59,67.01,-47.13,1.21,11
3.34,-0.80,15.11,-0.15,16.23,-0.57,8.60,11.17,-7.87,-39.03,-28.02,-2.20,11
3.03,-0.62,14.11,2.18,59.43,-4.64,7.34,7.54,-6.15,-121.53,16.56,-13.49,11
1.80,-0.56,12.22,2.00,86.82,-3.02,5.24,7.75,-5.95,-115.92,-6.24,-24.15,11
-0.77,-0.41,9.35,-5.95,123.03,-5.34,2.95,8.83,-5.32,-156.16,-13.31,-47.31,11
-1.33,-0.50,8.75,-7.85,131.05,-5.58,2.38,6.12,-3.63,-162.95,-18.91,-90.30,11
-2.09,-0.66,7.72,-6.52,140.75,-6.98,1.21,7.47,-3.89,-116.67,-75.44,-125.08,11
-3.07,-0.42,5.90,-5.76,144.62,-8.43,0.46,3.75,-2.25,-100.50,-101.91,-146.69,11
-4.76,-0.62,3.27,-4.55,144.41,-8.02,-1.67,4.54,0.30,-71.53,-123.47,-214.05,11
-5.75,-0.52,1.90,-4.16,134.27,-6.82,-3.67,7.59,1.13,-26.00,-127.91,-185.24,11
-6.69,-0.51,1.56,-9.65,116.85,-3.41,-3.95,5.36,1.80,-28.50,-106.44,-192.20,11
-8.14,-0.77,0.62,-6.89,97.20,-2.22,-6.96,7.88,0.45,-15.30,-87.11,-206.72,11
-9.22,-0.74,0.31,-10.79,51.73,-0.32,-11.35,5.37,1.93,-44.50,-41.67,-181.67,11
-9.33,-0.46,-0.00,-13.37,40.61,0.74,-11.71,4.77,3.73,-27.56,-32.84,-130.24,11
-9.86,-0.78,-0.38,-20.57,26.12,1.47,-10.04,3.65,3.54,20.76,16.97,-73.24,11
-9.93,-0.92,0.06,-16.84,18.08,2.57,-9.49,3.38,3.90,100.70,32.48,-52.60,11
-9.56,-1.04,0.11,-4.56,-4.44,-1.72,-7.40,8.12,7.76,125.27,-0.69,-0.39,11
-9.33,-1.28,0.46,1.14,-8.83,-3.34,-8.03,3.45,3.10,5.93,1.37,-13.73,11
-9.60,-0.80,0.45,0.50,-7.76,-3.58,-9.65,2.42,3.25,-50.85,-9.81,0.41,11
-9.52,-0.74,0.11,-3.86,-15.86,-1.26,-8.58,2.16,3.03,-78.25,3.72,2.14,11
-9.70,-0.95,0.17,5.02,-42.03,-3.98,-9.08,5.30,2.64,-134.90,3.09,53.90,11
-9.65,-0.86,0.27,7.02,-55.02,-6.38,-9.11,4.34,3.20,-167.34,33.62,73.06,11
-9.07,-0.86,0.43,9.76,-76.11,-4.21,-9.11,3.57,2.87,-116.17,56.66,100.31,11
-8.23,-0.64,0.66,8.72,-96.07,-3.28,-9.04,3.96,2.85,-44.52,47.53,118.18,11
-5.35,-0.02,1.01,7.57,-143.58,2.32,-6.33,5.21,-0.00,34.15,93.46,188.85,11
-3.98,-0.44,2.27,7.88,-157.18,0.22,-6.08,5.46,-0.83,50.78,100.31,212.49,11
-3.88,-0.45,4.85,-0.30,-177.87,0.56,-4.21,4.67,-2.42,93.98,124.27,233.01,11
-1.95,-0.93,5.76,13.16,-160.19,0.00,-4.04,6.32,-3.26,119.88,130.04,229.56,11
-0.61,-0.01,10.15,-3.10,-144.55,3.88,-1.49,8.63,-5.31,167.18,103.25,190.08,11
0.29,-0.93,10.98,-2.79,-128.75,5.10,1.06,8.78,-5.94,192.36,82.08,167.67,11
1.40,-0.55,13.22,-4.26,-106.21,2.08,4.20,8.08,-6.64,133.02,57.04,129.05,11
2.53,-0.27,15.36,4.33,-66.02,3.39,6.32,10.61,-5.97,106.92,44.37,85.87,11
2.80,0.20,15.53,4.09,28.54,-3.18,9.20,12.04,-10.03,-76.02,-20.09,-20.25,11
2.53,0.01,14.18,-0.88,65.17,-2.32,7.20,7.73,-6.15,-121.02,16.77,-15.96,11
1.13,0.26,12.10,-2.37,93.15,-5.13,3.88,7.77,-4.53,-94.92,-37.70,-26.92,11
0.42,0.15,10.49,-8.21,110.47,-6.62,2.47,5.92,-4.38,-129.57,-52.84,-44.06,11
-1.31,-0.33,7.95,-10.72,132.93,-9.06,0.63,5.59,-3.82,-131.40,-73.44,-158.55,11
-2.64,-0.67,6.87,-7.73,137.69,-9.65,-0.45,8.30,-4.23,-130.20,-101.91,-168.69,11
-3.11,-0.22,5.76,-6.79,139.21,-7.81,-1.13,3.97,-2.36,-75.96,-111.21,-175.21,11
-4.47,-0.69,4.30,-8.03,135.74,-6.21,-3.30,4.92,-2.88,-7.78,-147.95,-195.94,11
-6.74,-0.37,2.15,-12.27,107.47,-6.15,-7.05,6.22,-1.07,-15.32,-141.82,-171.32,11
-7.11,-0.90,1.92,-10.87,97.57,-4.11,-6.96,5.62,0.18,-5.46,-119.48,-169.93,11
-7.98,-0.86,1.59,-4.11,83.14,-2.78,-8.26,5.30,-1.21,12.08,-79.14,-167.39,11
-8.57,-0.69,1.13,-5.89,67.39,-1.98,-9.95,5.57,-0.17,-17.19,-72.54,-169.82,11
