-8.72,-0.97,2.63,-176.91,17.17,87.04,-9.00,3.25,-0.73,-151.18,20.95,-1.46,2
-8.57,-1.10,2.40,-161.06,15.79,71.69,-9.34,3.76,0.08,-158.34,21.91,17.25,2
-8.16,-1.00,2.19,-145.59,19.56,60.10,-9.21,4.26,1.22,-153.95,11.75,33.00,2
-8.35,-0.81,1.71,-145.23,22.21,53.53,-9.08,5.01,1.08,-141.31,-1.20,51.95,2
-9.74,-0.24,1.94,-142.64,23.18,46.69,-10.74,8.03,1.39,-100.69,-18.52,128.64,2
-9.57,0.53,2.10,-117.14,7.78,51.99,-12.37,9.55,1.37,-90.66,-9.02,171.28,2
-9.68,-0.15,2.02,-101.48,22.25,40.10,-13.30,10.49,2.38,-99.16,-25.37,228.86,2
-10.41,0.42,2.69,-68.91,-7.12,32.42,-14.38,10.86,2.39,-96.30,-42.32,250.13,2
-8.88,1.48,2.24,-45.85,5.99,31.66,-8.92,7.06,2.72,-46.98,-117.35,250.13,2
-8.44,1.36,1.59,-45.02,0.89,32.51,-5.43,3.20,2.31,-44.52,-99.20,250.13,2
-7.91,1.70,1.68,-50.69,7.65,29.20,-0.63,-0.57,1.29,-44.49,-78.34,243.07,2
-8.16,3.03,1.62,-69.18,3.60,25.73,1.99,-2.66,-0.11,18.82,-40.32,159.29,2
-8.41,1.29,2.71,-77.95,7.60,14.67,3.11,-3.14,0.59,147.83,91.95,-143.37,2
-8.33,1.76,2.14,-56.22,5.56,17.02,0.88,-0.19,1.60,95.09,127.18,-250.14,2
-8.04,0.80,3.00,-38.82,21.39,14.73,-4.16,6.75,3.47,182.66,130.60,-250.14,2
-10.53,1.69,1.71,-52.63,20.59,2.89,-13.06,19.62,0.82,95.61,121.56,-242.02,2
-8.05,-0.90,3.41,4.95,-19.08,-14.58,-4.81,17.42,6.05,-64.96,-14.92,177.32,2
-8.31,1.68,3.05,10.12,-15.05,-22.44,-5.13,10.79,5.04,-109.27,-21.60,241.33,2
-9.05,1.61,2.16,2.20,-14.37,-6.94,-2.35,5.25,3.12,-120.58,-71.61,195.56,2
-8.27,1.18,2.63,-14.95,0.89,-2.66,2.23,0.83,1.05,-89.36,-64.69,132.40,2
-7.54,0.80,2.71,-1.34,-6.63,-3.16,5.81,-3.21,1.32,32.03,72.17,-97.25,2
-8.32,0.53,3.22,6.90,-3.15,-6.04,2.95,-1.94,4.30,65.89,96.62,-193.09,2
-9.42,0.46,2.90,10.81,0.93,-12.05,-5.73,5.34,6.33,79.57,43.73,-250.14,2
-10.41,-0.34,1.88,8.44,-3.58,-20.28,-13.51,6.53,3.03,10.24,4.09,-250.14,2
-7.84,-0.39,3.02,45.63,-22.79,-39.89,-15.16,5.62,0.86,9.05,107.24,-250.14,2
-7.62,-0.26,2.86,71.00,-11.97,-38.79,-14.92,5.07,0.50,19.15,109.68,-243.20,2
-8.25,-0.35,2.90,93.21,-1.02,-40.50,-14.71,5.70,1.40,95.66,69.49,-171.41,2
-8.37,-0.55,2.61,119.62,-0.72,-45.94,-12.27,6.61,-0.59,189.59,17.32,-95.41,2
-9.62,-0.22,1.71,188.92,1.79,-67.02,-8.75,6.64,-0.49,195.55,-41.98,1.77,2
-9.89,0.27,1.72,192.78,-2.94,-72.02,-8.77,5.56,-0.40,193.92,-41.25,18.06,2
-9.42,0.63,1.76,191.83,-8.85,-74.97,-9.04,4.30,-0.13,185.74,-41.82,30.29,2
-8.25,0.93,1.75,196.63,-6.80,-69.90,-9.58,3.44,0.58,183.69,-52.43,41.58,2
-9.58,-0.05,0.47,192.65,-2.19,-75.67,-7.99,1.81,2.51,145.12,-79.68,29.78,2
-9.77,0.63,0.91,194.03,-14.50,-80.40,-7.92,2.69,1.60,175.58,-70.86,21.66,2
-9.49,1.49,1.75,179.08,-13.66,-83.07,-8.54,3.95,1.14,163.18,-96.27,-7.01,2
-8.24,1.08,1.31,162.16,-12.28,-71.80,-8.27,3.99,0.93,167.21,-95.11,-15.82,2
-10.86,0.59,1.65,100.64,-1.11,-38.34,-7.59,5.57,1.46,112.84,-41.60,-32.46,2
-9.42,0.48,3.10,98.31,-12.16,-27.93,-9.29,6.29,1.93,75.50,-29.53,-55.11,2
-9.07,1.16,2.43,76.17,8.79,-23.20,-9.71,5.81,2.69,44.82,-12.27,-47.50,2
-9.27,-0.82,3.21,52.60,-0.56,-19.19,-8.34,4.79,2.40,43.42,-8.32,-17.18,2
-8.32,-0.50,2.44,39.61,5.46,-21.92,-7.77,4.96,1.88,44.46,-24.11,-13.14,2
-8.20,-0.46,2.16,41.05,1.15,-26.45,-7.40,4.54,1.71,56.85,-15.24,6.34,2
-7.65,-0.82,2.28,37.31,-1.04,-30.89,-7.13,4.49,1.43,43.01,-12.73,15.57,2
-7.61,-1.77,2.69,39.21,7.11,-36.58,-7.34,4.04,1.71,42.13,-14.95,17.02,2
-7.82,-0.76,2.58,44.76,14.29,-35.55,-8.02,3.81,1.91,57.44,-31.45,11.18,2
-10.93,-0.97,2.26,35.98,15.79,-34.15,-9.03,3.89,1.94,62.93,-28.92,8.72,2
-11.41,-1.18,1.16,56.67,-12.66,-5.03,-12.10,4.50,1.95,52.05,-20.63,-15.98,2
-9.40,0.97,2.56,2.84,-3.45,4.05,-9.91,3.86,2.17,26.40,-17.18,-26.70,2
-8.74,-2.32,2.70,-26.55,-16.98,13.54,-7.64,4.52,2.99,-100.29,68.62,-61.50,2
-8.22,-2.06,2.58,-11.88,-11.14,7.95,-9.04,4.43,3.03,-107.72,49.60,-85.03,2
-7.76,-1.10,2.44,2.10,-8.03,10.15,-9.74,3.31,2.44,-45.36,4.33,-64.45,2
-7.81,-0.78,2.58,4.60,-3.73,6.25,-9.04,3.05,1.84,36.14,-20.12,-11.92,2
-10.01,0.02,1.96,-5.53,-2.52,-14.11,-7.63,3.90,1.37,5.13,-31.71,28.44,2
-10.65,1.05,1.40,-15.74,-15.32,-6.57,-8.67,4.13,1.21,0.05,-6.21,16.47,2
-10.74,0.90,0.92,-47.47,-18.18,16.74,-9.40,4.89,1.77,-18.48,28.29,0.29,2
-9.59,0.26,0.97,-79.36,-31.64,34.76,-8.85,5.25,2.53,-92.49,58.24,7.16,2
-8.11,-1.16,2.98,-143.11,-28.37,49.82,-8.05,4.89,2.71,-194.39,96.53,-2.05,2
-7.72,-1.33,3.09,-151.82,-18.16,55.47,-8.56,5.49,2.49,-192.03,79.45,-12.41,2
-8.07,-1.47,2.83,-160.54,-6.96,59.56,-9.17,5.18,1.00,-195.63,45.91,-7.79,2
-8.13,-1.56,2.67,-162.79,2.15,66.12,-9.56,4.53,0.06,-172.99,30.86,10.69,2
-8.93,-1.39,2.48,-176.44,12.35,83.85,-9.12,3.74,-1.79,-155.81,42.99,10.08,2
-8.90,-1.56,2.05,-177.19,14.32,85.89,-8.56,3.50,-1.88,-166.60,56.82,-0.99,2
-8.98,-1.37,2.34,-171.83,15.73,77.16,-8.30,3.63,-1.24,-170.52,62.11,-10.05,2
-8.84,-0.90,1.87,-160.87,13.82,64.47,-8.60,4.07,-0.32,-162.31,54.58,-4.91,2
-8.96,-0.93,0.56,-155.50,11.49,45.79,-8.22,5.54,1.37,-120.17,19.25,42.85,2
-8.68,-1.40,0.62,-157.60,9.13,44.53,-8.36,6.56,2.00,-115.22,17.99,59.07,2
-7.85,-2.25,1.30,-148.98,14.76,38.45,-9.65,10.68,3.29,-116.68,11.17,112.01,2
-8.71,-2.13,3.03,-116.23,13.89,36.64,-14.17,15.17,4.95,-118.34,-16.16,223.68,2
-10.56,1.03,2.63,-67.15,7.21,29.28,-16.52,16.02,3.35,-134.50,-175.95,250.13,2
-9.28,0.75,2.41,-50.10,5.23,33.74,-11.75,9.71,-0.08,-101.80,-186.40,250.13,2
-8.74,1.12,1.31,-57.36,27.76,36.47,-5.99,2.54,-1.14,-108.51,-146.13,250.13,2
-8.74,1.31,0.91,-64.41,20.66,36.47,-3.29,-1.43,-1.85,-53.16,-99.31,250.13,2
-8.53,1.75,1.30,-70.47,3.95,41.20,2.64,-7.55,-1.04,94.41,47.20,-29.66,2
-8.32,1.60,1.22,-60.84,0.83,31.84,3.53,-6.17,1.37,113.64,75.32,-167.89,2
-7.78,2.13,1.80,-39.92,-6.22,22.37,4.11,-1.49,3.43,97.57,116.39,-250.14,2
-7.53,1.80,1.17,-47.91,13.50,10.56,-1.98,11.19,9.28,186.00,99.31,-250.14,2
-12.29,1.26,2.19,-57.94,2.56,14.43,-0.19,19.62,10.52,21.97,-7.33,135.18,2
-10.44,-0.61,2.62,-37.88,5.31,-9.41,-0.70,19.62,8.19,-74.11,-29.47,246.73,2
-8.60,0.53,1.10,-23.37,-7.87,-32.08,1.48,7.87,7.98,-95.33,-78.19,250.13,2
-8.96,0.98,1.77,-18.76,-3.24,-18.89,1.16,0.06,2.11,-129.66,-95.17,250.13,2
-8.28,0.26,1.71,10.95,-13.06,-0.29,8.56,-14.02,-1.04,51.24,-1.89,-103.65,2
-7.51,0.37,2.55,21.09,-22.32,-7.89,5.55,-7.95,1.99,54.25,62.24,-250.14,2
-8.22,1.17,1.12,13.07,-8.14,-3.41,-1.14,1.08,6.97,152.31,95.76,-250.14,2
-9.97,2.14,1.13,-14.83,1.17,3.72,-9.31,15.96,4.98,-16.02,52.65,-250.14,2
-9.06,0.07,2.55,30.45,-25.63,-23.15,-6.88,7.48,3.19,-3.40,131.93,-200.90,2
-8.02,0.39,2.59,51.27,-35.27,-36.21,-8.04,5.87,2.18,-58.96,165.54,-239.87,2
-7.74,0.42,2.13,79.46,-21.27,-43.58,-10.78,6.87,1.94,-25.62,159.68,-250.14,2
-8.47,0.29,1.98,103.58,-11.65,-47.83,-11.75,7.45,1.50,89.04,112.36,-250.14,2
-8.62,-0.44,2.04,196.50,-23.62,-74.77,-14.35,9.96,-0.62,250.13,-12.18,-190.93,2
-9.18,0.05,1.43,227.71,-17.95,-87.39,-12.78,10.41,-1.20,250.13,-38.40,-131.21,2
-9.76,0.74,0.64,244.62,-17.92,-94.27,-10.38,9.38,-2.06,250.13,-64.42,-74.48,2
-9.78,1.33,0.41,241.56,-20.64,-95.23,-9.56,7.95,-2.89,250.13,-71.22,-36.29,2
-9.61,0.95,-0.04,239.06,-19.77,-83.68,-8.62,5.16,-1.61,228.15,-33.35,1.70,2
-9.67,1.22,0.26,239.07,-28.69,-83.20,-8.10,4.20,-0.67,226.27,-39.17,1.99,2
-8.78,1.18,0.43,233.40,-34.79,-80.60,-8.43,3.74,0.59,231.18,-57.93,-9.63,2
-8.34,1.62,0.80,229.63,-30.85,-84.93,-9.27,3.58,2.19,212.83,-69.59,-33.73,2
-8.73,1.70,1.95,165.44,-6.86,-74.07,-8.65,5.04,0.86,198.21,-66.02,-20.65,2
-9.68,1.87,2.53,137.95,2.18,-61.22,-9.18,5.29,1.03,165.42,-65.02,-25.08,2
-9.36,1.64,2.53,96.35,13.02,-38.26,-9.35,5.28,0.99,152.95,-47.91,-37.57,2
-8.92,1.54,2.47,53.16,25.54,-16.86,-8.71,5.37,1.96,114.47,-19.35,-45.00,2
-9.22,0.70,1.82,35.24,-8.44,-11.47,-9.92,3.99,2.72,-54.20,27.77,-45.11,2
-8.06,0.80,2.45,24.92,-4.93,-11.31,-9.54,2.42,2.36,-31.16,13.33,-27.13,2
-7.49,0.47,1.82,20.15,6.47,-9.15,-7.69,1.94,2.22,41.95,-2.02,8.00,2
-6.67,-0.44,2.00,22.63,8.41,-18.31,-7.32,2.62,2.88,53.82,-20.59,36.51,2
-11.56,-0.42,1.45,34.88,29.34,-41.87,-8.89,1.45,2.34,22.56,-30.81,26.20,2
-12.63,2.44,1.86,45.55,-47.24,-21.87,-13.13,1.29,1.32,64.31,-4.31,20.79,2
-10.63,3.10,1.39,-30.65,18.79,3.96,-11.53,2.39,1.88,90.92,-19.73,3.28,2
-9.41,0.11,0.57,-27.29,-5.44,23.61,-7.85,3.10,4.15,-8.94,21.84,3.61,2
-8.56,-1.43,2.74,-40.57,-21.85,0.78,-8.64,0.23,2.59,-204.97,71.70,-29.01,2
-8.11,-0.33,2.93,-22.80,-16.91,4.16,-10.16,-0.38,2.21,-72.87,45.73,-52.80,2
-8.19,-0.55,1.98,-18.86,3.49,3.94,-9.73,0.51,1.89,74.99,12.40,-30.06,2
-8.07,-0.93,2.04,-15.30,4.11,-2.23,-8.80,2.87,1.72,116.91,-39.65,15.16,2
-11.19,0.55,0.28,-3.15,3.91,-24.27,-8.12,4.28,3.29,-93.34,-29.58,20.08,2
-11.71,1.35,-0.26,-8.92,-35.56,-7.65,-9.35,3.99,3.34,-85.02,38.42,17.79,2
-10.21,1.70,1.08,-65.05,-38.28,23.92,-9.36,4.87,2.39,-60.84,41.58,20.39,2
-8.84,-0.11,1.82,-107.03,-33.23,43.26,-8.78,4.85,3.06,-119.75,55.40,42.83,2
-7.78,-0.66,2.71,-181.68,-10.09,61.72,-8.44,3.56,1.06,-202.89,76.27,44.33,2
-7.58,-0.34,3.06,-199.87,-2.91,73.09,-8.73,3.81,0.64,-197.91,76.40,27.54,2
-8.56,-0.82,1.88,-219.76,17.02,80.71,-9.51,4.27,-0.13,-183.08,77.02,15.62,2
-10.43,-1.22,1.26,-221.27,15.43,84.98,-10.22,4.95,-0.89,-159.35,56.19,17.36,2
-9.30,-1.92,1.45,-193.44,15.94,88.19,-9.41,4.71,-0.27,-186.05,54.15,39.24,2
-9.00,-1.86,1.87,-172.55,8.17,76.98,-8.70,5.03,-0.27,-180.20,54.46,43.04,2
-8.52,-1.05,1.29,-158.59,16.32,58.75,-8.14,6.32,-0.13,-144.18,33.94,62.26,2
-8.99,-0.69,1.00,-150.72,14.27,51.37,-7.49,9.15,0.35,-99.27,9.26,107.70,2
-8.79,-0.77,1.46,-139.88,3.02,34.23,-8.27,13.75,3.91,-70.69,-9.43,242.18,2
-9.44,-0.85,3.00,-132.17,3.60,26.40,-9.19,15.18,4.27,-92.51,-19.96,250.13,2
-9.50,0.37,2.45,-105.67,-8.52,26.02,-10.87,18.29,3.31,-110.32,-52.57,250.13,2
-7.91,0.01,2.32,-95.21,9.50,15.25,-11.41,17.94,3.06,-119.34,-111.27,250.13,2
-8.79,0.60,2.31,-67.25,10.19,22.65,-1.59,2.19,-1.13,-40.93,-142.21,250.13,2
-9.08,0.33,1.83,-72.13,36.33,24.57,0.18,-0.69,0.82,-20.89,-140.75,250.13,2
-8.89,-0.12,1.11,-68.13,17.46,29.48,3.63,-7.38,0.19,123.30,-55.71,135.52,2
-8.09,0.48,1.31,-57.78,4.37,27.95,4.88,-8.01,0.70,121.87,60.63,-21.94,2
-7.44,1.19,1.95,-52.79,17.22,24.96,3.61,1.73,5.17,81.86,107.70,-250.14,2
-7.80,0.91,1.07,-56.25,35.52,20.82,-1.60,12.39,8.53,114.46,110.31,-250.14,2
-11.83,1.30,-0.16,-81.63,34.65,20.59,-7.23,19.62,5.25,-77.01,57.05,-68.48,2
-11.99,-0.91,1.74,-49.75,-31.73,17.47,0.96,19.62,8.89,40.01,-17.51,148.02,2
-9.02,1.14,1.58,-13.51,-1.91,-9.55,4.25,0.75,4.19,-45.93,-92.44,250.13,2
-9.65,0.90,0.59,-21.05,-10.95,10.60,4.89,-3.69,2.70,-17.53,-96.99,211.53,2
-8.18,0.40,2.42,-2.80,-5.50,8.78,9.39,-10.58,0.97,43.07,-52.29,81.55,2
-7.61,0.57,2.17,6.83,-10.96,-1.99,10.78,-13.23,1.69,14.76,8.21,-112.11,2
-8.73,0.77,2.01,7.53,13.66,5.95,0.70,-1.52,4.15,48.52,114.24,-250.14,2
-9.65,1.06,0.88,4.58,17.89,5.09,-10.38,10.13,4.76,14.94,77.72,-250.14,2
-12.46,0.40,-1.77,-7.60,-6.37,10.02,-14.97,12.29,7.73,-157.76,41.34,-247.60,2
-10.32,-1.10,1.02,35.44,-45.60,-11.82,-7.95,8.15,2.97,51.63,117.11,-140.75,2
-7.68,0.97,2.66,91.76,-40.82,-45.12,-10.54,4.53,1.18,-9.71,140.24,-246.32,2
-7.30,0.61,2.48,107.49,-22.21,-44.43,-13.74,7.35,1.82,60.45,106.79,-250.14,2
-8.23,0.47,1.74,123.56,-8.46,-41.65,-15.59,10.53,2.82,120.41,68.66,-250.14,2
-8.79,0.24,1.65,150.81,-12.37,-50.21,-14.79,10.74,3.14,171.73,48.55,-209.73,2
-9.99,0.41,1.04,213.34,-13.02,-79.56,-9.77,8.64,0.18,206.82,-22.21,-83.40,2
-10.06,0.79,0.47,223.90,-21.68,-83.79,-9.84,7.59,-0.66,241.87,-43.47,-41.91,2
-9.69,1.01,0.93,228.01,-23.87,-81.54,-10.41,6.37,-2.91,250.13,-53.27,9.94,2
-9.93,0.85,0.30,235.31,-22.82,-70.32,-9.67,4.87,-2.50,250.13,-60.10,33.71,2
-8.39,1.26,0.16,237.48,-26.95,-79.08,-7.30,2.92,1.36,184.65,-50.32,-2.75,2
-9.28,1.55,0.01,232.07,-32.68,-83.79,-7.84,2.80,1.28,189.51,-56.11,-25.82,2
-7.75,1.72,0.99,214.15,-31.49,-78.62,-8.83,3.68,1.47,213.78,-76.72,-45.00,2
-7.52,2.32,1.32,179.09,-21.07,-63.02,-8.43,4.77,1.52,215.01,-91.47,-44.45,2
-9.69,1.55,1.69,105.05,-11.15,-33.36,-9.65,5.86,1.50,120.18,-40.76,-45.44,2
-9.41,1.32,2.49,53.44,-4.02,-29.05,-7.88,5.20,1.65,92.68,-15.99,-39.27,2
-9.40,1.58,2.54,51.98,-18.70,-17.92,-8.22,5.24,2.11,42.06,7.39,-31.40,2
-8.74,1.77,2.94,49.63,-11.46,-21.92,-9.45,4.11,1.71,19.86,9.47,-31.36,2
-6.59,0.06,2.57,28.75,7.80,-14.86,-7.34,2.74,3.51,40.11,-12.02,15.12,2
-6.32,-0.43,2.55,35.57,11.71,-23.90,-7.17,2.19,3.66,17.89,-20.51,16.69,2
-6.68,-0.66,1.97,47.93,27.54,-36.66,-8.03,1.43,3.77,24.89,-26.34,16.60,2
-13.12,0.77,0.55,37.31,5.99,-44.35,-9.74,1.80,1.49,94.15,-24.29,30.23,2
-10.90,1.43,1.70,-24.92,14.69,13.63,-10.09,4.08,3.78,46.84,-28.79,-19.25,2
-8.97,0.92,0.82,-42.42,3.81,16.05,-7.86,4.08,4.69,-95.32,27.64,-20.71,2
-7.81,-0.84,1.91,-51.90,-7.24,11.37,-7.20,3.04,3.86,-190.56,87.06,-3.77,2
-8.59,-1.06,1.71,-37.27,-25.78,7.84,-8.74,2.36,2.78,-146.36,101.25,-18.93,2
-8.12,-0.96,2.04,-10.20,-8.45,1.00,-8.58,2.33,1.53,35.24,-41.75,22.98,2
-7.99,-0.83,1.92,-9.72,1.66,-9.01,-8.26,3.35,1.78,66.77,-67.37,42.34,2
-8.38,-0.61,1.43,8.73,5.98,-16.40,-7.66,4.90,3.24,-11.15,-54.98,41.33,2
-10.56,-0.43,1.26,30.70,-5.99,-20.80,-9.31,4.63,3.16,-67.47,-16.17,43.59,2
-9.95,2.26,1.19,-57.63,-20.44,15.85,-7.80,4.65,3.99,-46.85,24.71,45.91,2
-9.34,1.37,1.09,-109.08,-24.16,29.20,-6.13,5.73,4.20,-77.34,39.95,46.29,2
-8.00,0.77,2.55,-151.06,-24.95,47.17,-6.14,6.79,4.04,-154.33,74.78,40.28,2
-7.89,0.03,2.30,-190.36,-12.39,58.44,-6.75,7.90,3.35,-215.17,107.79,34.79,2
-8.64,-1.44,1.38,-214.15,15.15,72.92,-9.88,6.90,-0.08,-198.85,66.80,60.47,2
-10.03,-1.09,1.04,-210.89,13.92,76.03,-9.95,6.23,-1.58,-153.27,49.63,77.96,2
-9.93,-1.26,0.99,-210.30,12.79,81.24,-9.19,5.49,-1.68,-99.05,34.28,93.37,2
-9.55,-1.69,0.71,-206.23,14.88,77.53,-8.80,5.26,-1.00,-108.21,62.16,93.50,2
-8.66,-1.44,1.22,-162.01,12.79,57.07,-7.41,5.37,-0.69,-136.65,118.47,67.26,2
-8.50,-1.42,1.39,-147.75,13.79,50.04,-7.39,5.82,0.11,-129.20,103.83,70.36,2
-8.64,-1.38,1.48,-136.61,16.12,38.53,-7.61,6.59,1.39,-112.10,74.07,79.80,2
-8.88,-1.27,1.55,-124.19,14.31,34.00,-7.31,7.62,2.90,-96.94,49.51,89.84,2
-8.81,-0.23,1.22,-110.89,8.94,24.71,-6.27,11.63,6.43,-60.59,20.53,160.82,2
-9.10,-0.39,0.98,-102.76,-4.31,30.44,-5.99,13.87,8.01,-66.60,-7.67,202.18,2
-9.74,0.68,2.24,-87.55,1.06,24.83,-6.50,16.25,7.84,-106.79,-68.05,250.13,2
-10.30,0.96,2.04,-78.44,-10.01,16.49,-5.83,15.32,7.24,-100.74,-109.51,250.13,2
-9.19,1.10,1.03,-71.28,13.86,20.31,-2.26,4.12,1.13,-22.96,-144.92,250.13,2
-8.59,0.71,1.26,-66.10,7.70,28.85,-0.49,0.84,0.35,37.92,-100.60,242.46,2
-8.27,0.89,1.21,-65.99,3.14,33.53,2.30,-4.36,-0.59,76.01,-13.69,170.12,2
-7.88,1.06,1.98,-58.41,-0.44,31.47,4.90,-8.79,0.61,84.08,31.78,11.37,2
-7.94,1.59,1.66,-42.53,16.92,13.90,1.96,1.51,4.70,87.32,105.98,-250.14,2
-8.30,1.70,1.83,-46.19,29.59,9.18,-4.85,14.06,9.09,137.33,87.04,-250.14,2
-12.06,1.27,-0.51,-67.17,35.72,13.18,-8.30,19.62,5.18,-41.28,50.93,-56.37,2
-11.40,-1.24,1.92,-39.09,-9.28,12.73,2.52,19.62,10.63,28.14,-3.17,124.30,2
-8.23,1.20,1.74,-4.09,-8.40,-13.51,4.25,1.79,4.85,-99.37,-94.98,250.13,2
-9.06,0.98,1.32,-12.63,-4.71,2.98,3.55,-0.84,2.72,-25.98,-94.69,236.76,2
-8.31,0.99,2.35,-1.27,-1.54,2.18,6.66,-6.01,2.26,27.50,-65.40,168.02,2
-8.41,0.61,1.54,20.47,1.15,-9.27,10.58,-12.24,0.57,27.94,7.84,-35.40,2
-8.69,1.32,1.37,9.64,6.83,-10.62,2.89,-2.55,4.81,-8.90,95.24,-250.14,2
-9.97,0.88,1.26,-1.24,14.15,-5.00,-4.10,5.21,5.44,6.64,85.65,-250.14,2
-10.73,-0.14,0.21,-8.21,2.41,-5.45,-10.58,9.17,2.33,-100.98,151.19,-250.14,2
-9.76,-1.01,0.75,6.74,-22.63,-7.11,-11.06,4.32,2.83,-145.74,176.66,-220.34,2
-9.18,1.16,1.00,25.83,-30.89,-9.50,-14.09,4.03,4.36,88.37,204.94,-221.09,2
-8.90,1.30,1.85,31.24,-33.84,-7.89,-17.48,5.67,4.56,126.82,150.68,-250.14,2
-8.12,0.51,2.29,43.92,-22.40,-17.05,-19.38,7.47,3.22,143.01,107.47,-250.14,2
-8.23,0.01,2.24,69.02,-10.42,-27.87,-18.61,9.32,3.75,167.50,103.87,-209.35,2
-8.89,-0.20,1.82,168.76,-10.57,-53.01,-9.47,6.88,-0.45,135.56,78.53,-44.98,2
-9.20,-0.21,1.06,190.98,-8.44,-62.63,-8.38,6.62,-1.53,210.97,39.37,-3.87,2
-9.92,-0.17,1.05,218.13,-14.20,-75.87,-8.33,6.85,-1.57,250.13,-21.84,43.54,2
-9.79,0.42,0.97,242.83,-26.67,-84.11,-9.52,5.62,-0.75,250.13,-54.82,66.98,2
-8.55,0.98,0.09,245.15,-11.42,-75.11,-9.77,1.40,3.33,165.52,-68.15,14.27,2
-8.34,0.65,-0.12,233.73,-2.01,-71.53,-8.95,-0.67,3.07,93.73,-61.57,-28.24,2
-8.84,0.56,-0.30,229.38,-14.40,-70.66,-9.15,0.61,2.79,111.72,-30.54,-14.50,2
-8.80,1.21,-0.21,202.77,-10.55,-78.21,-9.25,3.02,1.43,217.70,-55.78,8.11,2
-11.12,0.80,1.82,140.45,1.89,-63.24,-7.73,3.96,1.08,191.50,-112.08,17.01,2
-10.11,0.00,1.60,137.17,-16.47,-47.25,-9.23,4.73,1.32,187.44,-72.90,-1.68,2
-9.20,0.69,1.79,93.80,9.56,-34.95,-8.69,5.19,1.49,133.49,-51.52,-39.21,2
-10.29,-0.49,1.37,82.21,7.12,-10.78,-8.92,4.39,2.18,74.36,5.17,-42.66,2
-8.64,1.39,1.17,52.50,3.20,-6.89,-8.37,2.77,3.28,25.42,17.44,-36.82,2
-7.81,0.68,1.47,41.61,-4.80,-6.14,-7.25,2.62,3.12,58.05,12.51,-21.53,2
-7.02,-0.19,2.11,33.94,-2.60,-15.07,-6.57,3.24,3.54,63.77,-1.54,-14.47,2
-6.52,-0.71,2.40,33.57,8.15,-28.30,-7.18,3.13,3.42,55.72,-13.50,-18.10,2
-12.00,0.44,-0.03,47.10,-1.40,-10.12,-11.32,3.89,2.55,108.14,-17.44,-16.12,2
-11.52,2.94,2.68,16.63,-8.05,-10.55,-13.17,3.91,2.00,97.02,-23.12,-8.66,2
-10.22,3.00,0.17,-36.98,14.35,13.73,-10.37,3.59,3.84,56.21,-9.73,23.95,2
-9.53,0.86,0.57,-50.49,-3.68,25.33,-7.89,4.15,4.57,-89.26,27.75,25.22,2
-9.27,-1.10,3.81,-63.26,-17.77,3.15,-8.17,0.60,2.79,-196.50,51.51,-22.21,2
-7.48,-0.36,3.69,-25.73,-33.98,13.56,-11.09,0.75,2.86,-117.53,19.71,-46.60,2
-8.08,0.31,2.17,-27.43,17.50,6.56,-10.49,1.28,2.38,-27.00,-50.40,-37.43,2
-7.99,-0.52,0.69,-6.75,15.60,-1.26,-8.21,1.37,1.29,82.66,-75.34,20.91,2
-10.49,1.22,1.03,17.50,-46.24,-16.27,-9.63,3.55,1.96,2.41,-26.07,57.87,2
-10.35,1.69,1.47,-19.28,-23.32,0.36,-8.97,3.72,2.05,14.91,3.08,40.92,2
-9.55,0.06,1.08,-56.15,-28.25,26.40,-7.28,4.46,2.84,5.47,40.32,34.74,2
-9.21,-0.45,2.00,-87.28,-44.73,31.44,-6.85,4.97,2.69,-93.76,93.31,27.24,2
-7.58,-0.26,3.02,-145.00,-27.89,63.11,-8.14,6.08,3.21,-135.31,86.02,6.89,2
-7.65,-0.32,4.02,-164.62,-11.35,66.25,-8.89,6.50,2.39,-152.35,70.89,20.31,2
-7.78,-0.12,4.46,-186.56,-2.99,72.82,-9.67,6.35,1.76,-174.10,68.49,36.32,2
-8.36,-0.52,3.02,-187.87,24.69,90.38,-10.06,6.83,-0.05,-171.55,65.78,34.48,2
-9.24,-0.48,2.24,-169.88,29.00,74.08,-9.90,5.91,-2.39,-156.36,58.43,95.40,2
-8.57,-0.03,2.57,-172.91,22.28,64.94,-9.16,6.21,-1.87,-124.55,50.60,123.52,2
-8.70,-0.32,1.72,-169.09,25.52,49.64,-7.77,7.29,-1.51,-108.69,47.10,148.71,2
-7.50,-0.49,1.59,-162.61,22.49,43.12,-6.51,8.93,0.50,-93.63,45.92,169.02,2
-8.62,-1.32,0.96,-147.63,24.70,40.93,-4.93,14.23,4.22,-106.94,19.92,246.83,2
-9.97,-0.90,1.59,-132.52,19.20,35.65,-5.05,15.26,4.01,-115.98,3.94,250.13,2
-11.75,1.31,1.45,-112.60,10.52,37.29,-5.75,16.04,4.97,-113.47,-31.60,250.13,2
-11.39,1.25,1.70,-119.07,0.08,42.31,-4.33,13.90,4.20,-65.40,-79.05,250.13,2
-9.09,0.72,1.22,-84.11,15.49,21.12,0.45,1.58,0.91,36.53,-48.22,250.13,2
-9.27,0.71,0.87,-84.82,5.21,24.73,1.14,0.08,0.77,55.82,-24.73,234.79,2
-8.49,0.97,1.71,-86.99,1.18,31.27,3.39,-6.21,-0.91,163.91,28.99,107.18,2
-7.99,0.67,1.33,-76.25,9.48,23.12,3.56,-7.96,-0.16,218.88,58.08,-88.92,2
-6.07,0.97,1.63,-60.37,13.24,13.07,-0.86,10.70,8.25,225.39,93.91,-250.14,2
-10.88,1.15,0.47,-83.23,53.16,6.32,-6.03,19.62,2.33,-11.53,40.50,-137.16,2
-12.63,-3.69,0.03,-56.69,-0.31,11.21,1.18,19.62,12.42,18.76,-4.02,105.16,2
-9.08,-2.74,2.64,6.60,-2.13,-21.42,5.13,15.32,8.64,-103.75,-58.95,200.36,2
-8.46,1.29,1.07,5.52,-5.90,8.66,3.77,-1.08,1.02,-60.89,-76.56,191.50,2
-9.73,1.30,1.12,-3.66,-5.88,13.92,6.29,-5.55,-0.30,-3.15,-52.01,128.18,2
-8.91,0.25,1.63,10.90,-7.44,-1.15,8.73,-7.96,0.63,21.44,1.16,0.66,2
-8.53,0.93,1.52,16.98,-14.23,-6.63,10.21,-6.78,3.53,5.73,7.79,-125.21,2
-8.61,0.83,1.93,3.46,16.63,2.96,3.89,0.84,5.42,116.85,57.25,-250.14,2
-10.26,0.98,0.77,-6.39,19.18,7.08,-5.25,12.79,3.95,49.21,30.28,-250.14,2
-10.92,0.23,-0.58,-12.44,-2.08,13.66,-8.87,13.26,5.97,-162.60,52.42,-181.52,2
-9.21,-0.39,1.14,3.03,-23.54,2.27,-4.14,6.85,4.88,17.98,74.68,-102.44,2
-8.84,1.07,1.12,13.46,-25.78,-2.38,-4.84,3.69,1.70,18.12,73.87,-204.71,2
-8.78,0.77,1.89,33.25,-24.38,-3.32,-7.69,6.68,1.69,31.82,78.79,-250.14,2
-8.57,0.76,1.71,59.86,-24.59,-15.67,-12.04,9.39,3.43,-13.54,89.73,-250.14,2
-8.72,0.79,1.13,87.74,-20.24,-32.45,-14.02,10.16,3.42,33.69,115.50,-250.14,2
-9.26,-0.11,2.05,149.10,-20.94,-53.51,-10.97,9.08,2.11,150.60,13.00,-141.82,2
-8.47,0.34,1.40,175.21,-22.67,-57.43,-9.83,8.11,2.04,186.08,-39.34,-99.50,2
-9.44,0.29,0.97,192.02,-10.31,-66.60,-9.22,7.39,1.46,209.57,-82.11,-57.06,2
-9.87,0.65,1.33,207.54,-21.53,-73.42,-9.85,6.66,0.70,208.64,-91.50,-21.89,2
-8.67,1.07,0.03,208.27,-19.89,-72.70,-9.27,4.22,0.61,192.24,-77.19,16.94,2
-8.17,1.71,0.42,181.89,-10.18,-62.85,-8.43,3.64,1.13,189.25,-88.61,13.99,2
-8.18,1.26,0.47,162.02,-6.77,-55.52,-6.57,3.01,2.78,171.02,-82.92,12.37,2
-8.51,0.46,1.53,180.37,-20.63,-51.44,-7.82,3.19,3.25,122.31,-73.00,-8.94,2
-10.86,0.35,1.16,169.99,10.49,-60.42,-10.23,3.13,2.58,138.90,-84.80,-40.21,2
-10.73,0.46,0.63,168.26,-7.51,-60.94,-9.85,4.50,1.93,157.44,-89.08,-41.14,2
-8.80,1.48,0.51,147.94,8.50,-47.36,-8.61,5.26,1.88,155.36,-93.56,-46.40,2
-9.51,1.05,0.80,108.83,17.34,-32.47,-6.50,5.44,2.18,139.73,-73.87,-41.06,2
-8.44,0.73,2.65,58.30,-31.24,-17.92,-8.37,6.29,1.71,45.52,7.78,-71.38,2
-7.06,0.26,2.66,51.18,-4.74,-12.40,-8.70,5.61,1.89,60.30,11.03,-64.31,2
-6.91,-0.19,2.05,52.06,5.65,-9.51,-7.46,4.90,2.67,61.09,5.83,-30.83,2
-6.38,-0.99,2.60,49.11,14.26,-26.11,-6.74,4.62,3.20,53.64,-11.38,-2.69,2
-11.21,1.39,2.44,58.85,-24.73,-27.40,-10.72,4.52,2.50,68.45,-32.35,-2.88,2
-10.75,3.74,2.04,5.31,12.42,-5.28,-10.13,4.88,2.59,89.15,-35.96,-16.73,2
-10.21,0.98,1.50,-16.98,14.21,15.18,-8.84,5.03,4.20,52.44,6.47,-11.63,2
-8.66,-0.41,0.50,-33.57,4.41,8.34,-7.07,5.24,3.90,-70.29,63.07,-11.94,2
-8.49,-0.99,2.59,-12.12,-30.67,-1.51,-9.03,2.60,2.75,-74.79,39.92,-24.12,2
-7.20,-0.34,3.16,-20.49,0.24,-1.85,-10.47,3.19,2.62,-6.11,-6.76,-27.11,2
-7.59,-0.48,1.97,-16.81,21.88,3.82,-8.82,3.03,2.23,66.91,-48.89,7.22,2
-7.75,-1.63,1.07,-11.76,17.98,1.79,-7.79,3.91,2.76,70.37,-37.83,39.14,2
-10.98,1.28,1.13,10.91,-15.72,-11.24,-9.60,4.39,2.77,-61.39,-3.78,10.11,2
-10.70,2.02,0.03,-21.63,-5.87,-0.26,-8.74,4.79,3.14,-35.39,2.00,12.40,2
-9.91,1.01,0.30,-52.31,-19.44,12.70,-6.48,5.83,3.28,-59.73,22.01,30.61,2
-9.80,0.91,0.41,-80.11,-36.60,16.68,-6.00,6.42,3.28,-120.88,43.66,30.48,2
-9.39,0.85,0.12,-205.10,-51.95,53.96,-6.56,8.72,0.97,-142.11,116.74,47.50,2
-7.98,-1.49,-0.80,-238.14,-37.19,83.19,-8.37,9.29,-0.42,-197.25,137.42,48.60,2
-8.44,-3.57,1.42,-250.14,-20.66,90.37,-9.22,8.40,-1.40,-250.14,159.60,54.94,2
-6.48,-3.85,2.00,-250.14,-1.19,109.60,-9.99,8.13,-2.85,-250.14,160.90,50.87,2
-9.15,-1.51,1.39,-210.34,6.63,94.76,-9.71,6.86,-3.04,-162.34,59.02,106.66,2
-9.28,-1.55,1.44,-196.45,10.63,97.79,-9.04,8.95,-1.73,-125.23,33.24,137.55,2
-8.81,-0.99,0.89,-180.23,11.89,79.73,-7.60,11.51,-0.81,-110.51,22.44,183.46,2
-8.01,-0.44,0.54,-172.66,16.78,60.56,-6.63,12.49,2.86,-116.33,46.92,241.33,2
-9.72,-0.43,1.88,-162.49,-8.50,38.37,-6.76,15.30,5.17,-136.61,-25.77,250.13,2
-7.81,0.16,2.11,-142.66,3.69,36.31,-6.78,15.74,4.74,-98.44,-71.86,250.13,2
-8.71,-0.26,1.66,-127.80,24.31,31.31,-6.23,10.62,3.49,-84.69,-112.79,250.13,2
-9.48,-0.90,2.09,-103.18,19.47,25.49,-3.14,3.89,1.71,-32.15,-127.37,250.13,2
-9.01,0.12,2.10,-42.60,13.37,23.23,2.58,-3.19,1.78,96.22,-103.08,109.33,2
-8.66,-0.18,1.14,-34.70,11.44,16.65,3.67,-7.64,1.35,149.66,22.24,6.48,2
-8.17,0.42,1.91,-31.22,-0.58,10.52,4.45,-10.61,-0.23,150.47,58.50,-178.65,2
-7.21,1.13,2.56,-27.49,-18.95,19.69,3.03,-4.64,3.14,110.24,96.74,-250.14,2
-11.06,2.21,0.95,-61.83,39.73,10.15,-11.99,19.62,2.31,-52.05,86.54,-100.31,2
-13.88,0.19,-0.66,-57.36,2.18,27.80,-0.36,19.62,13.41,0.39,-56.21,175.67,2
-9.33,-1.49,3.40,-18.76,-3.58,-15.02,2.09,16.77,8.77,-147.88,-127.50,250.13,2
-6.52,0.17,2.20,-8.90,1.97,-28.39,-0.52,0.33,2.10,-108.79,-95.52,250.13,2
-7.52,-0.02,2.18,0.70,-20.90,25.95,5.86,-19.62,-7.57,13.10,21.81,-202.84,2
-6.19,-0.55,3.82,27.66,-1.51,-9.63,-2.97,-19.62,-0.23,153.38,162.24,-250.14,2
-6.58,0.44,1.06,17.30,2.44,-36.94,-13.42,10.12,-3.10,250.13,104.34,-250.14,2
-15.90,3.38,-5.97,-71.69,39.37,-1.39,-12.15,19.62,9.08,-31.51,-81.23,-46.44,2
-9.17,-0.28,2.72,33.72,3.63,-42.60,0.31,3.67,4.06,-53.31,57.61,-78.44,2
-9.41,0.35,-0.61,46.47,-9.22,-23.89,-3.14,3.15,2.88,-92.25,35.91,-201.13,2
-8.71,0.56,2.39,54.07,-26.43,-16.22,-7.21,4.01,0.82,-59.27,158.34,-202.11,2
-7.26,0.61,2.55,63.43,-9.40,-33.79,-11.08,8.13,0.59,21.74,109.60,-250.14,2
-9.47,-0.73,1.22,153.27,-4.56,-48.54,-10.79,8.58,1.30,133.56,-20.94,-194.73,2
-9.60,-1.01,1.15,178.89,-10.40,-62.19,-10.67,8.81,1.36,203.43,-59.37,-175.69,2
-9.87,-1.33,0.85,220.16,-15.73,-71.92,-11.28,9.70,-0.13,240.16,-69.56,-125.63,2
-10.00,-1.06,0.90,241.98,-24.74,-75.55,-11.56,9.19,-1.65,216.66,-82.27,-95.90,2
-9.40,0.45,-0.16,250.13,-9.01,-63.61,-8.79,5.90,0.81,219.95,-75.95,-32.06,2
-8.99,1.07,-0.25,249.66,-8.16,-62.85,-8.02,5.61,1.71,220.02,-98.19,-27.45,2
-9.05,1.26,-0.33,227.61,-5.21,-66.92,-7.76,5.22,2.47,226.29,-115.73,-28.33,2
-8.50,2.13,0.26,201.08,-4.19,-61.34,-7.22,5.02,2.54,201.79,-105.89,-23.77,2
-10.45,0.96,0.60,157.21,-1.19,-48.18,-8.50,4.23,2.92,116.23,-48.71,-37.56,2
-9.28,1.56,0.41,148.27,-5.66,-46.24,-9.29,4.19,3.11,118.16,-46.37,-43.04,2
-8.56,1.06,-0.34,138.41,-4.82,-37.25,-7.85,3.92,3.37,121.96,-54.32,-34.57,2
-7.63,2.39,1.29,117.08,-0.99,-45.52,-6.08,3.77,3.42,115.08,-54.35,-11.11,2
-7.69,3.50,4.11,78.08,-10.36,-14.45,-10.30,6.69,3.37,90.68,-41.23,-64.03,2
-11.04,0.03,0.07,60.01,35.94,-8.06,-9.35,5.64,4.85,90.05,-29.87,-47.37,2
-8.87,0.32,2.88,47.31,-41.37,-9.13,-7.59,2.92,1.74,48.62,46.03,-8.89,2
-5.32,0.33,0.79,8.97,16.37,-5.07,-7.40,4.46,4.72,27.11,17.95,-28.79,2
-10.16,-0.07,2.74,55.48,17.93,-46.31,-8.79,2.70,3.59,30.79,-23.57,-24.96,2
-11.28,1.66,1.14,61.22,-3.27,-28.81,-11.93,3.87,2.91,71.95,-29.59,-17.15,2
-9.58,2.23,1.32,18.36,1.02,4.18,-11.69,3.94,3.68,124.85,-82.21,-10.36,2
-8.12,1.79,1.37,-16.62,9.81,11.48,-6.98,3.39,3.01,86.12,-21.56,29.44,2
-8.59,1.25,2.32,17.15,-61.47,-6.61,-9.21,1.55,2.70,-111.55,69.32,-13.36,2
-7.83,1.10,2.89,-60.82,-8.11,11.51,-7.93,1.24,2.78,-9.51,30.04,-32.56,2
-8.85,-0.72,1.78,-15.35,-32.99,23.29,-8.63,3.74,3.15,6.37,42.12,-34.22,2
-7.70,-0.21,2.55,-24.98,0.07,-5.73,-9.35,3.78,3.47,-33.87,-6.50,-36.18,2
-9.93,-0.13,2.51,-12.98,20.05,-11.66,-7.87,3.87,3.70,-17.77,-10.05,15.40,2
-11.83,1.56,1.29,-8.99,-18.65,-8.76,-9.87,4.62,2.85,-21.10,4.28,15.67,2
-9.20,2.97,1.05,-56.66,-0.02,15.05,-9.90,5.16,4.34,-6.88,-37.55,24.64,2
-9.69,1.11,0.18,-88.66,-15.29,27.41,-6.52,4.74,3.69,-61.59,12.99,69.05,2
-8.80,1.55,0.74,-164.91,-30.44,26.11,-6.51,6.25,3.45,-170.28,85.63,48.23,2
-10.27,1.84,0.05,-229.34,-11.95,46.02,-8.31,7.48,1.30,-163.95,86.50,38.76,2
-8.85,-3.45,0.82,-189.82,-14.37,97.24,-10.98,11.16,4.91,-250.14,69.17,29.76,2
-7.88,-2.89,2.94,-215.54,-4.63,98.91,-11.47,6.74,-2.01,-250.14,75.62,50.27,2
-9.12,-1.76,1.20,-213.01,34.31,85.89,-8.87,5.10,-1.26,-63.59,60.27,85.02,2
-9.78,-0.74,1.34,-194.44,29.37,66.99,-8.21,4.79,-2.19,-43.54,45.53,96.15,2
-9.32,-1.39,1.72,-161.66,22.90,51.66,-8.54,4.10,-1.14,-64.02,40.79,91.36,2
-8.56,-0.23,1.51,-179.98,27.76,51.69,-9.35,5.63,0.95,-88.27,61.77,63.78,2
-8.17,0.19,1.12,-133.39,13.30,45.68,-5.95,12.86,4.75,-118.48,88.36,130.04,2
-8.80,0.06,0.75,-147.21,30.31,42.78,-8.13,16.92,7.12,-108.89,27.11,180.04,2
-7.94,-0.21,0.30,-111.97,27.93,31.26,-8.85,19.62,8.72,-149.06,-62.12,250.13,2
-11.14,0.24,1.00,-100.79,10.23,2.02,-11.81,19.00,4.00,-170.95,-96.73,250.13,2
-10.01,0.92,-0.13,-82.25,5.90,15.24,-5.51,1.44,-2.44,-34.37,-187.05,250.13,2
-9.15,0.61,-0.22,-84.69,-0.66,18.89,-2.28,-3.17,-4.79,67.08,-89.50,250.13,2
-9.13,0.73,1.47,-102.64,-30.08,30.95,1.92,-19.62,-7.33,94.80,9.38,166.37,2
-6.67,-0.20,1.98,-103.20,-9.53,48.31,-0.86,-19.62,-5.12,250.13,108.88,-250.14,2
-11.55,3.96,-1.21,-106.60,48.20,23.63,-19.62,19.62,6.37,-84.50,-21.85,-181.62,2
-16.23,1.19,-1.07,-84.14,-5.38,28.44,-0.62,19.62,16.26,-58.27,-30.60,148.59,2
-6.61,-0.97,3.16,-40.36,-18.65,-13.13,2.94,19.33,9.70,-194.61,-1.03,250.13,2
-7.69,0.37,2.48,-39.46,7.18,-31.00,-0.44,4.04,1.45,-108.63,-95.79,250.13,2
-6.72,0.10,3.77,-23.92,-20.23,-8.13,10.34,-19.62,-4.54,-34.24,-10.40,-11.39,2
-5.21,-2.06,3.13,15.57,16.40,-17.11,2.95,-19.62,-0.43,144.29,140.60,-250.14,2
-8.22,0.97,2.27,2.70,12.54,-13.78,-10.84,3.14,2.01,250.13,126.04,-250.14,2
-15.48,-0.25,-0.55,-24.90,-14.37,1.96,-19.62,19.62,-11.98,64.45,-144.44,-250.14,2
-8.15,-0.01,1.19,46.99,-26.60,-17.27,-12.14,4.26,8.72,-33.58,219.37,-185.23,2
-9.10,1.18,1.57,56.79,-43.40,-14.16,-9.29,5.05,5.02,64.04,250.13,-167.87,2
-7.84,0.64,3.43,18.23,-18.76,-25.25,-16.08,9.19,0.80,99.19,156.68,-207.50,2
-9.08,0.23,2.50,57.21,-5.53,-19.10,-12.41,7.69,6.67,137.62,19.76,-189.82,2
-8.72,-0.69,2.33,104.26,0.65,-40.89,-8.75,7.49,2.65,122.03,-4.16,-76.93,2
-8.94,-0.38,2.24,116.92,-12.23,-44.44,-12.95,5.89,-0.42,92.60,105.27,-78.17,2
-9.78,-1.07,2.68,90.25,43.80,-61.84,-10.26,6.73,1.36,136.81,16.27,-65.80,2
-10.08,-0.98,-0.43,158.69,-9.63,-47.28,-7.96,3.23,1.33,110.81,-1.70,16.85,2
-9.95,-0.35,1.91,217.85,-24.63,-80.27,-11.70,1.11,-1.54,234.35,-63.01,73.42,2
-8.62,-0.75,1.90,207.43,-3.77,-74.32,-13.07,1.71,-1.15,250.13,-90.88,46.27,2
-9.92,0.42,1.05,152.93,34.54,-60.12,-11.51,3.61,1.95,217.15,-116.73,-11.02,2
-8.85,0.72,-0.02,222.90,21.15,-23.88,-5.84,3.66,4.83,128.77,-93.46,-35.66,2
-8.46,0.45,-0.09,222.69,-16.37,-75.67,-10.36,1.21,0.36,167.82,-100.05,-4.26,2
-9.04,1.20,0.44,197.45,1.32,-77.08,-9.75,2.41,0.41,230.70,-115.26,15.64,2
-10.61,1.40,0.72,169.08,-1.57,-63.79,-9.03,4.51,-0.44,250.13,-141.68,53.10,2
-10.43,1.01,0.95,116.94,4.15,-35.86,-7.87,5.66,0.29,171.50,-116.16,7.79,2
-9.92,-0.27,1.07,68.40,-13.79,-13.48,-6.32,5.91,3.58,-20.11,70.27,-70.87,2
-8.56,0.49,1.31,71.05,-7.21,-24.73,-8.31,6.02,2.95,-17.83,49.05,-81.38,2
-8.16,-0.59,1.14,79.88,-15.30,-23.17,-8.76,4.13,3.05,35.43,8.69,-38.38,2
-5.66,0.13,2.25,95.41,-3.64,-24.88,-8.41,4.65,3.85,90.72,-54.69,6.82,2
-14.90,0.23,-2.64,90.87,25.38,-42.16,-8.02,3.69,3.12,90.47,-68.09,12.95,2
-13.01,4.65,2.06,15.40,-21.22,-12.63,-11.98,3.83,1.70,112.67,-21.85,-13.61,2
-9.22,0.46,0.42,-37.31,-2.76,40.49,-8.72,5.72,3.66,82.02,2.43,-46.03,2
-9.40,-1.81,2.08,-26.07,-16.06,23.76,-4.79,5.74,4.77,-123.14,83.75,-50.37,2
-5.57,1.38,3.27,10.08,-2.99,-15.12,-8.34,2.51,2.44,-24.85,25.88,-47.14,2
-6.25,0.94,1.49,-18.32,28.47,-15.66,-11.08,2.94,0.52,102.22,-7.14,-9.70,2
-9.02,-3.22,1.85,10.14,30.73,-6.66,-7.44,5.88,4.18,120.09,-70.53,30.44,2
-15.55,-2.71,-2.21,28.73,-8.61,-28.54,-7.80,4.54,3.29,-19.01,-57.27,51.89,2
-7.63,0.97,1.58,-63.04,-16.90,39.94,-7.68,4.30,3.42,-34.97,65.40,4.19,2
-8.76,-0.95,1.54,-92.55,-17.21,30.18,-6.04,4.83,3.31,-123.31,107.43,12.19,2
-7.67,-0.46,2.27,-86.45,-44.07,26.24,-7.55,4.09,3.63,-183.63,102.69,6.92,2
-9.00,0.30,0.84,-149.85,-33.81,35.76,-9.21,4.43,1.93,-104.44,84.44,5.74,2
-7.52,0.35,3.08,-161.73,5.81,69.92,-8.81,6.95,2.10,-204.71,46.41,35.89,2
-7.81,1.01,2.05,-182.61,19.53,72.75,-9.34,5.87,2.01,-196.98,60.25,56.82,2
-9.28,0.40,1.30,-200.69,24.61,74.08,-9.55,5.06,-0.55,-154.56,62.48,71.84,2
-10.67,-0.61,0.01,-249.21,17.89,82.83,-10.52,5.07,-3.47,-76.94,70.79,84.80,2
-7.74,-0.53,1.82,-185.66,23.95,53.51,-6.38,10.07,0.28,-110.49,73.31,115.84,2
-8.12,-1.13,1.03,-150.49,27.86,45.90,-5.14,14.10,1.06,-119.31,43.74,146.44,2
-7.93,-0.64,0.90,-142.44,33.11,35.17,-5.17,19.14,0.93,-126.47,59.54,220.31,2
-9.89,-0.66,-0.71,-190.66,36.76,16.05,-8.37,18.99,1.73,-119.39,22.24,250.13,2
-9.51,-1.48,1.81,-107.89,19.05,25.90,-11.15,14.19,1.31,-168.40,-1.45,250.13,2
-12.59,1.65,-0.35,-81.70,-10.32,29.11,-11.03,10.57,2.06,-159.89,-79.72,250.13,2
-10.40,-0.92,1.35,-97.73,-11.34,44.72,-6.50,4.22,0.24,-139.53,-158.88,250.13,2
-9.94,-1.45,0.44,-80.93,11.73,47.89,0.07,-2.18,-2.07,42.12,-151.64,250.13,2
-4.73,-0.50,3.47,-87.92,-6.92,56.37,3.24,-18.44,-2.51,158.91,108.38,-230.76,2
-5.53,1.59,2.03,-49.80,41.24,53.66,-1.98,-7.00,3.76,169.29,136.51,-250.14,2
-7.28,3.09,0.85,-42.59,45.71,38.21,-4.90,16.21,13.80,250.13,201.26,-250.14,2
-14.65,5.84,-2.53,-115.37,57.08,3.44,-19.62,19.62,10.93,-182.85,46.91,-10.14,2
-7.11,0.69,1.63,-25.74,-16.52,-42.84,0.30,5.59,6.18,-169.46,-101.34,250.13,2
-8.82,2.41,1.42,-16.00,1.79,-30.89,0.76,-1.10,0.94,-90.44,-76.48,250.13,2
-8.20,0.87,2.11,-31.06,-15.26,3.05,3.26,-8.36,-2.13,-47.28,-55.17,203.94,2
-7.28,0.34,2.95,-8.61,-12.15,4.38,8.57,-16.69,-3.58,-23.35,-8.60,-12.70,2
-9.62,2.00,1.22,-20.72,36.22,-1.21,-9.63,16.06,10.97,250.13,-6.11,-250.14,2
-13.66,1.29,-1.50,-54.27,29.30,20.56,-19.62,19.62,0.75,-222.53,-10.05,-250.14,2
-10.30,-0.81,1.20,-23.02,-24.62,12.67,-7.75,10.25,5.33,1.61,88.82,-106.64,2
-8.26,-0.16,1.00,18.34,-23.54,-18.07,-5.01,7.48,4.63,-34.18,177.30,-114.15,2
-8.74,1.65,2.01,48.43,-35.46,-10.88,-8.84,3.94,3.90,30.15,128.18,-241.78,2
-7.97,1.40,2.19,51.14,-29.67,-20.63,-12.24,6.16,4.09,97.33,82.90,-247.39,2
-8.58,0.59,1.79,66.97,-14.17,-37.31,-15.33,7.47,4.18,143.08,38.62,-229.98,2
-8.93,-0.15,1.92,102.28,-14.53,-42.02,-13.57,7.21,2.30,151.84,37.27,-163.44,2
-9.39,-0.25,0.86,162.37,-9.05,-61.65,-10.06,5.10,1.23,125.38,21.66,-73.45,2
-9.41,-0.16,0.78,190.76,-16.49,-68.65,-10.06,4.69,0.63,175.87,-1.52,-46.16,2
-10.00,0.14,0.30,225.40,-23.05,-73.95,-10.76,4.85,-0.29,229.82,-39.46,-6.77,2
-9.22,0.51,0.52,244.36,-20.52,-78.18,-10.52,3.96,-0.21,250.13,-84.47,22.15,2
-9.28,0.77,-0.21,237.03,-11.30,-68.58,-9.46,3.37,0.71,216.50,-83.49,5.00,2
-9.66,0.83,-0.36,227.61,-8.53,-62.28,-8.52,3.02,1.29,196.68,-67.83,-14.47,2
-9.40,0.55,-0.71,227.24,-21.67,-60.32,-7.99,3.05,1.66,186.15,-58.49,-32.08,2
-9.02,1.09,-1.32,223.43,-29.50,-69.86,-7.68,3.47,1.76,187.71,-84.59,-46.37,2
-8.92,1.80,0.64,180.28,-26.05,-59.75,-8.44,5.20,1.82,201.04,-104.72,-41.05,2
-9.98,1.48,1.36,145.32,-7.22,-48.96,-9.05,6.04,2.10,166.92,-86.26,-52.02,2
-10.28,2.32,0.97,99.50,-13.34,-21.78,-8.61,6.56,2.01,135.01,-53.83,-60.56,2
-8.42,2.07,1.67,74.98,-5.08,-12.84,-7.54,6.33,3.79,36.38,1.19,-53.44,2
-8.85,1.82,2.69,21.15,-20.41,-10.38,-8.78,5.93,2.79,35.60,19.34,-36.97,2
-8.43,0.93,1.87,19.82,-14.73,-4.18,-7.23,5.04,4.90,37.83,6.12,-10.68,2
-5.59,-0.05,3.34,22.41,-2.78,-23.34,-6.34,4.94,5.51,8.85,-1.80,17.25,2
-6.20,-1.28,2.99,47.96,19.04,-40.98,-7.54,3.39,4.70,-3.05,-12.93,33.11,2
-15.41,2.60,-1.21,31.53,13.05,-8.05,-10.46,2.59,2.68,71.02,-43.95,34.13,2
-11.17,2.77,2.82,-16.12,-19.56,9.50,-11.08,3.19,2.55,72.98,-37.25,15.34,2
-7.41,0.52,2.65,-35.79,0.13,20.36,-7.35,3.25,4.79,-1.60,12.18,7.20,2
-8.59,-1.13,1.59,-22.19,-8.12,9.18,-6.44,3.46,3.52,-130.09,76.63,-9.18,2
-6.41,0.38,3.99,-12.34,2.93,-15.89,-8.64,2.17,2.74,22.62,11.23,-30.35,2
-7.57,-0.30,1.99,5.27,27.78,-21.75,-8.54,3.06,2.25,86.22,-40.51,1.34,2
-8.25,-2.57,1.27,27.94,29.08,-26.56,-8.63,3.60,3.08,75.40,-64.79,20.08,2
-12.76,-1.87,0.56,49.11,20.76,-49.14,-9.00,2.86,2.48,65.62,-49.60,20.45,2
-8.72,1.57,0.80,-19.73,-13.16,6.56,-5.82,6.07,3.61,32.12,12.01,-2.58,2
-9.02,-0.12,1.18,-50.14,-22.50,15.76,-4.00,7.59,4.82,-62.39,40.88,-9.99,2
-9.18,0.72,1.40,-88.08,-42.61,19.03,-6.15,8.63,4.80,-142.65,79.39,-16.61,2
-8.73,0.79,1.81,-147.53,-28.93,31.41,-7.92,9.37,4.05,-176.90,93.63,-3.38,2
-7.47,-1.32,2.14,-217.24,-9.70,78.56,-9.87,6.41,0.93,-232.80,65.73,53.85,2
-7.77,-1.37,1.82,-222.48,9.46,85.63,-9.83,5.19,0.09,-219.05,60.61,64.57,2
-9.46,-1.08,0.99,-225.94,22.87,84.95,-9.01,4.45,-1.27,-189.71,57.60,70.25,2
-9.74,-1.13,0.57,-234.73,20.74,82.39,-9.48,3.37,-1.11,-116.88,60.32,71.10,2
-9.41,-1.86,-0.46,-210.76,16.85,61.36,-7.87,4.74,-1.32,-119.02,85.34,50.74,2
-8.70,-1.57,0.14,-186.93,14.49,53.70,-7.35,5.75,-0.79,-139.02,90.20,33.08,2
-8.63,-1.33,-0.12,-171.14,24.79,45.26,-7.22,7.32,0.23,-145.69,90.08,34.05,2
-8.67,-1.13,-0.36,-160.15,22.50,39.66,-7.52,8.04,1.02,-175.99,85.05,57.38,2
-11.66,0.34,-0.13,-155.39,8.66,23.79,-8.58,11.73,2.58,-123.16,60.79,150.21,2
-9.23,0.31,1.19,-142.83,-10.44,31.82,-9.85,13.98,4.11,-126.28,36.03,195.88,2
-8.86,-0.71,-0.01,-115.03,22.56,13.41,-10.42,14.38,6.33,-132.92,-19.88,250.13,2
-10.99,-0.61,0.32,-75.56,-13.90,-2.99,-11.40,16.38,6.35,-143.20,-78.36,250.13,2
-8.99,0.19,1.96,-69.29,-7.40,6.53,-5.35,4.40,1.45,-53.79,-195.32,250.13,2
-8.81,0.15,1.06,-65.39,1.18,21.41,-1.93,1.14,0.16,-22.95,-168.29,250.13,2
-8.07,0.16,1.20,-66.29,-8.95,21.18,0.11,-3.59,-0.70,59.43,-93.88,227.53,2
-7.25,0.46,1.90,-72.93,-2.00,22.15,4.50,-13.86,-3.32,110.58,8.26,32.26,2
-8.84,1.20,2.68,-45.78,26.21,11.39,0.66,19.62,13.40,244.69,139.06,-250.14,2
-17.33,1.41,-3.32,-66.19,38.86,-9.03,-14.18,19.62,1.80,-5.56,58.47,-21.57,2
-9.73,-1.60,2.01,-41.35,-41.82,14.91,6.76,18.66,8.37,-49.02,-108.21,216.00,2
-6.81,-0.72,1.69,-24.68,-1.90,-26.08,2.68,4.25,4.00,-163.95,-68.98,250.13,2
-7.72,0.11,1.92,-20.51,1.75,14.61,7.16,-18.19,-1.77,-16.45,5.88,10.44,2
-6.54,-0.72,2.83,15.09,-9.69,5.91,5.62,-19.62,-0.33,75.48,105.18,-250.14,2
-6.90,0.29,2.27,27.84,8.20,-3.31,-6.73,0.64,4.96,152.37,167.24,-250.14,2
-14.26,1.30,-1.25,-27.47,36.97,-17.49,-19.62,19.62,-2.32,82.12,12.97,-250.14,2
-7.99,-1.69,1.44,37.02,-22.22,-19.11,-6.69,7.85,2.82,0.74,141.51,-250.14,2
-9.43,-0.16,0.95,54.49,-25.23,-24.89,-8.94,7.76,2.97,-10.89,135.14,-250.14,2
-9.85,0.87,0.91,57.96,-25.95,-14.50,-13.15,7.49,1.44,-15.18,167.01,-250.14,2
-8.90,0.73,2.08,42.37,-26.52,-18.11,-16.04,9.14,2.51,55.18,95.48,-250.14,2
-8.08,-0.86,1.72,115.72,-2.53,-27.76,-12.95,6.19,1.56,56.69,51.10,-140.42,2
-9.25,-1.41,1.30,135.63,-0.47,-29.47,-10.97,4.68,1.58,74.95,41.79,-84.37,2
-9.28,-0.86,0.97,171.40,-7.59,-38.82,-10.49,3.68,0.79,154.47,15.72,-18.01,2
-9.43,-0.67,0.46,204.42,-5.18,-54.51,-9.41,3.29,0.18,201.33,-10.97,23.40,2
-10.36,0.34,-0.32,250.13,-28.60,-73.53,-10.68,1.56,0.56,250.13,-76.40,74.18,2
-9.87,0.88,-0.57,250.13,-30.42,-75.08,-10.69,1.75,1.22,240.85,-92.01,59.73,2
-9.12,2.03,0.40,243.87,-21.15,-68.44,-9.96,1.65,1.66,209.18,-93.76,35.28,2
-8.47,1.45,-0.16,219.97,-11.40,-61.95,-9.01,1.69,2.45,185.80,-83.19,10.87,2
-8.74,0.99,-0.54,201.59,-7.65,-63.36,-7.10,2.78,2.99,129.89,-82.25,-15.97,2
-9.41,1.51,-1.00,198.28,-25.82,-68.92,-7.41,2.98,2.13,141.42,-91.33,-25.15,2
-10.55,1.95,0.41,170.33,-7.94,-73.59,-8.10,5.02,2.05,171.05,-105.81,-23.91,2
-10.49,1.84,1.60,141.27,-17.55,-52.29,-9.37,6.21,2.57,204.18,-103.36,-22.73,2
-10.36,0.41,1.51,49.20,-12.86,1.77,-6.73,5.99,4.39,29.82,-7.82,-33.58,2
-9.39,0.72,2.33,38.23,-19.96,7.38,-7.79,5.63,4.31,-18.92,33.81,-57.79,2
-8.63,0.91,1.87,15.46,-10.89,6.56,-7.77,5.02,3.84,-1.29,52.56,-60.01,2
-7.70,1.01,2.59,7.63,-12.40,-3.03,-6.97,4.98,3.69,20.94,28.31,-26.37,2
-6.73,-1.23,2.34,57.50,19.54,-50.37,-7.46,4.36,3.05,61.34,-47.92,40.03,2
-6.78,-0.29,2.57,51.44,30.73,-52.67,-7.37,4.42,2.87,81.60,-69.52,49.31,2
-14.82,-0.11,-0.08,33.69,42.08,-44.55,-8.18,4.66,2.71,76.84,-43.04,35.10,2
-12.23,1.22,2.75,18.39,-32.60,11.36,-11.69,5.28,2.37,55.53,-13.40,-18.15,2
-9.18,-1.44,1.25,-43.76,-28.07,34.09,-6.83,4.28,5.52,-180.36,132.62,-28.21,2
-7.74,-0.36,2.18,-34.26,-29.60,10.40,-7.54,3.31,4.53,-191.43,117.89,-54.07,2
-6.74,0.27,3.40,-25.82,-15.24,-7.99,-8.41,1.91,3.16,-73.18,56.85,-51.86,2
-6.90,0.88,3.01,-6.26,14.05,-2.13,-9.12,3.00,2.96,36.20,-22.86,-7.21,2
-9.40,-1.22,1.49,42.48,15.51,-35.20,-9.05,3.71,3.27,70.62,-92.84,36.76,2
-13.67,-0.53,0.44,35.47,8.44,-50.59,-8.84,3.24,2.23,65.66,-50.54,27.66,2
-9.60,3.27,1.49,22.76,-18.73,-6.56,-9.68,4.87,3.44,59.09,-1.69,-2.97,2
-9.28,0.80,-0.20,-34.02,-0.70,19.98,-5.86,6.44,5.03,6.97,16.28,-6.45,2
-9.30,0.78,0.62,-84.37,-51.40,20.76,-4.47,10.77,4.29,-125.73,55.73,19.75,2
-9.09,0.75,1.44,-122.31,-55.15,38.99,-7.06,11.00,2.50,-114.22,58.62,59.76,2
-8.75,0.32,2.36,-173.43,-53.35,66.93,-9.26,9.02,0.77,-137.94,73.00,97.79,2
-7.63,-0.93,3.28,-215.37,-28.92,92.35,-9.19,7.14,-0.40,-138.56,106.48,114.27,2
-8.02,-1.65,2.86,-212.65,25.71,107.08,-8.87,5.41,-1.79,-197.84,137.57,74.02,2
-8.86,-1.08,2.49,-201.66,33.87,104.97,-8.95,4.70,-1.87,-172.66,121.69,63.34,2
-9.24,-0.24,2.17,-188.31,29.04,98.05,-8.92,3.84,-2.19,-125.31,111.52,63.60,2
-9.26,-0.70,1.85,-181.82,20.65,92.29,-8.10,4.03,-0.68,-88.37,106.28,62.44,2
-8.47,0.29,1.19,-149.01,28.89,52.30,-5.42,7.18,2.66,-104.53,112.29,38.17,2
-9.36,0.23,0.70,-147.73,29.08,44.61,-5.20,8.33,3.66,-103.43,103.06,46.47,2
-9.03,-0.28,1.39,-139.23,15.40,37.02,-5.85,9.67,4.13,-108.43,90.33,68.33,2
-7.90,-0.07,1.35,-123.11,20.02,25.61,-6.59,10.46,4.50,-111.79,69.40,99.91,2
-10.80,0.11,1.16,-81.00,13.05,7.70,-7.26,10.85,3.54,-94.55,-1.93,151.64,2
-9.21,0.31,1.34,-77.60,7.46,6.27,-7.61,11.00,4.04,-73.37,-32.10,164.94,2
-8.65,-0.38,1.40,-77.54,10.61,1.57,-5.08,11.75,6.31,-36.40,-60.12,214.57,2
-9.71,-0.78,1.89,-46.91,-6.89,-0.71,-3.23,16.63,9.22,-101.15,-93.95,250.13,2
-9.50,1.03,0.86,-56.24,1.13,1.73,-1.99,3.31,2.67,-23.42,-188.60,250.13,2
-9.83,0.60,0.59,-97.93,14.66,6.16,-1.86,-3.46,-2.94,106.21,-119.27,250.13,2
-7.72,0.21,1.78,-77.73,-42.74,37.18,-0.18,-16.15,-6.68,117.53,24.31,139.18,2
-3.17,-1.01,2.37,-73.65,-9.23,35.47,-2.04,-15.64,-4.94,166.79,168.03,-235.21,2
-12.13,-3.50,2.71,-63.18,-14.38,17.07,-14.61,19.62,-0.03,123.55,38.65,-128.68,2
-10.78,-1.83,0.00,-66.40,27.18,13.50,4.25,19.62,16.10,25.18,-182.53,141.88,2
-7.80,-2.02,2.00,0.71,-12.11,-0.11,4.02,18.98,4.27,-192.31,-70.20,250.13,2
-5.82,0.26,1.48,8.08,-8.60,-16.46,-2.50,-2.47,-2.22,-86.82,-20.45,250.13,2
-4.47,-1.62,2.56,3.40,2.77,6.37,2.41,-19.62,-1.80,129.03,197.89,-250.14,2
-5.74,1.18,1.55,-13.80,19.31,-1.31,-2.46,-2.67,9.37,129.89,110.02,-250.14,2
-14.05,2.40,0.28,-52.31,40.63,-3.37,-9.83,13.47,-1.37,250.13,83.07,-250.14,2
-10.86,-3.80,2.64,-40.34,-17.54,12.52,-13.65,18.74,4.99,-40.37,-126.40,-236.95,2
-8.55,-1.08,1.78,43.42,-17.25,-21.82,-5.15,8.19,2.67,-43.04,114.08,-205.21,2
-9.21,-0.21,1.30,48.60,-15.30,-12.84,-5.53,9.04,5.18,-17.29,89.25,-250.14,2
-8.51,1.62,2.34,48.97,-19.05,-9.66,-6.43,7.26,1.34,16.17,115.49,-250.14,2
-8.16,-0.10,2.65,51.95,-6.05,-23.53,-10.95,8.84,2.01,35.73,30.78,-250.14,2
-9.25,-0.53,1.19,101.84,2.03,-26.51,-12.76,5.39,-0.51,116.98,0.38,-149.43,2
-9.03,-0.72,1.26,111.02,8.23,-28.21,-10.49,5.35,1.05,111.89,10.70,-111.33,2
-9.70,-1.48,0.69,153.45,0.46,-42.07,-10.53,3.46,1.50,76.76,25.79,-83.40,2
-11.01,-1.44,0.60,206.47,-13.72,-57.24,-11.07,2.51,-0.39,163.40,30.63,-37.47,2
-9.28,0.08,0.55,250.13,-27.79,-89.73,-10.69,2.56,-0.73,250.13,-78.99,81.12,2
-7.99,0.34,0.67,250.13,-9.57,-78.30,-9.68,3.17,0.29,250.13,-126.84,46.25,2
-9.26,0.34,-0.84,250.13,13.64,-77.61,-8.03,1.41,1.75,250.13,-114.62,-12.08,2
-9.78,0.12,-0.73,250.13,-2.20,-85.95,-8.58,2.44,2.09,245.86,-57.11,-24.32,2
-8.68,0.88,-0.27,250.13,-9.13,-92.95,-9.18,4.26,0.53,213.96,-132.03,13.50,2
-9.95,0.95,0.16,215.98,1.86,-89.51,-8.36,4.40,0.31,225.97,-150.79,34.15,2
-10.51,1.25,0.91,181.21,-6.29,-70.65,-8.00,5.48,1.22,182.84,-130.86,13.89,2
-9.61,1.68,1.84,126.11,-7.44,-46.92,-7.18,5.51,1.55,140.27,-77.35,-18.66,2
-9.80,0.18,1.90,20.24,3.63,3.02,-7.42,5.73,2.96,18.79,21.92,-54.08,2
-9.17,-0.16,1.90,9.89,-14.11,8.60,-7.77,5.26,2.85,10.73,33.46,-58.66,2
-6.75,0.76,2.79,-3.31,2.08,7.61,-7.84,5.41,3.11,17.93,25.46,-58.93,2
-6.53,-0.52,2.10,25.52,24.76,-1.18,-7.06,5.43,4.03,5.42,12.35,-48.28,2
-5.17,0.19,1.41,40.57,32.79,-41.86,-6.18,4.85,3.99,44.89,-43.29,15.78,2
-12.02,-0.45,-0.15,18.12,46.25,-46.73,-7.15,4.25,2.62,43.47,-43.06,26.03,2
-12.84,1.67,-0.19,29.92,-2.24,-4.20,-12.54,4.18,3.15,61.45,-40.09,1.21,2
-12.99,0.77,0.94,-33.01,-4.05,-1.92,-12.65,4.07,4.42,43.53,-12.14,-9.78,2
-8.03,-1.37,1.57,-67.13,-15.47,29.91,-6.19,2.79,5.15,-194.98,92.40,-12.76,2
-9.52,-2.38,2.22,-64.79,-24.94,10.36,-6.35,1.36,3.44,-163.83,92.56,-44.24,2
-8.03,-0.55,2.72,-20.78,-45.11,-1.21,-11.01,1.37,2.58,-42.53,33.87,-66.69,2
-6.70,0.54,2.42,-33.86,7.71,1.77,-10.27,2.87,1.74,33.12,-28.31,-36.09,2
-8.77,-2.41,0.24,4.81,15.41,-22.56,-7.68,5.36,3.24,-17.97,-46.55,48.58,2
-11.97,-1.61,-0.20,11.42,2.85,-36.76,-8.30,4.58,3.72,-73.04,-24.18,40.53,2
-10.84,0.74,-0.30,12.61,-34.70,-23.48,-9.80,4.90,2.85,-45.01,17.46,27.05,2
-10.36,1.02,-0.05,-45.74,-22.85,13.92,-7.81,5.70,3.14,-23.71,14.93,38.85,2
-8.13,-0.28,0.54,-168.15,-47.03,44.37,-6.63,7.19,4.92,-188.78,81.24,28.10,2
-7.93,-1.97,2.31,-184.11,-45.68,44.91,-8.89,7.22,3.67,-227.28,99.57,29.73,2
-7.27,-2.54,3.14,-193.45,-33.65,52.32,-11.48,5.53,1.90,-237.15,80.03,38.75,2
-7.99,-2.84,2.53,-191.08,-11.59,61.47,-10.73,3.91,-0.27,-167.63,40.48,54.69,2
-9.26,-2.48,1.67,-213.18,7.50,69.22,-10.63,3.79,-0.66,-55.44,36.11,113.64,2
-8.96,-2.77,0.84,-205.69,6.98,77.31,-9.45,3.43,-0.42,-81.64,69.21,107.37,2
-8.93,-2.64,0.50,-191.12,1.83,77.09,-7.71,4.24,-0.51,-140.71,118.99,77.12,2
-8.25,-1.94,0.91,-186.37,1.08,55.24,-6.03,4.62,0.21,-162.54,150.98,47.21,2
-8.15,-2.25,0.21,-173.77,-8.35,52.69,-6.77,8.39,1.32,-133.58,101.47,50.95,2
-7.97,-2.14,1.24,-166.02,5.05,45.88,-7.78,8.87,2.65,-139.53,82.47,73.57,2
-10.81,-1.70,2.10,-154.98,9.60,35.68,-8.25,9.88,3.00,-140.73,85.11,107.29,2
-9.50,-0.12,1.21,-122.50,-22.75,45.83,-10.74,13.64,4.19,-147.78,73.40,131.82,2
-9.71,-0.16,1.86,-57.13,-21.09,9.47,-15.00,19.62,5.57,-163.44,-93.16,250.13,2
-9.12,0.53,1.33,-64.20,-7.62,-5.46,-13.89,15.54,2.99,-126.53,-161.69,250.13,2
-8.92,0.03,1.28,-65.92,-3.80,3.41,-8.68,3.05,-1.13,-134.35,-208.72,250.13,2
-8.41,0.07,1.13,-72.74,-7.08,23.15,-3.06,-2.50,-2.63,-30.71,-155.92,250.13,2
-7.30,-0.65,2.31,-73.93,18.89,37.41,1.73,-10.66,-2.91,145.58,41.01,-156.03,2
-6.78,0.51,2.12,-58.87,9.59,36.09,-0.11,-4.89,1.34,71.76,100.02,-250.14,2
-11.36,0.54,2.80,-44.34,29.14,31.21,-2.15,10.92,10.28,171.50,179.35,-250.14,2
-12.84,-0.46,-0.36,-67.63,-0.39,4.41,-16.38,19.62,3.23,-101.38,95.65,-52.16,2
-8.19,-0.35,1.34,1.69,-10.04,-16.11,0.76,4.31,5.72,-148.36,-102.26,250.13,2
-9.91,1.43,0.04,2.93,-15.02,-2.34,0.86,-1.78,0.92,-99.48,-90.42,250.13,2
-8.74,1.28,1.44,-27.69,0.34,23.27,5.71,-7.36,-1.73,-28.65,-81.86,150.82,2
-7.25,-0.29,1.98,3.68,2.32,8.45,8.75,-16.46,-1.74,19.69,-16.52,-62.64,2
-8.55,1.38,0.97,5.11,25.30,-6.61,-1.78,-2.37,5.11,250.13,133.35,-250.14,2
-11.81,0.77,-0.26,-27.30,43.67,-3.31,-15.06,13.57,1.26,210.36,0.71,-250.14,2
-11.87,-0.68,-0.66,-27.33,11.17,15.12,-18.74,19.62,2.35,-205.56,23.73,-250.14,2
-9.58,-1.29,0.14,4.27,-17.28,7.98,-8.37,8.95,4.70,-19.86,121.49,-146.20,2
-9.20,1.58,0.40,26.74,-25.18,3.81,-8.48,3.54,4.76,-94.56,112.45,-199.47,2
-8.82,1.34,1.28,25.50,-25.44,5.21,-9.64,3.07,2.79,18.24,93.40,-233.89,2
-8.10,0.42,1.44,35.05,-20.99,-8.17,-13.86,5.79,3.94,88.07,95.58,-250.14,2
-8.12,0.19,1.33,59.85,-19.37,-17.37,-14.97,5.60,3.62,90.39,89.88,-206.27,2
-8.57,-0.23,1.24,132.58,-20.76,-26.30,-10.59,3.44,2.05,97.28,26.60,-67.60,2
-9.29,-0.99,0.50,172.98,-18.55,-43.63,-9.67,2.98,1.28,157.57,8.85,-27.66,2
-10.82,-1.40,-0.11,231.45,-29.53,-63.82,-10.54,2.77,-0.35,232.48,-23.45,19.94,2
-10.67,-0.12,-0.42,250.13,-42.07,-80.22,-12.08,2.95,-1.07,250.13,-67.34,66.50,2
-8.89,0.85,-1.80,250.13,-30.89,-60.62,-10.32,2.40,1.70,240.03,-114.57,63.29,2
-8.38,1.10,-2.38,250.13,-22.40,-61.34,-9.10,2.00,2.91,178.74,-96.00,41.72,2
-9.19,2.22,-3.65,250.13,-30.92,-61.37,-7.05,2.04,2.37,143.80,-66.22,4.09,2
-9.21,2.82,-2.05,242.57,-23.44,-69.53,-5.24,2.11,1.95,198.63,-97.40,-37.08,2
-8.01,2.32,0.67,176.44,-33.51,-58.50,-8.90,5.48,2.18,224.67,-161.79,-94.09,2
-8.86,2.26,1.55,154.96,-20.71,-54.56,-8.47,5.42,2.34,164.44,-120.07,-91.80,2
-8.95,2.62,1.95,126.92,-15.85,-42.11,-9.59,6.78,2.08,90.85,-61.97,-92.72,2
-8.34,2.44,1.27,68.74,8.74,-15.73,-8.02,7.04,2.40,62.92,-18.78,-76.57,2
-8.72,1.81,2.35,26.91,-7.98,-7.95,-8.47,6.48,2.31,13.49,5.46,-44.69,2
-8.35,0.27,1.48,28.82,-5.92,-9.96,-8.15,4.46,2.84,24.75,8.82,-21.74,2
-7.38,-0.13,2.19,34.40,-7.45,-24.37,-7.49,3.90,2.78,45.94,20.94,9.11,2
-7.46,-0.13,2.02,47.22,12.66,-39.24,-7.40,3.47,3.39,44.17,0.40,19.26,2
-9.84,1.28,2.67,32.97,27.26,-41.55,-7.65,2.25,4.13,-2.38,-29.60,-16.39,2
-12.32,0.98,-0.37,33.71,1.38,-20.88,-10.25,1.97,4.34,6.54,-0.63,-44.25,2
-10.95,1.46,1.73,-1.56,-23.71,5.82,-11.36,2.10,4.47,23.04,23.71,-59.96,2
-8.21,2.31,1.23,-61.40,-6.05,23.88,-8.45,2.26,4.30,6.33,50.65,-33.85,2
-8.84,-0.65,1.68,-32.58,-18.27,-1.24,-9.68,2.12,4.57,-143.57,41.68,-72.72,2
-7.76,-0.23,2.53,-23.66,-5.40,-8.71,-10.38,0.81,4.22,-71.56,25.49,-64.61,2
-7.33,-0.50,2.32,-13.71,13.82,-1.74,-9.75,0.72,2.81,55.27,-3.46,-19.83,2
-8.33,-1.91,1.39,5.65,20.66,-8.18,-9.30,2.68,3.42,76.04,-42.59,27.37,2
-10.70,1.97,0.87,15.30,-14.61,-18.44,-10.22,1.97,2.83,-15.82,-44.11,33.22,2
-10.83,1.19,0.17,-8.53,-9.11,8.50,-9.08,3.32,4.20,-12.72,-23.47,33.69,2
-10.34,1.72,0.56,-49.39,-27.53,14.89,-7.44,4.05,4.93,-70.48,6.70,53.48,2
-9.37,1.89,0.74,-91.15,-42.82,29.57,-7.28,5.77,5.51,-131.40,23.68,69.98,2
-9.40,0.92,0.39,-203.76,-25.05,70.98,-9.51,8.87,4.54,-214.17,52.96,103.84,2
-8.49,-0.11,1.01,-238.89,-18.31,72.04,-9.68,7.67,2.68,-219.75,58.22,134.80,2
-7.29,-3.16,1.99,-244.64,-10.64,75.53,-9.51,7.80,0.17,-201.34,73.95,149.28,2
-7.83,-3.15,2.00,-221.46,17.42,81.21,-10.84,8.47,-1.02,-172.40,60.81,137.53,2
-9.43,-1.13,0.72,-210.96,27.29,81.59,-8.85,7.51,-1.65,-62.86,23.38,185.50,2
-8.95,-0.87,0.55,-200.19,22.50,79.99,-6.03,7.77,-0.73,-48.10,51.17,185.15,2
-9.76,-0.37,-0.76,-216.12,38.61,54.42,-4.14,7.89,0.85,-47.35,74.65,170.82,2
-8.11,-1.48,-1.29,-200.69,17.10,45.62,-3.00,7.81,2.16,-72.19,101.71,160.44,2
-10.14,-1.35,0.97,-163.98,-8.65,29.08,-5.41,11.88,3.66,-71.40,85.79,177.59,2
-11.36,0.34,2.44,-139.67,-23.35,39.11,-8.87,17.68,5.17,-22.47,49.11,223.77,2
-11.73,-0.79,2.65,-131.62,-11.26,36.86,-10.65,19.62,8.14,-18.38,-58.07,250.13,2
-9.63,-0.66,2.59,-91.02,-3.24,26.31,-6.03,13.16,7.10,-24.37,-118.00,250.13,2
-8.50,-0.09,1.17,-60.23,-1.46,23.10,1.02,-3.28,0.97,44.47,-58.46,250.13,2
-8.65,0.36,1.36,-71.23,-5.74,28.53,3.92,-8.05,-2.89,166.97,39.15,151.53,2
-8.02,0.35,2.91,-73.12,-17.77,41.40,4.76,-11.16,-3.64,222.79,93.56,-86.82,2
-5.95,-0.03,2.97,-56.15,7.73,31.40,1.60,-5.12,2.31,69.63,134.05,-250.14,2
-15.96,-0.17,-1.16,-66.50,14.85,11.33,-18.71,19.62,0.21,53.91,16.34,-168.05,2
-11.52,-2.07,2.09,-47.28,-25.46,20.26,-5.12,19.62,13.21,-6.58,-71.75,99.54,2
-6.47,-1.62,2.78,4.98,-13.62,-6.95,2.15,19.62,6.72,-108.92,-64.95,219.64,2
-7.50,0.53,2.28,13.21,-9.89,-11.43,2.93,4.10,2.81,-128.73,-109.56,250.13,2
-8.67,0.44,3.48,11.92,-9.65,16.31,9.96,-19.06,-3.88,-20.07,27.33,-16.03,2
-8.02,-0.41,3.13,42.47,6.29,-1.76,5.62,-18.46,0.43,47.54,117.66,-250.14,2
-7.52,1.40,1.38,55.94,17.03,-13.60,-4.24,0.43,5.92,52.43,132.13,-250.14,2
-11.66,2.00,-0.85,20.49,6.75,-8.79,-13.98,7.92,-1.25,214.71,17.92,-250.14,2
-8.74,0.99,1.30,36.37,-38.14,-18.71,-10.65,6.67,4.90,-58.98,80.95,-223.88,2
-7.71,1.48,2.32,40.40,-50.68,-25.48,-9.94,6.92,1.88,-79.69,88.90,-241.60,2
-7.28,1.30,3.54,52.80,-41.91,-31.84,-11.28,5.22,1.46,24.34,70.92,-250.14,2
-7.60,1.03,3.58,62.28,-24.54,-32.79,-16.32,7.85,-0.68,142.76,49.50,-247.24,2
-8.05,0.50,1.91,126.38,3.03,-53.02,-10.38,7.06,0.92,183.83,2.15,-111.22,2
-8.64,0.36,1.90,136.40,4.05,-57.58,-9.40,6.36,1.14,169.56,-13.55,-89.29,2
-9.41,0.13,1.12,160.95,-8.51,-62.10,-11.51,5.11,-1.27,157.17,36.63,-56.00,2
-12.13,-1.08,0.05,196.75,-30.93,-61.31,-10.78,4.77,1.27,161.83,-13.62,-16.89,2
-7.32,2.07,1.33,232.82,-19.92,-95.02,-11.20,1.31,1.73,113.98,-89.49,102.08,2
-8.42,0.67,-0.24,229.87,-11.53,-83.23,-12.82,0.53,2.10,121.85,-91.81,105.75,2
-8.62,1.92,0.43,228.50,-26.21,-89.33,-6.31,0.20,4.15,145.06,-103.62,75.70,2
-8.22,2.74,1.62,220.07,-24.84,-105.47,-7.68,1.01,2.85,165.98,-82.84,50.44,2
-11.84,-0.39,1.22,157.44,-8.99,-65.04,-8.03,4.84,4.77,193.80,-139.84,-34.14,2
-9.35,1.35,2.54,135.27,-13.84,-50.24,-7.33,6.62,3.65,174.07,-113.63,-44.34,2
-8.77,2.43,2.35,95.90,5.46,-34.56,-6.50,8.33,2.81,98.79,-81.87,-53.53,2
-9.25,0.31,2.88,57.64,-15.43,-20.40,-5.04,7.61,2.88,50.50,-21.47,-34.53,2
-8.09,0.17,2.17,30.68,-19.13,-15.61,-6.09,6.33,1.16,19.63,12.97,-33.80,2
-7.65,-0.30,2.58,18.70,-18.68,-13.61,-5.48,5.65,1.82,46.68,-3.35,-16.37,2
-6.54,-0.26,3.93,14.54,-12.37,-18.23,-6.45,5.29,3.31,55.69,-1.50,-7.71,2
-5.86,-0.93,4.38,20.32,18.84,-24.21,-7.90,5.78,4.67,53.12,-21.85,-16.56,2
-12.55,-1.37,0.22,24.90,42.84,-34.70,-7.76,4.07,4.22,27.84,-28.92,15.07,2
-13.98,0.07,0.53,26.74,-3.68,-15.54,-10.16,4.64,2.46,39.32,-33.73,-6.99,2
-10.79,2.80,2.13,-28.53,-2.45,18.35,-9.41,5.24,2.88,66.25,-29.48,-31.08,2
-9.05,-0.96,1.49,-43.61,10.02,38.15,-6.70,5.49,6.47,18.99,1.38,-46.69,2
-6.37,-1.29,2.68,-21.72,-11.91,26.39,-8.51,5.79,3.63,-81.37,64.85,-79.12,2
-5.64,-0.96,2.74,-25.79,14.34,13.69,-7.58,5.03,2.62,-45.35,23.68,-62.40,2
-6.66,-0.92,1.67,0.69,29.40,1.84,-7.15,4.70,3.09,2.44,-23.21,-2.45,2
-11.13,0.32,1.04,11.99,1.60,-9.33,-8.76,4.52,2.30,29.24,-59.96,38.12,2
-10.93,1.11,0.29,-11.26,-7.13,13.89,-7.89,4.80,4.42,89.52,-11.58,53.58,2
-9.51,0.62,-0.25,-26.92,-9.53,0.47,-6.24,5.90,5.91,-27.66,36.93,52.48,2
-8.41,1.07,1.20,-8.58,-38.18,-4.69,-5.76,5.21,4.74,-122.28,61.01,45.52,2
-9.37,1.35,1.67,-44.24,-36.44,-2.43,-4.93,7.56,2.46,-105.18,52.43,33.79,2
-9.36,2.00,1.18,-168.44,-39.33,40.11,-2.41,13.29,0.39,-91.88,67.09,102.66,2
-8.16,0.48,2.27,-207.91,-47.38,59.76,-5.78,13.60,-0.96,-122.85,121.60,127.22,2
-6.72,-1.81,3.40,-238.39,-21.52,68.74,-11.48,11.46,-1.28,-186.22,183.85,141.73,2
-8.09,-4.24,2.38,-220.50,1.64,77.73,-11.86,8.43,-2.16,-199.60,182.73,149.52,2
-9.33,-0.99,1.66,-168.22,29.97,83.79,-7.03,4.42,-1.91,-80.68,75.02,134.88,2
-9.68,-1.60,1.05,-175.88,23.88,82.21,-4.48,4.85,-1.09,-41.45,63.00,128.62,2
-9.33,-1.94,1.06,-169.90,16.72,72.77,-1.80,6.92,0.07,-28.69,84.77,84.76,2
-8.52,-1.77,0.86,-169.52,10.92,62.81,-1.78,8.48,1.04,-44.93,120.11,54.67,2
-7.98,-1.55,1.72,-153.54,0.02,49.95,-5.19,11.12,4.46,-111.34,155.86,94.52,2
-8.85,-1.23,2.66,-135.19,-4.90,50.44,-6.91,13.00,6.97,-102.63,97.54,136.69,2
-10.30,0.44,3.22,-97.36,-16.87,55.10,-9.62,16.23,8.55,-78.03,7.35,203.75,2
-11.37,0.32,3.13,-84.83,0.73,31.89,-11.58,17.93,9.24,-56.10,-117.75,250.13,2
-7.68,0.94,1.99,-44.22,1.64,28.81,-0.01,0.79,1.65,4.01,-125.94,250.13,2
-7.91,1.22,2.20,-54.64,7.27,29.73,0.75,-3.14,-1.26,41.93,-27.75,250.13,2
-8.62,2.05,2.24,-69.14,-9.18,35.98,3.65,-9.20,-2.40,77.81,15.63,161.62,2
-7.37,1.56,3.21,-78.62,-4.18,38.16,5.33,-10.75,-0.22,113.98,89.98,-82.77,2
-6.75,0.73,2.35,-52.59,32.32,24.71,-2.11,9.63,8.17,250.13,135.45,-250.14,2
-9.43,1.76,2.59,-64.52,57.08,13.05,-6.59,19.62,5.04,89.19,37.40,-220.85,2
-14.95,-0.02,-1.14,-67.48,10.74,23.87,-4.36,19.62,14.60,-7.02,4.73,99.85,2
-8.75,-2.42,3.28,5.09,3.80,-16.63,1.92,19.62,8.94,-75.19,-66.63,239.02,2
-10.06,2.27,1.79,-11.00,11.59,-3.38,1.35,-1.73,1.66,-155.99,-105.95,198.05,2
-8.77,1.46,2.61,-11.78,-22.08,12.40,7.28,-8.42,-2.58,-33.30,-61.96,101.96,2
-7.51,0.82,2.78,18.40,6.15,-9.68,8.75,-13.82,-0.78,57.57,40.05,-97.32,2
-7.20,0.39,2.41,31.42,2.12,-18.98,5.75,-11.87,1.87,76.28,109.49,-250.14,2
-12.59,0.83,0.12,-17.76,11.61,-2.47,-19.62,10.82,-0.28,75.48,-43.82,-250.14,2
-10.91,-0.44,2.50,-6.37,-4.90,0.18,-19.62,11.71,-0.13,-250.14,-29.91,-250.14,2
-8.82,-0.92,1.16,17.11,-17.29,-6.66,-14.66,3.07,3.26,-250.14,135.79,-250.14,2
-8.92,0.76,0.90,17.88,-32.99,-7.08,-13.85,2.45,4.29,-35.98,220.96,-243.42,2
-8.20,0.98,3.47,31.02,-28.37,-18.73,-16.01,4.50,3.55,86.63,70.10,-174.59,2
-7.87,0.44,3.32,47.38,-15.94,-29.20,-14.70,4.19,4.52,110.15,47.95,-147.76,2
-7.78,0.36,2.55,70.37,-6.60,-34.95,-11.53,4.02,4.36,115.11,55.05,-107.85,2
-8.74,0.00,2.34,84.34,-1.89,-38.73,-10.54,4.01,3.67,91.44,86.54,-55.40,2
-9.08,-1.56,1.95,153.60,-1.43,-53.18,-10.43,1.76,1.26,121.44,-6.73,49.44,2
-9.95,-0.97,0.97,186.29,-4.63,-68.43,-9.97,1.52,0.84,180.40,-36.16,95.15,2
-10.56,-0.57,0.05,223.16,-23.70,-88.01,-11.06,1.15,-0.08,228.08,-63.24,141.24,2
-10.05,-0.89,0.84,250.13,-25.55,-103.27,-11.27,1.57,0.58,214.88,-97.98,133.43,2
-9.12,0.97,-0.70,250.13,-14.30,-92.60,-8.79,0.03,2.09,165.56,-106.06,11.18,2
-9.04,0.92,-0.79,250.13,-19.40,-92.79,-8.04,1.04,2.53,186.47,-91.86,-7.46,2
-8.25,1.71,-0.03,250.13,-30.00,-94.35,-7.69,2.53,2.14,136.47,-110.50,-47.80,2
-7.91,2.16,0.69,234.57,-20.26,-93.08,-7.67,3.37,1.93,171.21,-138.38,-80.66,2
-8.37,1.89,3.35,146.24,0.36,-75.30,-7.41,8.69,0.38,231.47,-149.60,-71.57,2
-9.50,1.67,2.48,108.22,11.44,-53.88,-6.50,9.63,0.91,191.36,-119.98,-66.13,2
-10.05,1.11,3.14,68.01,11.56,-28.20,-6.53,9.14,2.04,119.88,-65.20,-50.21,2
-10.03,0.93,2.91,31.56,8.01,-12.02,-6.75,8.37,2.22,29.98,-0.07,-43.81,2
-8.22,0.19,1.72,-0.37,5.60,-5.36,-6.04,4.96,3.48,-17.58,56.21,-18.56,2
-7.75,-0.51,1.77,2.73,0.51,-15.04,-6.20,4.46,3.38,-6.29,38.11,-11.75,2
-6.75,-0.83,3.07,4.34,-2.37,-22.18,-7.05,3.69,3.54,17.40,7.77,-4.81,2
-6.34,-0.94,2.58,27.82,18.90,-19.95,-8.12,3.69,4.32,50.28,-33.87,-6.02,2
-13.15,-0.62,1.04,21.82,39.03,-40.69,-8.79,3.63,4.00,50.47,-27.31,5.91,2
-14.13,0.45,-0.94,47.92,-32.98,-14.92,-12.32,3.87,3.29,37.89,-9.18,-15.69,2
-10.30,2.79,1.22,-48.15,6.54,7.73,-10.15,3.89,3.01,56.22,-3.28,-32.78,2
-8.47,-2.21,2.09,-76.10,-5.01,36.97,-6.13,4.67,5.02,-15.13,27.97,-37.02,2
-6.88,-0.89,3.21,-39.33,-18.58,-1.79,-9.24,3.58,3.23,-115.57,47.76,-73.97,2
-6.83,-0.63,3.03,-19.95,1.09,6.97,-9.67,3.29,2.83,-14.05,9.73,-27.93,2
-6.54,-2.13,1.55,11.77,21.13,0.46,-9.06,4.00,3.78,34.82,-71.61,26.41,2
-10.86,-1.49,2.16,32.90,26.70,-22.96,-8.89,2.71,4.16,44.16,-82.98,69.84,2
-10.09,1.85,0.94,-30.57,-13.40,23.16,-6.31,6.01,5.62,34.60,-34.65,68.53,2
-8.88,0.99,1.56,-55.78,-39.58,35.31,-2.81,8.95,4.36,-79.60,25.87,68.90,2
-8.33,1.43,2.08,-103.73,-43.53,33.81,-3.62,9.88,3.45,-152.64,81.69,70.95,2
-8.75,1.54,2.35,-157.50,-39.75,45.48,-5.44,11.46,1.38,-157.16,113.50,90.17,2
-8.10,-1.78,3.08,-241.11,-6.21,84.86,-9.43,7.56,-2.72,-63.04,100.65,167.12,2
-7.57,-2.20,3.42,-245.63,13.29,93.43,-8.91,6.80,-2.86,-75.91,127.56,151.78,2
-8.30,-3.13,2.33,-230.25,34.81,96.08,-8.54,5.93,-2.37,-126.28,141.12,105.46,2
-8.90,-1.85,1.86,-208.34,39.34,95.19,-7.88,5.08,-1.61,-168.26,164.24,60.07,2
-8.35,-0.45,0.12,-182.75,44.89,64.85,-5.66,5.30,1.05,-161.44,157.20,29.09,2
-9.07,-0.52,-0.80,-178.79,34.65,60.52,-5.40,5.93,1.64,-132.95,133.26,30.78,2
-9.60,-0.95,-0.06,-177.29,25.82,54.09,-5.92,7.26,2.91,-110.41,114.91,40.81,2
-11.11,-0.22,0.55,-166.46,2.87,44.05,-7.84,9.65,4.06,-92.05,101.44,57.51,2
-9.78,-0.41,2.12,-74.17,-10.40,10.50,-13.72,18.33,9.58,-108.66,-17.26,250.13,2
-9.91,-0.38,1.56,-42.66,0.42,-0.25,-15.18,17.75,8.65,-124.40,-112.29,250.13,2
-9.61,0.12,1.64,-30.85,-9.65,6.92,-10.56,10.45,5.28,-106.20,-175.06,250.13,2
-8.76,0.68,1.76,-33.30,2.93,25.84,-6.10,2.39,0.98,-72.99,-170.92,250.13,2
-8.53,1.35,1.06,-63.95,7.09,56.84,2.51,-7.75,-2.02,71.28,2.64,116.44,2
-7.32,1.69,2.66,-58.93,5.36,61.79,5.55,-10.07,-1.91,106.31,76.37,-62.86,2
-5.86,1.44,2.47,-45.23,31.85,53.68,3.33,-5.84,3.06,139.31,121.01,-250.14,2
-6.16,3.76,2.08,-21.85,53.05,47.53,-0.50,0.12,5.74,133.45,199.66,-250.14,2
-13.71,2.16,-4.73,-42.89,19.95,10.16,-8.36,19.62,19.40,-125.75,-18.70,80.86,2
-9.35,1.98,0.45,0.18,-21.82,-25.76,-2.23,19.24,10.49,-16.83,-63.77,213.25,2
-7.81,3.92,0.27,0.21,-20.25,-49.49,-4.35,8.13,6.31,-140.21,-114.59,250.13,2
-9.14,2.63,-0.52,-7.66,-29.77,-37.81,-2.03,-0.89,-0.40,-127.82,-101.22,250.13,2
-7.17,1.04,1.73,5.14,-22.66,-21.15,7.70,-19.14,-2.23,16.32,-12.43,-142.39,2
-7.09,0.86,2.56,13.82,-14.48,-20.57,2.98,-16.03,0.53,92.45,58.64,-250.14,2
-8.31,2.29,1.42,-9.30,14.31,-14.00,-9.45,0.25,6.27,160.74,139.66,-250.14,2
-11.16,1.99,-1.36,-41.16,11.79,-1.45,-19.62,19.62,0.82,-113.04,53.66,-250.14,2
-8.58,0.64,0.75,29.43,-31.97,-18.24,-14.34,8.09,4.46,-18.32,238.07,-221.55,2
-8.77,1.39,1.83,43.84,-43.51,-19.83,-15.23,5.17,4.49,-55.92,194.26,-217.92,2
-7.15,0.99,2.36,73.61,-33.36,-22.15,-14.76,4.47,3.63,83.92,92.44,-185.23,2
-8.39,0.11,1.38,99.12,-12.57,-35.26,-14.34,6.58,5.07,199.18,37.63,-104.61,2
-9.36,0.54,0.53,200.83,-31.18,-68.34,-8.95,5.29,2.06,203.07,-29.17,-29.04,2
-9.61,0.98,0.39,222.70,-33.81,-82.38,-9.38,4.37,0.62,217.13,-38.97,5.89,2
-10.96,1.08,-0.32,240.85,-31.18,-90.15,-10.75,3.43,-0.03,247.16,-80.73,29.17,2
-10.46,0.92,-0.42,250.13,-44.20,-89.85,-11.39,2.65,-0.45,250.13,-95.80,43.59,2
-8.44,2.17,-1.06,240.45,-30.55,-59.60,-8.29,2.35,0.92,210.49,-82.73,-20.32,2
-8.06,3.08,-0.37,220.86,-30.84,-57.29,-7.19,2.26,1.45,185.65,-67.00,-48.60,2
-10.23,2.40,0.00,207.45,-21.89,-62.48,-8.19,3.31,0.96,191.70,-69.98,-66.85,2
-8.77,1.63,1.28,222.06,-45.56,-63.56,-10.01,4.86,0.85,185.92,-96.96,-92.67,2
-8.52,3.35,1.85,152.64,-31.39,-47.86,-8.00,7.80,0.85,165.51,-86.01,-44.19,2
-7.84,4.04,2.07,101.41,-8.20,-40.08,-6.16,7.85,1.96,116.22,-58.62,-38.67,2
-8.70,2.65,3.22,51.56,0.02,-15.80,-6.31,7.57,3.26,65.20,-16.80,-18.64,2
-9.92,0.95,2.97,27.46,-14.28,-1.82,-7.87,7.27,3.61,1.17,19.43,-17.37,2
-7.70,1.09,2.26,1.82,-9.42,3.50,-7.70,3.74,3.65,-9.44,28.68,17.85,2
-7.24,0.43,2.20,-0.54,1.33,-19.90,-6.65,3.01,3.32,-1.85,11.04,37.73,2
-6.27,-0.05,3.14,23.13,11.66,-44.12,-6.84,2.41,3.04,12.63,-12.98,35.25,2
-6.82,-0.29,2.35,35.85,23.94,-43.29,-7.22,2.20,2.60,62.92,-43.49,25.26,2
-14.02,1.22,-1.30,43.75,-17.52,-15.17,-12.58,4.48,1.99,69.98,-29.64,-26.25,2
-10.86,2.85,2.39,-30.09,-26.44,15.02,-12.35,4.15,3.08,29.29,-10.36,-55.93,2
-6.15,0.05,-1.44,-56.56,8.22,42.33,-6.03,3.36,4.47,-56.66,58.51,-30.89,2
-9.30,-2.41,3.03,-74.85,-16.15,18.38,-5.52,3.58,3.81,-174.92,133.15,-40.61,2
-7.29,0.15,2.83,-17.05,13.69,3.94,-11.00,2.43,2.07,-5.28,-9.03,-45.82,2
-7.31,-0.70,2.27,-2.73,16.47,2.85,-9.25,3.11,2.37,101.61,-67.44,33.62,2
-7.64,-1.54,1.93,6.58,24.44,-17.69,-8.55,4.42,2.71,69.79,-48.16,70.22,2
-8.73,-0.41,2.31,14.11,32.66,-29.23,-8.03,3.88,3.94,-30.12,-57.33,56.61,2
-10.81,2.58,-0.07,-41.09,-1.08,7.51,-6.94,6.07,3.88,4.21,-6.61,-8.15,2
-9.80,0.97,-0.13,-55.85,-38.18,31.64,-5.93,8.96,7.81,-55.75,-0.02,7.28,2
-7.82,-0.08,1.21,-95.40,-48.31,26.45,-6.68,9.56,5.36,-198.27,11.13,49.91,2
-8.90,0.72,1.61,-123.43,-50.60,25.44,-8.39,6.42,3.63,-197.73,50.37,92.69,2
-8.82,-0.55,2.09,-208.79,-30.24,69.85,-9.06,5.11,-1.34,-76.83,58.31,102.32,2
-7.77,-2.28,2.74,-235.84,-15.30,90.08,-8.91,5.19,-2.87,-47.04,70.04,105.56,2
-7.76,-3.95,2.93,-242.28,10.02,103.99,-10.19,4.48,-2.92,-91.68,113.74,77.00,2
-7.72,-4.15,2.90,-202.47,19.42,116.15,-8.99,4.51,-2.87,-168.04,163.65,43.68,2
-8.19,0.60,2.22,-166.01,4.94,60.94,-7.71,5.42,1.62,-118.46,112.99,32.62,2
-7.88,0.31,1.11,-164.30,13.47,64.18,-8.03,5.98,2.21,-118.50,78.62,54.35,2
-6.98,-0.06,1.48,-172.05,17.86,64.51,-6.41,6.36,2.76,-137.02,49.82,65.36,2
-9.98,-0.85,1.77,-182.40,28.51,55.24,-6.27,6.69,3.30,-146.47,77.73,71.98,2
-8.74,0.12,2.36,-173.64,31.80,56.84,-10.76,13.82,4.57,-164.11,82.22,117.21,2
-9.15,-0.23,2.08,-123.10,3.33,46.90,-11.24,16.47,5.88,-171.67,48.38,210.82,2
-8.99,-0.07,2.29,-93.10,4.62,18.79,-12.40,19.62,4.31,-117.54,-25.38,250.13,2
-9.10,0.66,2.05,-63.19,-5.98,5.47,-13.60,17.74,2.77,-210.09,-179.18,250.13,2
-8.51,-0.09,1.31,-89.57,1.88,23.94,-6.54,-4.26,-6.43,54.32,-138.82,250.13,2
-8.28,0.17,1.12,-112.73,25.65,35.15,-2.90,-11.37,-5.40,92.59,-46.76,181.80,2
-7.17,-0.81,2.14,-70.39,-15.05,43.11,1.51,-15.26,-1.01,168.27,51.68,-151.40,2
-6.28,0.09,2.39,-62.98,9.17,37.47,2.96,-3.28,0.19,111.83,140.08,-250.14,2
-11.61,-2.44,1.02,-61.44,-24.70,41.98,5.68,19.62,11.53,-10.93,-59.23,159.09,2
-8.44,-3.86,4.66,-4.98,10.96,-14.96,3.10,17.62,9.16,-98.02,-25.22,239.50,2
-8.65,-0.57,1.58,18.80,4.09,-29.31,0.12,2.93,4.66,-150.45,-52.41,250.13,2
-8.75,1.31,0.86,5.89,20.63,-0.44,-0.79,-1.97,-0.02,-113.04,-60.85,219.34,2
-7.49,0.87,2.07,16.25,-1.97,-9.41,8.04,-18.11,-1.85,38.71,57.86,-175.21,2
-7.11,0.71,2.41,22.07,-5.81,-13.63,5.40,-18.48,0.28,161.56,113.05,-250.14,2
-5.93,0.83,2.10,4.00,13.50,-16.27,-4.39,-3.53,11.62,241.44,88.73,-250.14,2
-14.02,0.76,-2.08,-46.19,68.89,-16.15,-19.62,16.26,-15.49,98.94,86.02,-250.14,2
-7.58,-0.64,1.91,48.69,-36.29,-20.95,-6.86,10.68,3.97,19.28,182.81,-141.55,2
-9.47,0.83,0.31,34.28,-24.89,-27.67,-8.07,7.53,4.09,-37.39,81.75,-185.64,2
-8.59,0.09,2.77,58.56,-40.98,-17.11,-10.22,6.15,3.05,56.70,101.12,-193.44,2
-9.00,0.33,2.34,48.89,-27.93,-20.92,-12.06,8.85,2.82,123.07,-51.16,-210.60,2
-7.70,0.01,2.02,110.56,-3.50,-35.89,-11.29,5.44,0.32,90.60,44.58,-102.87,2
-8.89,-0.30,1.80,127.34,4.98,-37.75,-10.29,4.78,-1.03,123.73,68.60,-54.94,2
-8.97,-1.02,1.54,150.40,-1.21,-46.59,-8.73,4.61,-1.28,167.15,6.43,-10.85,2
-10.00,-1.26,0.47,192.44,4.73,-62.28,-8.46,3.91,-0.43,198.61,-29.74,14.55,2
-9.24,0.51,0.37,249.98,-28.89,-93.50,-10.62,2.86,-0.13,246.73,-77.10,22.60,2
-8.84,1.33,-0.21,241.31,-18.01,-84.73,-10.64,2.64,0.18,229.73,-84.26,20.79,2
-8.61,1.31,0.36,250.13,-15.29,-64.46,-10.16,2.84,0.51,183.95,-86.05,4.27,2
-9.13,0.99,-0.23,247.42,-10.69,-70.24,-9.01,2.32,0.78,191.58,-87.31,2.46,2
-8.80,1.62,0.12,243.19,-40.45,-86.74,-9.07,2.52,0.74,181.01,-118.26,-10.76,2
-8.22,2.46,0.45,219.82,-22.60,-86.31,-8.68,2.34,0.29,209.31,-126.05,-14.09,2
-9.77,2.07,1.30,171.80,-6.78,-71.20,-7.36,4.05,0.07,225.83,-116.77,-14.59,2
-9.10,1.96,2.13,148.29,-18.05,-61.36,-7.96,5.79,0.48,166.38,-92.12,-38.97,2
-9.10,2.30,2.10,24.57,1.12,-12.00,-6.18,6.61,2.56,68.11,-7.43,-37.78,2
-8.82,1.30,2.42,-12.80,-8.22,8.73,-6.58,7.07,2.65,18.40,25.44,-36.76,2
-9.58,-0.86,2.94,-24.32,-12.31,25.63,-8.54,6.51,3.03,-46.98,52.95,-58.58,2
-8.51,-0.33,3.22,-12.96,1.72,24.80,-9.77,5.54,3.14,-82.76,62.79,-69.03,2
-5.68,-0.20,3.13,4.16,21.95,-20.40,-7.50,2.30,3.78,4.07,-2.11,24.24,2
-4.44,-1.07,1.83,24.57,49.41,-28.22,-6.36,2.23,4.17,37.85,-32.17,47.79,2
-7.72,-0.88,4.36,27.44,49.41,-58.53,-6.10,2.03,4.33,57.36,-76.98,54.35,2
-13.91,4.91,-0.13,63.48,-38.69,-62.10,-11.89,2.56,0.76,89.06,-25.69,30.23,2
-5.76,0.79,-1.34,-65.37,-3.24,46.92,-6.06,3.83,5.91,1.73,29.11,7.88,2
-7.61,-2.44,3.49,-74.85,-4.73,31.92,-4.20,4.06,4.92,-211.25,82.37,27.63,2
-8.27,-1.67,0.41,-3.49,-54.56,-9.83,-8.65,1.77,2.90,-250.14,141.23,-51.73,2
-4.49,2.11,4.15,-18.99,6.11,-19.17,-8.41,-0.40,1.54,-49.18,52.05,-90.54,2
-9.07,-3.72,-0.26,34.76,9.53,-16.35,-8.89,4.52,2.41,116.49,-93.33,50.76,2
-13.11,-1.49,2.28,34.62,11.69,-49.07,-8.99,4.02,3.64,38.66,-116.53,48.98,2
-11.84,4.45,-0.49,21.98,-56.35,-26.27,-11.14,4.10,3.03,9.69,-40.62,13.73,2
-8.87,2.71,0.99,-65.15,-10.24,38.41,-7.45,5.69,4.55,-10.38,29.58,-17.31,2
-8.28,0.74,1.73,-131.92,-39.28,15.95,-5.86,7.13,4.19,-226.45,108.27,8.63,2
-8.71,0.69,1.34,-152.24,-44.60,28.41,-7.72,7.98,3.31,-195.72,65.56,27.31,2
-8.45,-0.08,1.69,-199.42,-43.05,50.52,-10.18,8.64,0.61,-183.10,15.56,61.29,2
-8.73,-1.30,1.07,-233.05,-22.11,72.23,-11.31,7.01,-0.56,-166.81,10.30,97.20,2
-9.23,-3.54,1.75,-231.62,5.60,103.10,-11.01,3.61,-5.25,-113.23,158.68,111.03,2
-9.10,-3.67,1.08,-207.81,3.35,119.72,-10.24,2.93,-3.73,-92.34,105.43,92.10,2
-9.52,-1.91,3.51,-193.66,-1.37,127.89,-7.47,2.65,-2.24,-93.66,96.11,74.63,2
-7.75,-1.29,2.68,-151.39,16.19,104.66,-7.16,3.68,1.76,-141.72,51.78,13.75,2
-9.18,1.03,0.48,-142.98,27.77,35.98,-6.10,5.78,2.70,-167.24,88.33,-8.90,2
-8.76,0.82,0.59,-143.77,15.05,32.19,-5.62,7.07,2.16,-132.25,112.31,2.52,2
-8.66,0.96,0.51,-155.56,19.85,26.24,-5.40,8.76,1.25,-116.97,87.60,28.11,2
-9.51,0.91,0.92,-166.89,21.90,22.17,-5.82,8.97,1.01,-125.34,60.79,51.11,2
-9.06,-1.23,2.34,-96.61,15.06,12.44,-11.95,14.29,3.94,-150.69,53.33,153.15,2
-10.08,-1.78,2.21,-76.63,15.70,-3.73,-16.18,17.68,7.70,-136.87,-8.85,234.98,2
-8.93,-1.29,2.78,-24.18,-15.26,-23.05,-19.62,19.62,7.46,-159.72,-134.89,250.13,2
-9.92,0.18,2.71,-16.25,-10.18,-27.77,-18.97,15.13,3.36,-164.51,-220.30,250.13,2
-9.66,0.32,0.17,-92.97,18.82,11.71,-3.23,-12.31,-10.00,17.60,-123.87,250.13,2
-8.37,-1.09,-0.18,-95.66,-8.75,36.47,-0.17,-17.16,-9.37,-15.08,-73.83,154.49,2
-4.47,-1.65,2.98,-62.70,-21.21,37.70,-2.08,-19.15,-4.85,250.13,195.75,-250.14,2
-5.45,-0.49,0.81,-39.00,1.66,43.24,-0.39,8.97,4.28,250.13,250.13,-250.14,2
-9.92,-4.21,6.62,-5.57,-29.97,25.10,7.17,19.62,8.35,75.35,-60.44,250.13,2
-7.26,-2.77,1.53,18.06,13.33,-24.00,0.91,18.38,5.45,-248.40,-77.76,250.13,2
-6.84,0.48,0.72,24.13,4.93,-20.82,-4.24,-2.08,-0.41,-170.95,-93.45,250.13,2
-12.99,3.23,-3.44,-20.23,-32.73,20.51,-1.60,-11.96,-7.63,-125.34,-32.14,250.13,2
-7.34,-1.07,2.17,31.60,3.25,-18.99,-1.86,-13.30,3.64,219.90,167.88,-250.14,2
-7.57,0.50,0.94,18.63,2.18,-24.83,-10.90,11.31,6.00,250.13,115.25,-250.14,2
-13.86,3.16,-3.64,-83.30,53.15,16.17,-16.24,19.62,1.33,-212.69,-236.01,-174.57,2
-11.31,-5.21,3.70,14.84,-37.45,31.24,-3.49,17.06,2.43,62.40,-58.74,-74.67,2
-9.40,0.82,0.33,54.41,-33.15,-12.21,-2.49,2.90,2.08,-103.78,168.62,-250.14,2
-8.42,1.19,1.65,59.42,-33.73,7.25,-5.91,6.38,1.42,-26.78,165.55,-250.14,2
-7.93,1.38,2.47,56.05,-20.71,-2.02,-9.46,7.91,2.04,-8.02,58.22,-250.14,2
-7.50,0.78,2.20,76.92,-13.93,-17.27,-11.76,8.84,1.45,31.10,63.49,-250.14,2
-9.40,0.15,1.59,117.57,1.41,-32.02,-12.87,6.32,0.90,165.66,31.07,-139.05,2
-9.72,-0.17,0.61,133.65,-2.06,-27.05,-12.40,6.35,0.65,188.54,6.90,-105.00,2
-9.98,-0.02,0.61,173.41,-9.69,-41.06,-10.69,5.44,0.08,157.49,-0.94,-79.51,2
-9.72,0.71,-0.27,200.95,-19.86,-53.34,-9.92,4.17,-0.41,188.55,-14.76,-38.19,2
-9.21,2.34,-0.20,217.76,-28.29,-66.89,-8.30,3.97,-0.27,250.13,-64.98,18.91,2
-9.34,1.77,-0.25,217.82,-29.10,-63.24,-8.32,3.96,0.66,250.13,-65.87,16.30,2
-9.93,1.49,-0.54,217.60,-33.95,-63.17,-9.19,4.09,0.92,244.14,-66.01,4.54,2
-9.43,1.67,-0.20,211.98,-36.11,-68.86,-9.03,4.03,1.43,202.76,-50.18,3.15,2
-7.30,1.49,1.05,200.41,-22.89,-73.80,-8.80,3.49,2.61,155.35,-62.23,19.99,2
-8.56,1.02,1.05,201.64,-1.93,-70.21,-8.95,3.55,2.53,156.79,-79.56,17.14,2
-10.52,1.04,1.33,183.93,-11.26,-66.27,-10.25,4.16,2.24,155.79,-93.07,7.35,2
-8.91,1.75,1.90,136.67,-0.29,-55.28,-8.97,4.32,2.27,148.21,-96.14,-3.75,2
-9.37,1.83,2.25,10.05,-1.50,-1.10,-7.23,5.79,1.78,24.45,-4.69,-44.55,2
-9.28,0.13,0.79,-4.74,4.55,13.60,-7.96,5.37,2.09,-13.17,23.40,-59.47,2
-8.76,0.27,1.48,-17.10,-9.48,15.44,-8.24,4.70,1.92,-46.95,56.78,-57.72,2
-7.83,0.02,1.79,-1.15,-17.08,3.81,-7.56,3.69,1.37,-28.62,65.44,-34.18,2
-6.47,-2.09,1.96,47.73,35.31,-48.03,-7.68,3.88,2.62,82.47,-31.79,36.95,2
-6.80,-1.81,2.02,61.08,21.36,-44.90,-7.95,3.88,3.62,98.89,-78.67,51.76,2
-16.61,0.43,-1.48,52.36,22.38,-52.80,-10.57,4.39,2.48,97.51,-49.32,45.58,2
-12.46,3.02,2.27,5.11,-23.76,11.34,-14.11,5.40,3.37,76.34,-72.29,-8.15,2
-8.08,-2.14,3.20,-41.24,-15.97,14.64,-6.53,3.71,3.82,-204.75,107.21,-1.16,2
-8.94,-1.60,2.03,-31.34,-27.71,-6.10,-8.72,2.24,1.44,-196.48,104.75,-44.60,2
-7.13,0.46,2.82,-16.36,-8.96,-2.05,-8.76,1.61,1.12,-57.40,28.80,-55.57,2
-7.21,-0.56,2.70,-15.30,7.37,9.56,-8.76,2.64,0.56,75.39,-22.58,-1.35,2
-9.02,-1.89,0.91,26.63,29.18,-27.82,-8.25,4.33,4.05,-2.88,-59.60,43.62,2
-13.47,-1.39,-1.44,47.50,19.60,-30.84,-8.92,3.59,4.58,-3.49,-35.40,36.37,2
-10.62,2.42,0.43,39.59,-45.40,-11.89,-8.72,4.35,3.26,14.79,19.05,9.96,2
-9.16,1.65,0.15,-57.57,-16.87,19.04,-6.09,5.97,4.05,23.83,4.48,7.69,2
-8.16,0.55,-0.77,-205.88,-31.22,65.18,-6.51,13.08,2.54,-197.50,96.79,-3.40,2
-9.05,-0.72,-0.23,-250.14,-31.17,80.08,-10.76,12.41,-0.26,-250.14,142.03,34.17,2
-7.96,-3.52,0.82,-250.14,-22.99,94.05,-10.65,6.19,-3.06,-250.14,157.47,67.31,2
-7.44,-3.76,1.78,-234.11,-7.33,90.08,-10.31,3.58,-5.14,-235.29,126.92,89.48,2
-9.66,-1.91,0.98,-212.33,12.91,101.70,-8.36,4.33,-2.22,-60.15,26.41,94.74,2
-9.21,-2.18,1.54,-204.53,8.40,104.11,-8.09,4.26,-1.17,-90.32,39.45,62.79,2
-8.70,-1.40,1.03,-184.50,13.45,84.56,-7.54,5.05,-0.34,-168.95,101.25,26.93,2
-8.29,-0.50,0.81,-175.71,16.98,66.72,-5.98,4.62,0.43,-200.46,167.37,5.60,2
-8.39,-0.75,0.83,-186.15,14.97,62.05,-5.06,9.57,1.48,-144.79,95.92,27.74,2
-9.44,-0.62,1.66,-177.51,24.66,49.15,-6.10,10.94,1.53,-137.94,61.44,61.50,2
-10.63,0.67,1.24,-159.42,10.73,39.21,-8.74,13.12,2.23,-131.60,58.69,118.02,2
-9.25,-0.59,2.52,-134.31,8.24,42.24,-12.91,16.18,5.82,-150.83,16.79,190.24,2
-9.92,-0.07,3.19,-43.11,7.37,-6.66,-17.57,16.87,3.84,-166.12,-144.84,250.13,2
-10.14,0.75,2.83,-24.97,0.50,-2.21,-14.32,12.30,2.00,-158.38,-205.34,250.13,2
-8.79,0.42,2.12,-8.57,10.72,0.37,-7.04,3.31,-0.50,-130.27,-250.14,250.13,2
-9.01,0.30,1.33,-8.48,27.93,-2.92,-2.69,-1.88,-1.31,-19.40,-212.34,250.13,2
-6.20,0.99,2.47,-29.23,-13.73,28.70,4.67,-19.62,-4.18,93.53,43.92,-172.32,2
-5.62,0.38,1.85,-22.56,5.33,22.48,1.43,-12.41,-0.09,151.17,123.56,-250.14,2
-8.11,1.51,2.25,-24.91,31.24,19.05,-2.62,13.13,9.85,222.08,146.50,-250.14,2
-14.64,2.62,-1.03,-67.60,42.26,11.83,-19.62,19.62,-0.12,-109.72,140.57,-107.56,2
-6.68,0.16,1.73,18.85,-5.82,-32.37,1.52,6.30,7.63,-164.56,-144.63,250.13,2
-8.91,2.25,0.71,9.59,4.44,-17.86,0.46,-0.61,3.11,-103.89,-115.42,250.13,2
-10.11,1.30,-1.75,-20.38,-18.28,16.40,0.80,-4.06,-1.66,-9.44,-95.18,234.29,2
-8.53,1.61,3.57,-20.55,-21.27,19.76,7.04,-19.62,-6.50,76.76,-19.47,64.79,2
-6.05,1.84,1.36,14.47,17.00,-4.79,-18.11,6.64,4.30,250.13,192.13,-250.14,2
-9.92,4.80,-1.74,-58.92,50.30,13.37,-19.62,19.62,0.66,-250.14,-3.51,-250.14,2
-13.01,1.11,0.66,-48.14,-25.40,43.43,-11.04,9.93,4.89,119.62,80.76,-111.36,2
-10.02,-1.52,3.31,-0.07,-24.26,11.50,-4.42,11.22,4.34,-0.48,198.98,-68.59,2
-8.48,2.79,1.51,46.54,-41.11,-5.53,-7.44,3.18,5.68,-106.00,147.85,-215.63,2
-8.37,1.90,1.39,32.04,-46.54,-5.96,-10.45,1.96,3.63,-35.89,120.73,-239.76,2
-7.20,1.85,2.96,45.25,-31.25,-23.55,-16.52,2.57,3.37,56.15,167.66,-248.63,2
-8.10,0.80,2.63,68.89,-16.90,-33.42,-16.54,4.28,1.77,138.99,118.24,-176.37,2
-9.00,0.56,1.99,166.10,-24.44,-59.46,-10.70,4.70,-0.27,214.07,10.57,-42.05,2
-9.52,0.63,1.44,191.19,-26.78,-69.96,-9.46,4.19,-1.08,238.27,-11.00,-27.96,2
-10.10,0.83,0.67,221.20,-31.77,-81.85,-9.91,3.89,-1.92,250.13,-23.49,3.68,2
-9.87,1.00,0.41,238.92,-37.63,-85.96,-10.78,3.96,-1.76,250.13,-23.96,21.99,2
-8.89,2.16,-1.32,250.13,-47.22,-73.79,-9.91,2.58,-0.39,237.61,-47.18,17.36,2
-8.08,2.85,-1.33,250.13,-42.80,-68.75,-8.64,1.92,0.32,239.11,-48.35,13.36,2
-8.01,3.09,-0.70,240.27,-45.18,-73.45,-7.38,2.65,1.01,231.12,-43.07,6.33,2
-8.32,3.22,0.04,229.16,-52.82,-78.84,-6.97,3.44,0.34,213.15,-41.38,-10.53,2
