-8.73,-1.49,1.92,-1.63,-7.66,-3.39,-9.32,1.80,1.84,19.95,-3.76,-23.44,0
-8.67,-1.59,2.39,-3.15,-5.15,-4.07,-9.28,1.26,2.08,13.08,0.88,-20.56,0
-8.72,-1.79,2.19,-1.18,-5.76,-3.09,-9.19,1.40,2.35,4.46,-1.52,-20.50,0
-8.59,-1.91,2.30,0.47,-5.55,-3.00,-9.41,1.05,2.82,5.86,-6.55,-22.30,0
-8.76,-1.89,2.21,-0.47,-2.81,-0.08,-9.56,1.17,2.91,13.42,-7.24,0.21,0
-8.75,-1.72,2.40,-0.11,0.65,-0.35,-9.67,1.31,2.78,15.52,-9.53,5.58,0
-8.87,-1.58,2.11,3.13,-1.92,-0.98,-8.84,0.66,2.23,24.77,-10.34,11.16,0
-9.00,-1.47,2.17,3.50,-1.34,-2.46,-8.95,1.09,1.94,32.58,-11.37,8.71,0
-8.71,-1.26,2.05,1.59,-2.55,-7.79,-8.87,0.51,1.94,13.70,-4.61,2.56,0
-8.61,-1.48,2.09,3.09,-4.56,-8.92,-8.87,0.43,1.81,16.16,-1.37,-1.82,0
-8.61,-1.57,2.29,1.38,-4.24,-10.29,-9.06,0.71,1.93,17.40,2.47,-6.13,0
-8.54,-1.68,2.56,1.80,-4.83,-9.78,-9.34,0.97,2.14,7.19,7.44,-7.92,0
-8.41,-1.93,2.40,-0.21,-2.47,-8.21,-9.33,1.20,2.40,2.67,7.09,-5.87,0
-8.49,-2.00,2.55,-1.11,0.38,-8.23,-9.29,1.13,2.48,4.99,6.04,-3.95,0
-8.45,-2.05,2.44,-0.02,0.27,-6.95,-9.30,1.09,2.29,4.79,3.15,-2.73,0
-8.53,-1.98,2.56,0.76,0.86,-5.56,-9.27,1.08,2.21,3.52,2.13,-3.46,0
-8.43,-1.91,2.61,1.81,2.63,-1.66,-9.30,1.16,2.55,-6.75,-0.07,-2.07,0
-8.56,-1.80,2.37,3.81,0.40,0.47,-9.33,0.91,2.58,-4.98,-0.76,3.15,0
-8.71,-1.74,2.35,-0.24,7.61,-0.63,-9.26,1.01,2.55,7.56,-4.95,6.04,0
-8.83,-1.45,2.35,0.92,5.95,-1.67,-9.31,0.76,2.48,8.95,-4.52,8.56,0
-8.57,-1.83,2.14,-9.10,3.76,1.56,-9.31,1.22,2.00,0.37,3.05,12.10,0
-8.61,-1.94,2.26,-13.50,4.37,5.74,-9.39,1.61,2.09,-9.05,5.37,12.93,0
-8.73,-1.89,1.83,-14.69,1.53,8.47,-9.32,2.28,2.04,-28.79,7.50,16.60,0
-8.82,-1.72,1.97,-14.12,-0.87,8.89,-8.95,1.72,2.56,-37.61,6.57,23.81,0
-8.95,-1.67,1.88,-10.08,-0.74,5.89,-8.91,1.52,1.93,-2.69,-4.47,12.63,0
-9.01,-1.65,1.77,-6.90,-4.46,4.96,-9.02,1.33,1.92,-4.82,-3.73,11.05,0
-9.01,-1.67,2.04,-7.69,-1.18,2.45,-9.19,1.20,1.67,-2.90,-1.11,8.75,0
-8.86,-1.53,1.97,-5.28,-2.87,2.04,-9.24,1.07,1.82,-4.09,0.65,6.05,0
-8.81,-1.60,2.05,-4.57,-2.31,1.14,-9.04,1.14,2.02,-0.30,2.43,-3.67,0
-8.56,-1.63,2.04,-3.12,-2.05,0.47,-9.12,1.27,2.14,-2.36,1.51,-6.69,0
-8.93,-1.57,1.81,-1.07,-1.78,-1.27,-9.09,1.46,2.24,-1.16,1.09,-8.81,0
-8.86,-1.48,1.93,-0.92,-1.39,-1.73,-9.20,1.57,2.20,3.31,-0.52,-10.89,0
-8.72,-1.37,1.91,1.15,-1.54,-2.14,-9.02,1.73,2.26,2.72,-2.38,-10.57,0
-8.68,-1.43,2.01,0.50,-1.43,-2.69,-9.14,1.76,2.18,4.27,-1.40,-8.56,0
-8.80,-1.42,1.94,0.93,-1.03,-2.71,-9.21,1.80,2.27,1.86,-2.18,-6.37,0
-8.74,-1.39,2.03,1.44,-2.93,-2.15,-9.22,1.73,2.17,5.17,-1.74,-3.30,0
-8.98,-1.48,1.94,-0.84,-1.55,-2.19,-9.14,1.44,2.24,4.19,-0.86,0.93,0
-8.80,-1.34,2.11,-0.65,-3.24,-2.14,-9.11,1.49,2.27,1.50,0.37,1.28,0
-8.73,-1.36,2.04,-3.77,-0.79,-2.27,-9.05,1.29,2.25,0.25,-0.46,0.50,0
-8.57,-1.41,2.06,-2.83,-2.26,-1.98,-9.16,1.51,2.20,0.79,0.64,0.01,0
-8.78,-1.47,2.14,-4.14,-0.70,-2.15,-9.26,1.69,2.11,0.03,1.61,3.54,0
-8.69,-1.51,2.15,-2.85,-2.40,-1.97,-9.28,1.89,2.12,-2.39,3.46,8.93,0
-8.74,-1.41,2.16,-2.54,-0.60,-1.86,-9.12,1.72,2.17,-0.47,2.66,8.21,0
-8.72,-1.34,1.35,-3.61,-3.54,-1.23,-8.95,1.50,2.02,1.55,0.08,6.17,0
-8.89,-1.51,2.03,-3.93,-1.40,-2.40,-9.19,1.50,2.03,-1.77,1.25,4.25,0
-8.90,-1.46,2.00,-3.96,-2.05,-2.18,-9.17,1.40,2.12,-2.18,1.86,3.81,0
-8.87,-1.46,1.84,-9.24,8.34,-4.08,-9.21,1.41,2.28,-2.47,-0.21,2.23,0
-8.90,-1.56,1.92,-2.44,-2.17,-1.94,-9.04,1.44,2.19,6.08,-1.40,0.46,0
-8.79,-1.55,2.09,-1.77,-3.41,-1.93,-9.13,1.73,2.02,-3.59,-0.43,-1.61,0
-8.83,-1.56,2.03,-2.82,-0.98,-2.31,-9.09,1.74,1.92,-1.44,-1.23,-2.34,0
-8.83,-1.65,2.10,-2.11,-1.57,-1.97,-9.17,1.80,1.97,0.31,-1.66,-2.09,0
-8.89,-1.63,2.05,-2.14,-1.20,-2.24,-9.04,1.69,1.97,2.38,-1.03,-1.34,0
-8.63,-1.48,2.08,-2.43,-1.87,-2.20,-9.06,1.58,2.07,-1.25,0.62,-2.38,0
-8.65,-1.51,2.16,-3.35,-1.12,-2.48,-9.15,1.56,2.09,-0.50,0.53,-2.21,0
-8.61,-1.47,2.11,-2.41,-2.15,-2.11,-9.15,1.69,2.05,-0.06,-0.37,-2.98,0
-8.62,-1.52,2.19,-2.57,-1.05,-3.14,-9.21,1.64,2.05,0.11,0.08,-0.38,0
-8.76,-1.59,2.13,-2.53,-1.44,-2.93,-9.15,1.68,1.96,0.26,0.37,1.58,0
-8.70,-1.60,2.05,-2.88,-1.47,-2.43,-9.10,1.74,1.99,0.82,0.86,1.64,0
-8.68,-1.59,2.05,-2.38,-1.53,-2.56,-9.15,1.69,2.03,1.28,-0.07,0.37,0
-8.66,-1.58,2.04,-2.49,-1.60,-2.26,-9.17,1.62,2.11,0.32,0.47,0.85,0
-8.89,-1.67,2.06,-1.98,-1.17,-2.38,-9.17,1.68,2.13,0.34,-0.31,0.47,0
-8.86,-1.66,2.04,-1.93,-1.43,-2.21,-9.15,1.54,2.12,1.83,-1.23,0.63,0
-8.78,-1.61,2.16,-1.88,-1.07,-2.05,-9.18,1.66,2.08,1.17,-1.76,-0.99,0
-8.83,-1.54,2.06,-2.11,-1.37,-2.08,-9.15,1.63,1.93,0.94,-0.70,0.17,0
-8.87,-1.65,2.03,-1.60,-1.02,-1.53,-9.08,1.71,2.01,1.59,-0.76,-0.50,0
-8.83,-1.64,2.03,-2.26,0.16,-2.16,-9.16,1.75,2.12,1.80,-0.69,-0.68,0
-8.85,-1.58,2.01,-2.24,-0.33,-2.13,-9.08,1.63,2.07,2.03,-0.11,0.21,0
-8.84,-1.58,1.97,-1.76,-1.53,-1.66,-9.14,1.80,2.10,0.16,-0.30,-0.34,0
-8.66,-1.63,2.16,-2.34,-1.28,-2.25,-9.15,1.70,2.16,2.03,-1.05,-0.20,0
-8.77,-1.54,2.14,-3.05,-0.39,-2.18,-9.17,1.74,2.06,-0.56,-0.56,0.13,0
-8.69,-1.60,2.10,-2.62,-1.06,-2.41,-9.09,1.73,2.07,2.30,0.08,2.01,0
-8.66,-1.53,2.08,-2.69,-0.70,-2.08,-9.09,1.73,2.00,0.14,-0.04,1.58,0
-8.93,-1.60,2.03,-3.18,-1.14,-1.81,-9.09,1.66,1.97,-1.27,-0.32,-0.48,0
-8.68,-1.62,2.15,-3.33,-1.34,-2.34,-9.06,1.68,2.08,0.52,0.68,-0.56,0
-8.63,-1.67,2.12,-3.12,-1.27,-2.15,-9.16,1.69,1.99,-0.52,-0.69,-1.36,0
-8.64,-1.60,2.13,-2.68,-1.79,-2.02,-9.22,1.72,2.01,0.50,0.79,-0.50,0
-8.62,-1.59,2.15,-1.82,-1.55,-2.05,-9.16,1.60,1.99,1.77,0.04,-0.21,0
-8.69,-1.59,2.17,-1.54,-1.66,-2.46,-9.13,1.68,1.94,1.13,-0.95,-0.84,0
-8.63,-1.54,2.05,-0.89,-1.82,-2.91,-9.16,1.65,2.05,1.51,-0.88,-0.88,0
-8.80,-1.65,2.05,-1.81,-0.79,-2.78,-9.14,1.72,2.02,1.79,-0.58,0.27,0
-8.87,-1.68,2.08,-1.88,-1.18,-2.99,-9.19,1.68,2.02,0.56,-1.10,-0.43,0
-8.91,-1.79,2.06,-1.14,-1.73,-2.59,-9.12,1.69,2.01,2.82,-0.70,0.17,0
-8.85,-1.66,2.11,-1.86,-1.24,-2.62,-9.15,1.71,2.00,-0.34,-0.83,-0.17,0
-8.84,-1.60,2.10,-2.75,0.17,-2.27,-9.09,1.73,1.95,3.52,-1.50,-1.24,0
-8.76,-1.65,2.19,-0.85,-1.48,-2.67,-9.10,1.78,1.83,3.34,-1.40,1.72,0
-8.57,-1.50,2.34,-4.80,6.79,-3.43,-9.09,1.71,1.97,2.98,0.66,2.37,0
-8.93,-1.81,1.86,-2.55,0.44,-2.36,-9.13,1.59,1.85,5.14,-0.21,2.40,0
-8.73,-1.67,2.05,-4.02,0.28,-2.04,-9.14,1.64,1.88,2.48,2.29,0.27,0
-8.77,-1.62,1.96,-6.00,-0.66,-1.71,-9.20,1.68,2.03,0.57,0.63,-2.11,0
-8.64,-1.75,2.04,-3.59,-4.47,-1.44,-9.20,1.74,2.17,-0.21,1.00,-1.70,0
-8.57,-1.67,2.21,-3.95,-1.30,-1.73,-9.18,1.82,2.07,-6.63,0.02,-2.53,0
-8.67,-1.78,1.88,-4.21,-0.22,-1.63,-9.15,1.65,2.00,2.21,-1.67,0.42,0
-8.68,-1.78,2.06,-1.36,-0.13,-1.21,-9.20,1.65,1.96,-1.04,-2.05,0.56,0
-8.82,-1.76,1.89,-1.40,-0.37,-1.40,-9.19,1.63,1.87,1.21,-2.10,0.92,0
-8.76,-1.72,1.97,-0.31,-0.21,-0.79,-9.16,1.60,2.00,1.72,-1.46,-0.37,0
-8.85,-1.63,1.93,0.53,-1.62,-0.75,-9.18,1.57,1.96,-0.30,-1.89,-0.21,0
-8.84,-1.61,2.09,-0.44,-1.85,-0.34,-9.17,1.69,2.04,1.74,-0.56,-2.00,0
-8.91,-1.59,2.10,-0.79,-1.15,-0.13,-9.20,1.66,2.00,-0.01,-1.81,-3.50,0
-8.89,-1.63,1.98,-1.66,-1.73,-0.19,-9.15,1.73,2.08,1.37,-0.89,-2.33,0
-8.91,-1.53,2.00,-2.53,0.47,-0.91,-9.08,1.81,2.05,-0.65,-1.25,-1.73,0
-8.91,-1.56,2.01,-2.23,-0.37,-2.15,-9.07,1.83,1.95,1.79,-1.60,-0.71,0
-8.81,-1.51,2.00,-1.90,-1.47,-2.85,-9.11,1.68,1.94,0.45,-0.92,0.59,0
-8.88,-1.39,2.17,-4.51,-1.40,-3.77,-9.13,1.62,1.99,1.48,-0.51,0.01,0
-8.72,-1.55,2.00,-6.21,-3.10,-4.05,-9.22,1.73,2.02,2.52,-0.81,0.86,0
-9.13,-1.62,2.04,-9.49,3.28,-3.21,-8.79,1.57,2.06,0.80,2.75,3.74,0
-9.03,-1.64,1.73,-10.03,3.49,-4.24,-8.87,1.74,2.12,-4.16,2.66,1.61,0
-8.75,-1.98,1.79,-8.07,-3.84,-0.21,-9.24,1.60,1.93,-3.70,3.03,0.47,0
-8.90,-2.10,1.65,-7.00,-1.02,-0.60,-9.23,1.66,1.77,-4.58,3.41,0.82,0
-8.49,-1.72,2.05,-7.26,-1.32,0.47,-9.06,1.60,1.89,-0.42,2.27,-3.38,0
-8.68,-1.83,1.88,-6.79,0.95,-1.49,-8.97,1.76,2.08,-4.56,2.18,-5.32,0
-8.93,-1.83,1.88,-8.71,-0.30,-4.76,-9.11,1.62,2.03,-2.81,-2.08,-4.05,0
-8.66,-1.96,1.55,-1.02,-7.21,-4.32,-9.13,1.76,1.89,7.69,-3.27,-5.11,0
-8.80,-2.32,0.65,-3.94,-0.38,-4.31,-9.35,1.61,1.72,10.66,-3.02,-4.43,0
-8.71,-2.12,1.16,0.82,-0.65,-1.71,-9.00,1.74,1.81,4.04,1.89,-1.10,0
-8.91,-1.85,2.24,-1.87,-0.86,-0.92,-9.23,1.65,2.12,-4.93,4.33,2.79,0
-8.94,-1.81,2.04,-1.82,-2.84,-1.10,-9.15,1.32,2.31,-2.73,0.30,3.19,0
-8.91,-1.83,1.79,-2.96,-1.63,-0.05,-9.20,1.63,1.87,-1.69,-1.01,0.35,0
-8.82,-2.00,1.94,-3.53,-2.04,-0.02,-9.31,1.52,1.85,-6.19,-2.61,-0.21,0
-8.82,-1.77,1.94,-2.40,-1.10,-0.67,-8.98,1.39,1.77,0.22,-2.15,-0.95,0
-8.89,-1.94,1.40,-3.40,-1.48,-1.32,-9.32,1.41,1.45,0.40,-1.85,-0.47,0
-8.77,-1.79,2.45,0.40,-0.01,-3.28,-9.33,1.59,1.86,-6.13,3.64,-4.67,0
-8.67,-1.78,2.22,-2.23,-0.06,-2.50,-9.26,1.73,2.08,2.40,1.89,-1.43,0
-8.62,-1.95,2.00,-0.06,5.73,-3.38,-9.25,1.84,2.02,1.25,-1.12,1.79,0
-8.84,-1.94,2.14,0.46,1.81,-2.24,-9.38,1.55,2.00,3.54,-3.46,4.82,0
-8.82,-1.82,1.65,-2.42,4.28,-1.31,-9.12,1.27,1.80,1.09,-1.77,2.45,0
-8.73,-1.88,1.54,-1.78,2.50,-0.36,-9.23,1.37,1.74,3.15,-1.36,0.83,0
-8.87,-2.06,1.80,2.34,1.98,0.65,-9.40,1.42,1.90,-0.33,-0.36,-0.01,0
-8.67,-1.66,1.82,2.70,-3.53,0.67,-9.33,1.38,1.93,2.56,-2.14,0.25,0
-8.66,-1.52,1.83,1.89,-2.70,-0.06,-9.01,1.38,1.92,1.73,-1.59,0.05,0
-8.88,-1.61,2.01,1.20,1.39,-0.67,-9.07,1.51,2.05,0.68,-1.85,-1.47,0
-8.88,-1.60,1.80,0.80,-1.21,-2.11,-9.10,1.42,1.87,4.06,-2.98,-2.75,0
-8.96,-1.60,1.75,-1.88,0.80,-2.52,-9.15,1.52,1.87,3.18,-1.12,-3.66,0
-8.95,-1.68,1.85,-3.56,-1.16,-2.02,-9.14,1.44,1.85,1.39,0.11,-2.88,0
-8.82,-1.67,1.85,-3.43,-2.69,-2.17,-9.25,1.71,1.88,0.15,0.92,-2.74,0
-8.97,-1.72,1.88,-4.08,-1.07,-2.19,-9.33,1.58,1.90,-1.24,1.52,-1.92,0
-8.92,-1.76,1.96,-4.30,-1.50,-0.89,-9.11,1.70,1.97,-1.08,1.24,-0.78,0
-8.81,-1.63,1.76,-2.20,-2.27,-1.38,-9.29,1.39,2.05,4.47,-3.09,4.69,0
-8.94,-1.70,1.74,-1.37,-1.04,-0.83,-9.12,1.62,1.98,3.52,-3.12,3.56,0
-9.07,-1.61,1.84,-2.11,1.95,-3.03,-9.14,1.22,1.79,-0.63,-2.53,1.70,0
-8.95,-1.71,1.45,1.98,1.25,-4.37,-8.99,1.58,1.98,2.75,-0.56,0.92,0
-8.79,-1.81,1.56,2.72,-1.94,-2.98,-9.18,1.45,1.87,6.89,-0.51,-1.04,0
-8.77,-1.73,1.91,-0.30,-1.94,-2.46,-9.32,1.63,1.71,4.80,0.91,-1.26,0
-8.78,-1.58,1.90,-1.67,-6.02,-2.76,-9.07,1.54,2.03,-2.74,1.79,-1.24,0
-8.73,-1.70,1.90,-4.37,0.37,-2.95,-9.00,1.65,2.01,0.66,0.69,-2.55,0
-8.66,-1.85,1.73,-2.91,-0.45,-2.34,-9.30,1.71,1.98,-2.07,-1.04,-1.93,0
-8.82,-1.81,1.60,-1.67,-0.56,-1.86,-9.16,1.77,2.10,-1.34,-1.39,-0.85,0
-8.62,-1.75,2.04,-5.85,-4.22,-1.69,-9.23,1.57,1.95,1.92,-1.87,2.09,0
-8.69,-1.77,2.06,-2.47,-0.44,3.27,-9.46,1.73,1.91,-2.77,-1.39,-1.25,0
-8.86,-1.61,1.56,-1.91,-5.82,4.16,-9.11,1.47,2.20,-2.72,-1.63,1.46,0
-9.18,-1.41,1.71,-2.25,-5.88,2.70,-9.08,1.43,2.22,-2.05,-2.21,1.62,0
-9.10,-1.15,1.88,-7.92,-2.69,0.36,-8.99,1.48,2.00,-5.21,-0.95,0.66,0
-8.79,-1.36,2.00,-12.07,-7.02,1.24,-8.93,1.65,1.99,-7.92,1.02,-0.46,0
-8.98,-1.57,1.94,-12.16,-5.11,0.68,-9.35,1.56,1.91,-8.93,1.89,-0.46,0
-8.90,-1.71,2.01,-9.50,-6.53,0.79,-9.18,1.52,1.86,-7.60,2.52,0.98,0
-8.80,-1.61,2.05,-9.32,-5.40,-1.09,-9.17,1.38,1.85,-8.63,1.79,0.95,0
-8.79,-1.67,2.10,-9.01,-3.56,-2.46,-9.11,1.25,1.84,-3.21,1.08,0.55,0
-8.90,-1.69,1.98,-6.79,0.36,-3.41,-9.31,1.36,1.81,-1.77,1.56,1.31,0
-8.69,-1.75,1.94,-4.36,-0.26,-2.92,-9.31,1.36,2.02,2.26,1.07,2.47,0
-8.69,-1.81,1.92,-2.09,-0.50,-3.17,-9.21,1.43,1.99,4.44,0.88,2.66,0
-8.69,-1.69,1.96,-1.09,1.49,-2.50,-9.28,1.35,2.12,3.88,-0.73,1.87,0
-8.72,-1.64,2.09,0.18,1.24,-2.05,-9.23,1.40,2.08,3.50,-2.36,-0.11,0
-8.65,-1.69,2.07,0.04,1.69,-2.56,-9.18,1.57,2.06,3.78,-2.89,-0.66,0
-8.65,-1.68,2.09,-0.31,1.08,-1.53,-9.24,1.54,2.05,2.15,-3.79,-0.65,0
-8.61,-1.58,1.86,-0.14,-1.60,-1.05,-9.19,1.65,1.94,2.43,-3.33,0.08,0
-8.84,-1.70,1.95,-2.73,-0.24,-0.55,-9.12,1.53,1.89,0.46,-2.49,-0.83,0
-8.80,-1.57,1.91,-1.63,-0.34,0.07,-9.21,1.69,2.06,-1.63,-2.27,-0.93,0
-8.86,-1.64,1.80,-2.86,0.08,-0.63,-9.11,1.57,1.97,-0.15,-1.73,1.62,0
-9.05,-1.63,1.98,-3.46,-0.53,-1.01,-9.11,1.54,1.89,0.54,-1.88,0.16,0
-8.69,-1.60,2.08,-6.49,-1.29,1.15,-9.10,1.65,1.92,-4.93,0.60,0.21,0
-8.90,-1.77,1.95,-5.78,-0.21,0.78,-9.26,1.51,2.11,-4.80,-0.75,-1.21,0
-8.96,-1.61,1.98,-3.66,-0.56,0.34,-9.15,1.57,2.11,1.03,-1.79,0.66,0
-8.76,-1.57,1.91,-1.82,-0.73,-0.85,-9.16,1.53,2.01,0.49,-1.96,1.58,0
-8.87,-1.57,1.93,-1.87,-0.39,-1.52,-9.26,1.56,2.02,0.06,-1.72,0.23,0
-8.96,-1.65,1.73,-1.27,-1.50,-1.07,-9.13,1.48,2.01,1.15,-0.73,1.21,0
-8.95,-1.59,1.80,-0.77,-2.18,-1.30,-9.17,1.52,1.95,-1.40,-0.44,-0.38,0
-8.96,-1.58,1.83,0.67,-5.33,-0.07,-9.08,1.45,2.08,1.98,0.17,0.05,0
-8.70,-1.44,1.98,0.45,-4.10,-0.31,-9.20,1.45,2.10,1.96,0.14,-1.40,0
-8.73,-1.36,2.12,1.73,-3.27,-0.69,-9.21,1.58,2.13,2.09,-0.30,-2.02,0
-8.79,-1.29,2.04,0.22,-1.62,-1.37,-9.11,1.53,2.19,3.13,-0.46,-1.08,0
-8.70,-1.27,2.06,0.08,-2.01,-1.08,-9.06,1.51,2.21,2.02,-0.50,-1.56,0
-8.69,-1.34,2.14,-0.38,-1.83,-1.53,-9.22,1.62,2.17,2.02,-1.46,-1.20,0
-8.79,-1.31,2.11,-1.21,-0.66,-1.81,-9.12,1.64,2.05,1.94,-1.14,-0.66,0
-8.77,-1.24,2.08,-1.73,-0.42,-2.24,-9.06,1.56,2.14,2.39,-0.62,0.85,0
-8.77,-1.32,2.00,-1.56,-1.12,-2.36,-9.10,1.69,1.97,1.34,-0.47,0.17,0
-8.96,-1.38,2.03,-2.73,-0.33,-2.98,-9.20,1.54,2.07,-0.86,0.85,1.11,0
-8.77,-1.38,2.07,-2.63,-0.46,-3.24,-9.12,1.53,2.13,1.38,1.32,1.53,0
-8.87,-1.48,2.05,-2.47,0.07,-3.33,-9.18,1.59,2.05,-0.30,0.78,1.36,0
-8.91,-1.49,2.08,-1.86,-0.82,-3.27,-9.22,1.67,2.22,0.21,1.31,2.36,0
-8.88,-1.52,2.08,-1.44,-0.42,-3.71,-9.25,1.93,2.04,0.73,1.25,7.29,0
-8.56,-2.07,1.31,-4.79,0.52,-3.10,-9.23,1.94,2.06,1.91,1.51,10.08,0
-8.95,-1.63,1.96,-2.31,1.47,-2.99,-9.02,1.87,1.94,8.28,0.35,8.62,0
-9.10,-1.55,1.93,-2.37,3.18,-3.34,-9.10,1.90,1.92,3.60,0.60,6.82,0
-8.93,-1.51,2.09,-3.53,1.92,-3.03,-9.03,1.79,1.98,1.40,0.02,2.11,0
-8.94,-1.50,1.72,-2.90,0.46,-3.50,-9.29,1.66,2.07,0.90,-0.49,1.48,0
-8.77,-1.51,2.13,-1.82,0.20,-2.51,-9.26,1.64,2.07,6.76,-4.12,1.00,0
-8.93,-1.43,1.88,-2.43,1.72,-2.56,-9.42,1.90,2.13,9.38,-3.53,0.31,0
-9.02,-1.60,1.70,-3.14,10.15,-1.55,-9.68,2.02,2.22,12.18,-4.18,-0.84,0
-8.58,-1.40,2.34,-14.64,18.36,-0.62,-9.83,1.96,2.44,4.79,-14.22,0.68,0
-9.85,-1.21,3.57,-14.80,30.61,-1.83,-9.75,2.22,2.82,11.35,-11.42,1.93,0
-7.94,-2.25,0.39,-2.28,-0.31,7.71,-8.72,2.62,2.38,-7.76,-23.63,9.36,0
-8.04,-2.17,2.20,-25.29,-29.31,-27.84,-8.69,1.24,3.04,-28.88,-38.85,32.94,0
-7.73,-3.08,-0.00,34.80,29.66,-12.17,-8.16,1.27,2.59,26.85,-18.01,39.51,0
-9.35,-3.68,-0.78,2.08,31.33,7.69,-6.28,1.48,1.45,24.56,-1.63,35.05,0
-10.39,-0.73,3.07,30.52,11.73,41.40,-5.69,0.91,1.36,43.98,15.08,-1.89,0
-8.19,0.74,5.60,6.36,40.34,0.75,-8.21,4.13,1.59,0.89,27.26,-81.79,0
-10.82,-0.19,-0.53,-16.66,3.29,-2.24,-11.39,4.08,2.05,-63.11,13.92,-93.16,0
-9.48,-1.95,1.78,-18.92,-35.66,-3.46,-11.97,3.27,3.49,-90.71,-2.30,-56.74,0
-8.58,-0.63,1.90,-1.17,0.22,-4.48,-9.61,1.64,2.75,18.67,40.69,5.29,0
-9.30,-0.91,2.35,-0.92,-5.66,-2.35,-9.73,2.66,2.25,28.11,16.74,56.54,0
-8.98,-1.10,2.43,-6.87,-8.31,-2.82,-8.71,1.80,2.50,12.20,5.62,53.08,0
-9.02,-1.33,1.10,-11.68,-7.50,-0.02,-8.42,1.61,1.98,16.94,9.67,30.39,0
-8.63,-0.74,2.18,-3.58,-12.21,1.43,-8.12,2.29,2.05,-7.27,4.64,8.44,0
-8.85,-1.42,1.62,-4.83,-2.70,-1.36,-9.13,2.34,2.30,-21.79,4.19,-1.43,0
-9.00,-1.57,1.84,-9.17,-3.40,-1.66,-9.63,2.13,2.05,-28.47,4.51,-2.06,0
-8.92,-1.29,1.67,-4.43,1.89,-4.22,-9.35,1.91,2.35,-17.37,2.54,2.24,0
-8.83,-1.16,1.42,-0.71,-1.60,-3.89,-8.84,2.26,2.20,-8.98,1.32,1.65,0
-8.89,-1.34,1.68,-1.69,3.36,-5.59,-8.82,2.26,2.05,3.73,-4.63,-7.40,0
-8.88,-1.39,1.47,-0.57,0.73,-4.34,-9.03,2.37,1.88,6.69,-5.59,-9.05,0
-8.84,-1.43,1.64,-0.08,0.77,-3.09,-9.02,2.44,1.94,6.48,-5.18,-9.14,0
-8.58,-1.19,1.74,-10.11,18.52,-5.88,-9.57,2.58,2.37,4.14,-5.85,-7.35,0
-8.92,-1.39,1.40,2.91,-4.15,-1.69,-8.79,2.34,2.24,19.79,-5.53,1.18,0
-8.88,-1.34,1.20,-1.84,3.27,-2.52,-8.48,2.60,2.10,8.60,-4.53,-1.44,0
-9.02,-1.11,1.47,-1.85,-1.32,-3.87,-8.67,2.32,2.26,-3.17,-5.17,-5.79,0
-9.12,-1.34,1.45,-4.92,-2.26,-3.95,-8.78,2.62,2.10,5.60,-2.49,-6.49,0
-9.05,-1.67,1.42,-6.76,-5.53,-2.31,-8.94,2.70,2.11,-9.17,0.40,-4.22,0
-8.89,-1.54,1.54,-7.27,-5.89,-1.46,-9.17,2.62,2.23,-7.60,0.65,0.28,0
-8.94,-1.59,1.52,-9.86,-2.12,-0.25,-9.18,2.45,2.23,-2.01,1.62,5.81,0
-9.01,-1.49,1.47,-6.98,-2.47,-0.36,-8.87,2.44,2.22,-1.32,1.71,7.99,0
-9.05,-1.58,1.44,-6.17,-2.16,-1.54,-9.08,2.35,2.28,-0.22,0.80,6.95,0
-8.94,-1.48,1.58,-5.26,-2.72,-1.15,-9.07,2.21,2.23,-0.04,0.54,5.98,0
-8.89,-1.53,1.39,-2.97,-5.93,-0.67,-9.36,2.22,2.26,2.80,-1.92,4.96,0
-9.00,-1.46,1.14,-1.64,-6.44,0.37,-9.83,2.17,2.20,4.70,-3.68,3.73,0
-8.47,-1.28,2.33,4.15,-8.79,4.98,-8.56,1.88,1.98,7.05,-7.02,-1.26,0
-8.54,-1.37,1.39,-8.00,4.64,-1.51,-7.96,1.97,1.77,14.90,1.90,-1.01,0
-9.21,-1.28,1.03,3.60,-19.18,2.40,-8.61,2.33,2.04,-6.00,4.34,-7.78,0
-8.14,-2.17,2.00,2.92,-13.28,3.61,-9.06,2.22,2.10,-21.69,10.36,-19.85,0
-8.41,-1.47,2.56,-0.40,15.61,0.50,-9.01,2.41,2.62,-23.79,7.34,-19.88,0
-8.78,-1.82,2.88,-2.83,15.07,1.16,-10.09,2.55,2.78,-19.06,-0.27,-13.30,0
-8.78,-1.54,1.82,17.03,9.49,2.56,-9.64,2.59,2.97,-31.86,-11.38,-0.84,0
-8.80,-0.82,1.38,21.40,3.44,-3.27,-9.15,1.88,3.03,-1.62,-16.33,19.08,0
-8.53,-0.26,2.40,13.30,5.66,-14.72,-7.86,1.47,2.60,26.95,-26.56,24.64,0
-8.62,-0.88,0.77,16.18,11.46,-13.12,-7.94,1.62,2.28,44.21,-21.89,18.71,0
-8.63,-1.46,0.65,18.99,17.20,-11.35,-8.10,2.29,2.23,35.70,-17.45,-3.20,0
-10.43,-2.01,1.06,15.56,4.82,-19.11,-7.96,1.68,1.53,34.71,-9.88,-20.09,0
-8.04,-0.93,2.02,-8.12,-31.87,-6.30,-8.43,2.92,1.81,-11.42,2.82,-39.27,0
-8.66,-0.62,2.02,-9.06,-8.50,-4.86,-9.14,2.45,1.81,-10.81,8.04,-33.40,0
-8.82,-1.18,2.36,-3.52,0.67,-4.39,-9.39,2.44,2.26,11.24,3.27,-17.34,0
-8.82,-1.27,3.92,-11.98,9.01,-3.08,-9.98,2.46,2.45,24.36,3.70,-1.79,0
-8.89,-3.81,1.25,-0.82,-2.79,1.29,-9.00,2.62,2.67,-25.15,12.40,17.61,0
-8.50,-1.23,2.48,5.50,-14.76,-0.77,-8.94,1.98,2.64,-25.96,8.30,24.63,0
-8.87,-1.48,2.21,-4.06,-33.34,-3.49,-9.70,1.67,2.69,5.00,8.81,29.60,0
-9.02,-1.50,1.96,-11.87,-17.68,1.28,-9.30,1.96,2.32,-0.36,8.89,26.87,0
-8.40,-1.67,3.13,1.76,-28.63,14.34,-8.78,1.96,2.63,-45.30,11.40,6.73,0
-8.37,-1.20,2.56,1.50,-21.98,8.02,-8.04,1.64,2.57,-48.92,10.95,0.74,0
-8.35,-0.91,3.22,-4.17,-11.99,1.69,-8.08,1.33,2.71,-16.03,3.31,-3.51,0
-8.06,-1.02,2.45,-0.50,5.42,-2.60,-8.34,1.87,2.82,4.19,-3.57,-14.41,0
-8.89,-1.02,2.12,1.42,-1.44,-6.80,-9.28,2.17,2.23,40.22,-6.37,-21.18,0
-8.92,-1.68,2.84,-3.79,-5.33,-7.11,-9.18,2.65,2.19,24.77,-7.36,-22.95,0
-8.31,-1.36,2.42,-5.49,0.01,-7.55,-8.39,2.52,1.84,3.97,0.75,-16.31,0
-8.76,-1.31,2.76,-12.11,7.37,-4.52,-10.01,2.70,2.33,-8.30,2.98,-11.47,0
-8.41,-1.77,2.30,-8.34,-6.07,0.69,-8.20,2.19,1.91,13.40,6.61,-1.02,0
-8.63,-1.73,2.22,-11.32,-17.56,4.12,-8.23,2.68,1.49,21.92,14.55,6.33,0
-8.69,-1.00,2.62,-4.19,-21.73,5.93,-9.20,3.26,1.52,-28.43,20.98,-0.28,0
-8.53,-1.25,2.99,-15.55,-2.81,2.65,-10.38,2.87,2.14,-94.22,15.44,-7.65,0
-8.42,-1.38,2.80,-7.46,2.22,3.39,-9.58,1.56,2.16,40.29,-2.56,35.78,0
-8.46,-1.36,2.74,-4.57,0.54,0.73,-9.02,1.98,1.78,51.10,-0.34,41.42,0
-8.75,-1.30,2.89,-7.17,5.64,-1.63,-8.79,2.11,1.71,8.19,-1.63,31.38,0
-8.83,-1.25,2.53,-7.85,-1.48,-0.68,-8.65,1.47,1.65,-4.89,1.45,18.80,0
-8.60,-1.47,2.65,-9.14,2.17,-1.11,-8.89,1.97,1.91,-12.31,2.69,-0.76,0
-8.61,-1.54,2.40,-6.87,2.85,-1.66,-9.11,1.89,2.06,-10.34,-0.29,-6.96,0
-8.55,-1.50,2.45,-3.94,1.98,-1.82,-8.99,2.06,2.01,1.49,-3.34,-10.89,0
-8.61,-1.52,2.37,-2.93,3.36,-1.76,-8.98,2.29,2.05,2.20,-5.63,-14.73,0
-8.72,-1.41,2.39,-1.60,-0.10,-1.27,-9.12,2.34,2.06,1.53,-5.92,-17.39,0
-8.73,-1.36,2.51,-0.22,-0.54,-0.98,-9.10,2.52,2.01,2.73,-6.43,-16.64,0
-8.80,-1.32,2.40,-0.43,0.73,-1.32,-9.08,2.51,2.03,3.44,-6.26,-13.03,0
-8.80,-1.27,2.42,-0.11,-1.08,-1.73,-9.01,2.51,1.99,7.37,-5.80,-7.26,0
-8.81,-1.33,2.52,-2.61,-1.29,-2.05,-8.96,2.53,1.82,3.68,-1.42,-1.01,0
-8.79,-1.42,2.57,-3.61,0.45,-2.24,-8.86,2.45,1.87,-0.43,-0.69,-0.45,0
-8.81,-1.45,2.36,-3.32,-0.30,-2.75,-8.92,2.37,1.98,1.78,0.66,1.20,0
-8.79,-1.44,2.49,-2.66,-1.01,-2.83,-9.08,2.40,2.02,2.42,1.07,4.41,0
-8.57,-1.38,2.41,-1.73,-1.23,-4.18,-8.92,2.21,2.07,5.02,2.37,9.08,0
-8.85,-1.52,2.31,-1.59,0.08,-4.27,-8.99,2.26,2.07,0.62,2.69,6.91,0
-8.78,-1.44,2.28,-1.09,-0.88,-4.02,-8.85,2.13,2.20,1.11,1.27,3.96,0
-8.75,-1.45,2.43,-1.75,-0.71,-3.24,-9.00,2.20,2.22,3.09,0.09,1.73,0
-8.69,-1.49,2.26,-2.50,0.90,-3.13,-9.01,2.21,1.88,5.25,-1.24,-0.29,0
-8.73,-1.59,2.27,-2.80,-0.38,-2.24,-9.00,2.15,1.86,3.15,0.37,-1.87,0
-8.69,-1.43,2.39,-4.04,-0.79,-1.99,-8.93,1.95,1.81,5.48,1.08,-4.67,0
-8.72,-1.49,2.39,-4.89,-2.00,-0.31,-8.87,2.14,1.84,0.85,1.82,-10.78,0
-8.63,-1.42,2.35,-4.63,-1.35,-0.09,-9.12,1.89,1.99,-0.03,1.03,-18.89,0
-8.60,-1.30,2.41,-4.80,-1.46,-0.87,-9.16,1.96,1.67,-1.54,0.92,-18.53,0
-8.65,-1.38,2.38,-3.66,-2.04,-1.88,-9.14,1.97,1.67,-2.21,3.43,-14.44,0
-8.67,-1.32,2.48,-4.04,0.79,-3.24,-9.07,1.87,1.57,-0.81,6.69,-11.22,0
-8.62,-1.56,2.45,-3.37,-2.58,-1.84,-9.29,1.97,1.74,-6.34,8.68,-10.31,0
-8.68,-1.57,2.25,-1.63,-1.96,-1.37,-9.46,2.02,1.87,-5.00,5.51,-7.55,0
-9.01,-1.58,1.96,-2.43,-2.92,-1.87,-9.30,1.67,1.80,6.95,3.55,-1.00,0
-8.72,-1.60,2.38,-3.58,-2.80,-1.79,-9.15,1.75,1.91,17.26,3.80,0.47,0
-8.41,-1.39,2.75,-3.47,3.25,-1.92,-9.18,1.83,2.01,-2.80,-1.47,-1.48,0
-8.53,-1.32,2.89,-0.73,3.49,-3.73,-9.25,1.52,1.71,-4.51,-3.89,2.70,0
-8.48,-1.48,2.70,-3.02,7.08,-3.56,-9.35,1.68,1.78,1.81,-6.80,4.24,0
-8.87,-1.57,1.79,-2.85,2.73,-1.02,-9.35,1.57,1.68,4.67,-8.51,8.24,0
-8.72,-1.55,2.42,-7.17,7.16,2.64,-9.04,1.76,1.61,0.08,0.70,6.15,0
-8.95,-1.50,2.03,-8.56,5.83,1.53,-9.11,1.65,1.73,-15.95,-0.21,0.47,0
-8.68,-1.47,2.05,-8.82,3.25,1.44,-9.05,1.40,1.97,-6.50,-2.02,-2.47,0
-8.80,-1.58,1.85,-7.70,3.36,0.29,-9.04,1.96,1.90,-5.89,-3.35,-1.96,0
-8.85,-1.53,1.93,-3.37,0.82,-2.19,-9.29,1.93,1.89,-0.11,-6.96,1.91,0
-8.70,-1.44,1.90,0.34,0.14,-3.21,-9.05,1.76,1.88,4.97,-7.74,3.93,0
-8.69,-1.35,1.92,-4.85,6.66,-4.02,-9.17,1.66,1.57,12.13,-7.33,6.40,0
-8.83,-1.57,1.87,1.27,0.25,-3.04,-9.03,1.78,1.57,10.44,-2.53,3.39,0
-9.04,-1.53,1.58,3.27,-3.02,-3.14,-9.17,1.59,2.05,0.34,-1.44,0.27,0
-8.98,-1.46,1.83,1.31,-2.10,-1.94,-9.14,1.81,1.98,8.09,-1.05,0.34,0
-9.03,-1.31,1.72,2.11,-0.84,-0.37,-9.14,1.97,2.22,5.50,-0.21,0.56,0
-8.93,-1.25,1.86,-0.42,-0.71,-0.03,-8.97,1.93,2.14,-4.44,0.14,-0.98,0
-8.73,-1.38,1.95,-7.56,2.68,-1.53,-8.87,2.05,2.09,-2.88,-0.55,-1.95,0
-8.85,-1.32,1.73,-8.62,-0.21,-1.21,-9.04,2.06,2.00,-5.24,-1.11,-1.52,0
-8.88,-1.37,2.00,-9.30,-1.53,-0.42,-9.12,2.13,1.85,-2.46,-0.16,-0.36,0
-8.88,-1.41,1.88,-11.99,-0.47,-0.92,-9.08,2.03,1.70,-3.08,1.12,2.70,0
-9.08,-1.65,1.60,-9.71,-1.31,-1.09,-9.18,1.84,1.84,-7.40,2.98,4.82,0
-9.08,-1.63,1.57,-5.52,-3.74,-0.61,-9.25,1.91,2.08,-3.82,2.76,4.79,0
-8.93,-1.70,1.96,-4.86,-1.15,-1.68,-9.24,1.92,2.05,-2.37,2.33,4.81,0
-8.92,-1.51,1.99,-0.89,-1.90,-0.61,-9.23,1.92,2.17,-3.76,0.76,4.63,0
-8.77,-1.58,1.88,-0.21,-2.20,-0.86,-9.11,1.83,2.14,0.35,-1.31,3.15,0
-8.74,-1.53,1.76,0.44,-2.43,0.32,-9.22,1.81,2.02,-1.59,-2.93,1.31,0
-8.71,-1.49,1.84,2.34,-1.47,0.44,-9.08,1.74,1.92,4.92,-4.08,0.16,0
-8.74,-1.31,1.87,1.33,-1.20,-0.37,-9.00,1.88,1.94,4.11,-3.15,-1.31,0
-8.84,-1.30,1.86,0.34,1.40,-1.55,-8.86,1.97,2.03,2.60,-2.35,-3.31,0
-8.84,-1.29,1.84,0.50,-0.53,-1.42,-9.08,2.05,2.05,3.66,-2.93,-3.89,0
-8.76,-1.41,1.94,0.79,-0.14,-2.96,-8.92,2.11,1.90,2.61,-2.98,-2.28,0
-8.83,-1.40,1.79,0.41,1.27,-6.39,-8.92,2.16,1.83,3.26,-1.82,1.59,0
-8.77,-1.45,1.76,1.73,0.15,-3.79,-9.09,2.25,1.95,10.84,-1.19,-2.18,0
-8.84,-1.31,1.89,0.09,-1.31,-2.44,-9.10,2.30,2.07,2.40,1.34,-0.93,0
-8.91,-1.39,1.85,-2.75,-1.50,-1.60,-9.04,2.27,2.30,-2.35,1.96,0.92,0
-9.01,-1.49,1.88,-3.40,-1.00,-0.89,-9.27,2.03,2.39,-0.69,-0.86,0.95,0
-8.95,-1.39,1.91,-2.62,-1.18,-2.34,-9.10,2.07,2.18,1.67,-1.89,0.56,0
-8.87,-1.40,1.82,-2.70,-1.00,-1.56,-9.12,2.12,2.17,-1.60,-3.28,-0.94,0
-9.20,-1.14,3.13,-12.64,-0.89,0.76,-8.96,2.04,2.10,3.04,-3.37,-1.59,0
-8.96,-1.40,1.99,-6.34,-1.22,0.89,-8.93,2.22,2.19,-1.76,-3.77,-0.56,0
-9.15,-1.54,1.44,-4.88,-2.55,-0.47,-8.98,1.97,2.09,-0.31,-3.73,1.79,0
-9.01,-1.60,1.15,-3.61,-3.02,0.34,-8.93,1.87,2.15,5.86,-2.81,0.53,0
-9.24,-1.60,1.60,-4.54,-3.61,1.69,-8.94,2.14,2.05,5.92,-0.44,-4.69,0
-8.65,-1.45,1.33,-3.46,0.38,1.20,-9.19,2.41,2.32,-8.64,0.50,-8.55,0
-8.48,-1.02,2.15,-4.18,-0.28,-2.26,-8.85,2.00,2.33,-1.10,-1.60,1.95,0
-8.79,-1.17,2.26,-5.47,2.44,-3.00,-9.21,1.92,2.18,5.30,-4.34,2.56,0
-8.71,-1.11,2.42,-2.70,0.61,-2.71,-9.17,1.86,1.99,10.21,-6.13,4.95,0
-8.48,-1.30,2.20,-4.94,2.85,-2.39,-9.20,1.96,1.93,6.53,-5.15,7.76,0
-9.22,-1.57,1.27,-7.27,6.15,1.40,-9.07,1.57,2.11,-1.16,-3.35,4.05,0
-9.02,-1.43,0.87,-2.28,-5.02,4.53,-8.95,1.79,2.11,1.60,-0.79,-0.65,0
-9.39,-1.36,1.13,-9.40,-4.35,3.26,-8.86,1.77,1.97,-0.52,3.76,-6.49,0
-8.79,-0.97,1.87,-2.95,-4.66,0.08,-8.90,2.28,2.36,-11.57,6.42,-14.05,0
-8.88,-1.28,1.93,-1.07,-0.31,-5.11,-9.14,2.27,2.73,5.23,-2.27,-1.44,0
-8.68,-1.32,1.96,2.45,-1.72,-4.69,-9.30,2.34,2.29,12.15,-5.13,5.53,0
-8.56,-1.21,2.09,0.95,1.54,-4.20,-9.05,2.04,2.26,8.47,-6.35,9.53,0
-8.94,-1.32,1.54,-3.01,3.06,-3.91,-8.75,1.73,2.05,6.34,-5.69,9.25,0
-9.23,-1.50,1.48,-3.97,-6.03,-1.69,-8.93,1.88,1.70,10.25,4.60,-3.81,0
-8.57,-1.14,2.18,-3.33,-0.76,-1.27,-9.11,2.31,2.21,-17.74,8.50,-12.27,0
-8.58,-1.33,1.85,-4.47,0.15,-1.52,-9.00,2.14,2.66,-18.35,5.79,-8.18,0
-8.66,-1.31,1.86,-4.79,1.00,-1.46,-9.20,2.06,2.76,3.95,-0.63,-0.54,0
-8.91,-1.14,1.63,-3.54,3.08,-2.53,-8.90,1.88,2.14,8.57,-6.40,4.47,0
-9.04,-1.17,1.31,-3.12,1.43,-2.97,-8.73,1.64,2.10,8.69,-5.30,2.27,0
-8.96,-1.11,1.33,-2.36,-1.11,-7.56,-8.71,1.73,1.81,13.56,-1.40,-0.65,0
-8.85,-1.26,1.71,-3.20,-2.09,-9.50,-9.27,1.96,1.75,7.12,1.49,-3.77,0
-8.77,-1.53,1.55,-6.43,-3.59,-6.19,-9.03,2.11,2.08,1.27,7.39,-3.94,0
-8.77,-1.64,1.85,-6.82,-6.94,-3.90,-9.04,2.00,2.16,0.40,9.03,-4.43,0
-8.74,-1.72,1.96,-5.23,-3.19,-1.76,-9.30,2.29,2.28,-2.37,6.96,-4.90,0
-8.81,-1.60,1.81,-7.40,-2.89,0.45,-9.35,2.00,2.12,-0.77,3.93,-2.93,0
-8.89,-1.50,1.71,-5.57,-2.43,0.43,-9.01,1.85,2.00,-3.42,3.74,-2.42,0
-9.00,-1.49,1.88,-5.75,-1.17,0.02,-9.18,1.72,1.84,-3.08,3.92,-2.68,0
-8.94,-1.55,1.81,-4.43,-2.29,0.02,-9.04,1.63,1.83,-0.87,2.94,-3.44,0
-9.00,-1.52,1.72,-4.54,-3.87,0.60,-9.38,1.52,1.51,3.28,4.51,-5.27,0
-8.82,-1.37,1.87,-5.37,-5.68,1.31,-9.14,1.46,1.82,5.92,6.37,-8.72,0
-8.87,-1.57,1.78,-5.67,-4.64,1.70,-9.05,1.81,2.08,0.90,4.37,-10.78,0
-8.79,-1.52,1.80,-6.99,-3.05,0.63,-9.43,1.73,1.87,-2.34,2.04,-9.94,0
-8.92,-1.45,1.92,-7.94,2.79,0.32,-9.31,1.87,1.89,-3.56,1.30,-7.21,0
-8.95,-1.33,1.81,-8.21,-1.04,4.05,-9.06,1.71,1.67,-9.44,2.31,-3.73,0
-8.91,-1.40,1.80,-9.96,-2.97,6.47,-9.22,1.68,1.63,-15.51,3.44,-2.40,0
-8.83,-1.25,1.69,-10.36,-3.01,7.29,-9.13,1.71,1.71,-19.27,4.11,-1.41,0
-8.72,-1.24,1.85,-13.54,-1.51,7.76,-9.06,1.52,1.80,-20.15,1.76,0.92,0
-8.85,-1.02,1.77,-18.40,-3.79,7.41,-9.39,1.56,1.78,-14.41,-1.89,2.56,0
-8.92,-1.04,1.71,-21.50,-3.28,10.02,-9.32,1.63,1.83,-16.31,-0.05,2.63,0
-8.76,-0.92,1.93,-25.40,-3.15,12.39,-9.40,1.46,1.35,-24.07,3.60,2.70,0
-8.94,-0.75,1.55,-28.05,-1.37,12.76,-9.33,1.15,1.52,-30.30,4.21,1.14,0
-8.84,-0.62,1.87,-28.27,-4.29,9.47,-9.13,1.12,1.54,-19.44,5.09,0.03,0
-9.06,-0.87,1.71,-30.11,-2.08,7.79,-9.17,0.99,1.42,-23.47,5.62,-1.43,0
-8.87,-0.68,1.82,-26.58,-4.34,6.34,-9.27,1.06,1.45,-17.97,6.05,-1.70,0
-9.02,-0.99,1.68,-28.27,-1.95,5.96,-9.13,1.00,1.47,-20.21,7.21,-1.08,0
-8.98,-0.81,1.83,-25.95,-3.83,5.24,-9.29,1.03,1.50,-18.14,6.76,-2.72,0
-8.99,-1.02,1.78,-23.75,-2.04,4.73,-9.42,1.12,1.66,-17.71,5.52,-4.02,0
-8.86,-1.03,1.89,-18.63,0.35,4.05,-9.51,1.20,1.80,-12.31,1.24,-0.13,0
-8.84,-0.96,1.78,-14.95,0.31,4.27,-9.39,1.17,1.60,-11.34,-1.32,2.21,0
-8.92,-0.69,1.73,-12.43,-0.03,4.92,-9.45,1.04,1.62,-13.54,-2.63,2.02,0
-9.04,-0.68,1.60,-12.64,1.13,6.13,-9.32,1.11,1.57,-11.98,-2.21,3.28,0
-8.98,-0.70,1.76,-13.30,0.80,5.46,-9.31,1.01,1.60,-12.19,-1.34,4.01,0
-9.11,-0.58,1.62,-12.53,0.11,5.02,-9.21,1.02,1.65,-13.40,-2.07,3.55,0
-8.88,-0.55,1.63,-10.67,-2.93,2.37,-9.28,1.12,1.62,-6.02,-5.68,3.96,0
-8.95,-0.63,1.54,-6.77,-0.98,0.95,-9.18,1.11,1.45,-5.21,-5.70,3.66,0
-9.17,-0.66,1.54,-5.23,2.84,-1.82,-9.47,1.02,1.45,-1.76,-5.00,5.32,0
-9.09,-0.69,1.51,1.28,0.53,-3.46,-9.15,0.94,1.37,5.11,-3.84,6.18,0
-8.95,-0.49,1.57,6.73,0.49,-5.24,-9.22,0.96,1.52,11.01,-0.63,4.19,0
-9.09,-0.66,1.41,7.67,0.05,-5.98,-9.20,1.03,1.62,9.03,0.99,2.85,0
-8.90,-0.58,1.73,9.14,-0.42,-6.53,-9.30,0.95,1.81,13.08,0.61,1.16,0
-8.96,-0.66,1.60,10.62,-0.98,-6.98,-9.33,0.89,2.05,15.23,-0.46,-1.53,0
-8.84,-0.79,1.71,11.21,6.69,-9.05,-9.56,1.25,1.97,20.25,-4.29,-2.95,0
-9.01,-0.86,1.47,11.36,6.61,-8.32,-9.33,1.07,1.84,23.48,-4.98,-5.05,0
-9.12,-0.79,1.49,12.07,6.75,-6.52,-9.35,1.21,1.57,21.50,-5.60,-9.44,0
-9.06,-0.85,0.91,18.83,5.09,-6.89,-9.11,1.47,2.00,14.47,-7.74,-11.77,0
-9.13,-0.45,1.12,26.56,1.47,-10.89,-8.89,1.71,1.88,31.24,-10.21,-6.60,0
-9.30,-0.72,1.26,24.14,4.10,-12.03,-9.31,1.48,1.78,35.31,-11.13,-3.18,0
-9.22,-0.44,1.01,30.77,-1.50,-15.00,-8.95,1.59,1.86,36.70,-9.86,0.59,0
-9.12,-1.18,1.18,26.43,3.11,-16.19,-9.27,1.63,2.03,38.87,-9.46,2.60,0
-9.15,-0.48,0.92,37.49,-6.39,-20.39,-8.78,1.27,2.06,32.36,-10.57,7.01,0
-9.21,-0.77,1.24,26.04,-0.84,-21.63,-9.34,1.14,1.84,51.10,-9.27,6.66,0
-9.30,-0.90,1.51,23.90,0.29,-16.72,-9.18,1.86,1.77,35.06,-4.60,-2.68,0
-9.00,-1.19,1.53,19.24,3.44,-14.56,-9.34,1.97,2.12,17.51,-1.27,-5.15,0
-9.08,-1.27,1.46,15.61,-0.27,-9.84,-9.15,1.95,2.33,16.63,-1.40,-0.31,0
-8.88,-1.34,1.40,16.19,-4.92,-7.27,-9.19,2.04,2.35,16.66,-4.02,-1.02,0
-8.86,-1.26,1.67,16.16,-1.43,-7.41,-9.10,1.99,2.09,15.11,-5.83,0.25,0
-8.98,-1.16,1.93,13.65,-3.44,-7.27,-9.07,2.01,2.08,12.80,-5.73,1.56,0
-8.78,-1.24,1.09,7.71,-0.60,-5.29,-9.11,1.83,1.96,8.62,-5.34,4.73,0
-9.37,-1.38,0.84,1.41,-1.61,-4.84,-8.95,1.66,1.75,16.54,-3.52,4.54,0
-9.13,-1.30,1.34,2.17,-7.57,-2.80,-8.95,1.74,1.54,9.56,1.72,-2.76,0
-8.87,-1.34,1.85,-2.19,-8.02,-2.56,-9.06,2.18,1.94,-9.05,8.22,-10.56,0
-8.64,-1.48,1.88,-5.21,-4.90,-1.49,-9.15,2.10,2.34,-7.34,3.39,-4.50,0
-8.70,-1.47,1.86,-4.72,-3.01,-1.37,-9.23,2.00,2.31,-1.76,0.22,0.95,0
-8.79,-1.26,1.99,-4.44,-2.06,-1.77,-9.07,1.97,2.18,24.16,-3.46,6.62,0
-8.95,-1.40,1.74,-6.60,-1.11,-1.40,-9.17,2.41,1.73,15.16,-4.12,8.68,0
-9.01,-1.54,1.71,-8.69,-2.44,-0.08,-9.02,1.76,1.54,-9.88,1.37,3.12,0
-8.82,-1.39,1.65,-8.82,-2.43,-0.05,-9.10,1.86,1.63,-14.50,1.70,0.68,0
-8.84,-1.33,1.78,-8.91,-1.82,0.19,-9.03,1.74,1.75,-7.50,2.19,0.76,0
-8.81,-1.36,1.68,-8.03,-1.40,0.55,-9.17,1.99,1.97,-4.95,3.61,-0.08,0
-9.02,-1.39,1.54,-8.44,-1.47,0.09,-8.99,2.00,2.05,-5.31,2.05,0.27,0
-9.10,-1.39,1.56,-8.95,-0.18,0.18,-9.20,2.01,1.95,-5.62,0.94,-0.28,0
-8.87,-1.28,1.83,-8.04,-1.34,0.12,-8.91,1.94,1.81,-4.75,0.87,1.17,0
-8.91,-1.61,1.62,-8.47,1.18,-0.63,-9.17,1.97,1.84,-4.72,1.88,0.82,0
-8.81,-1.50,1.53,-5.47,-1.10,0.85,-9.27,2.05,1.85,-3.51,0.37,0.85,0
-8.94,-1.60,1.71,-5.83,-0.32,0.44,-9.06,2.04,1.91,-5.98,0.53,0.94,0
-8.97,-1.43,1.61,-4.50,-2.33,0.94,-9.24,1.81,1.96,-4.70,-0.67,1.09,0
-8.94,-1.31,1.54,-4.18,-2.10,0.40,-9.05,1.88,1.90,-2.65,-1.11,0.88,0
-8.84,-1.34,1.57,-4.46,-0.53,-0.17,-9.03,1.83,1.87,-3.71,-1.57,0.73,0
-8.97,-1.18,1.46,-3.92,-1.40,-0.37,-9.12,1.79,1.77,-1.50,-1.18,-0.38,0
-8.94,-1.31,1.77,-3.95,0.89,-0.66,-8.96,1.93,1.71,-0.92,-1.05,-0.67,0
-8.97,-1.35,1.31,-0.31,-1.47,-3.02,-9.05,1.95,1.68,-1.32,-0.15,-0.56,0
-9.08,-1.32,1.58,-3.40,-1.56,-4.54,-9.16,1.77,1.57,2.50,4.40,0.28,0
-8.95,-1.31,1.65,-2.43,-4.62,-4.11,-9.11,1.89,1.91,0.21,3.73,-3.02,0
-8.58,-1.41,1.91,-1.79,-5.23,-3.48,-9.22,2.03,1.94,0.08,4.02,-3.08,0
-8.75,-1.33,1.80,-2.98,2.53,-3.89,-9.20,2.10,1.91,1.47,2.02,-0.02,0
-8.86,-1.54,0.99,2.89,-1.77,-4.32,-9.12,1.85,1.71,6.16,0.15,1.57,0
-8.80,-1.54,1.90,-1.61,-0.48,-3.07,-9.15,2.01,1.65,2.92,0.63,-1.32,0
-8.95,-1.49,1.54,-4.81,3.22,-2.75,-9.09,1.99,1.78,-5.38,0.05,-2.21,0
-8.86,-1.52,1.76,-1.43,-2.67,-0.43,-9.18,2.20,2.00,2.32,-0.47,0.33,0
-9.11,-1.43,1.52,-2.15,-2.17,-0.54,-9.11,1.77,1.76,3.33,-3.18,0.84,0
-8.92,-1.62,1.61,-2.26,-1.19,-0.04,-9.14,1.97,1.74,2.11,-1.90,-0.55,0
-8.92,-1.43,1.69,-1.47,-1.56,-0.58,-9.05,1.91,1.71,-3.47,-1.64,-1.69,0
-8.86,-1.43,1.71,-2.94,-0.31,-0.95,-9.21,1.92,1.68,0.40,-1.29,-2.04,0
-8.89,-1.34,1.64,-2.29,-0.11,-1.93,-9.06,1.95,1.70,1.32,-1.18,0.80,0
-8.83,-1.40,1.58,-2.70,0.19,-2.45,-9.02,2.02,1.73,3.10,-1.25,0.64,0
-8.81,-1.37,1.76,-1.54,-1.31,-3.11,-9.10,1.90,1.65,2.33,-0.08,1.13,0
-8.83,-1.39,1.60,-3.24,0.24,-2.44,-9.08,2.06,1.75,1.08,0.87,-0.06,0
-9.10,-1.40,1.69,-3.59,-0.50,-2.45,-9.11,2.12,1.96,1.18,-0.45,-0.21,0
-8.86,-1.39,1.51,-2.74,0.49,-2.68,-9.22,1.99,1.83,1.09,-1.18,0.47,0
-8.76,-1.34,1.53,-1.76,-1.98,-2.43,-9.08,1.88,1.83,1.44,-0.97,1.59,0
-8.80,-1.38,1.63,-2.34,-1.56,-2.31,-9.07,1.90,1.82,1.47,-0.80,-1.16,0
-8.68,-1.43,1.74,-3.15,-0.33,-2.11,-9.10,2.05,1.81,-0.38,-0.66,-1.36,0
-8.84,-1.42,1.45,-3.82,0.69,-1.18,-9.16,1.97,1.65,1.68,-0.47,0.10,0
-8.82,-1.46,1.67,-2.05,-2.85,-1.36,-9.18,2.08,1.86,-0.74,-0.44,0.15,0
-8.84,-1.40,1.71,-3.58,0.44,-1.50,-9.13,1.73,1.73,1.18,-1.48,0.67,0
-8.96,-1.40,1.62,-2.39,-0.40,-2.21,-9.09,1.85,1.57,0.10,-0.47,-1.09,0
-9.10,-1.46,1.68,-2.21,-2.18,-2.16,-9.07,1.85,1.54,1.37,-0.08,-1.27,0
-8.99,-1.36,1.70,-3.07,-1.57,-2.61,-9.12,1.88,1.66,1.02,0.94,-1.14,0
-9.04,-1.48,1.70,-2.92,-1.12,-3.03,-9.03,2.06,1.71,2.78,0.88,-0.14,0
-8.80,-1.43,1.72,-2.69,-3.04,-2.54,-9.08,1.98,1.77,1.08,1.51,0.36,0
-8.97,-1.48,1.77,-4.27,-2.50,-2.59,-9.16,2.00,1.76,-0.02,1.56,-0.15,0
-9.03,-1.73,2.07,-1.74,-8.97,-3.45,-9.39,2.02,1.83,-3.65,2.56,-0.97,0
-8.78,-1.45,1.81,-1.50,-11.18,-2.64,-9.30,1.89,1.79,-6.17,2.24,0.02,0
-8.76,-1.45,1.93,-5.05,-3.33,-0.01,-9.08,1.81,1.85,-4.34,-0.47,-3.68,0
-8.88,-1.56,1.94,-4.58,-2.47,0.11,-9.23,2.01,1.82,-1.21,-0.98,-2.90,0
-8.96,-1.48,1.80,-3.89,-3.13,-0.08,-9.19,2.05,1.71,-7.32,-0.69,-0.69,0
-8.81,-1.50,2.01,-4.80,-3.26,-0.13,-9.03,1.85,1.78,-4.18,-2.31,0.05,0
-8.83,-1.42,1.87,-2.99,-2.42,-1.58,-8.92,1.72,1.59,-0.85,-3.45,1.53,0
-8.73,-1.36,1.79,-1.30,-3.97,-2.16,-9.04,1.62,1.53,1.48,-1.85,1.45,0
-8.84,-1.15,1.89,-1.37,-3.07,-3.69,-8.91,1.57,1.34,5.73,-1.46,1.73,0
-8.75,-1.38,2.21,-4.27,-2.19,-2.92,-9.27,1.76,1.46,1.65,3.17,-0.99,0
-8.66,-1.46,1.89,-5.97,-3.14,-0.66,-9.08,1.75,1.76,0.16,4.69,-1.65,0
-8.66,-1.45,1.91,-5.40,-2.40,-0.65,-9.00,1.86,1.84,-1.96,2.55,-2.44,0
-8.68,-1.23,1.78,-8.37,2.41,-0.85,-8.61,1.39,1.44,7.09,2.08,-2.94,0
-9.22,-1.65,1.89,-10.30,2.99,-2.27,-9.43,2.24,1.48,-1.69,8.44,-6.78,0
-8.85,-1.64,1.91,-4.50,1.85,-1.67,-9.41,1.76,2.00,0.26,1.81,-1.85,0
-8.70,-1.58,2.00,-0.87,-3.84,-1.87,-8.89,1.89,1.82,7.25,0.59,1.69,0
-8.66,-1.46,1.97,-4.03,2.36,-2.19,-9.15,1.64,1.73,2.95,-2.80,-1.85,0
-8.89,-1.42,1.58,0.22,-0.36,-1.15,-9.24,1.96,1.33,4.98,-3.37,-1.05,0
-8.73,-1.43,2.21,-0.63,-1.01,2.03,-9.25,1.48,1.69,-1.79,0.80,-1.18,0
-8.60,-1.23,2.21,0.23,5.20,-0.63,-9.03,2.07,2.02,-3.35,-0.75,-4.27,0
-9.07,-1.62,1.93,-3.99,6.66,-2.64,-9.24,1.74,1.76,-1.53,-3.97,0.98,0
-8.82,-1.32,2.48,1.52,4.18,-1.63,-9.34,1.94,1.80,-2.24,-5.71,3.56,0
-8.57,-1.40,1.39,4.33,6.07,-0.08,-9.17,1.84,2.00,2.88,-11.52,10.40,0
-9.59,-1.35,0.48,-3.35,4.89,-2.33,-8.71,1.29,1.41,15.75,-13.70,13.69,0
-9.14,-1.17,1.64,5.99,-11.10,-3.24,-8.93,1.48,1.16,23.47,-6.27,6.54,0
-8.78,-1.11,2.01,2.44,-0.51,-7.44,-8.96,1.91,1.20,-5.66,2.11,-6.40,0
-8.64,-1.49,1.70,-2.59,1.00,-7.00,-9.04,2.04,1.81,-0.34,4.75,-1.37,0
-8.84,-1.50,1.94,-0.06,-4.92,-4.57,-9.30,1.98,1.80,2.75,2.46,1.18,0
-8.80,-1.57,2.06,0.29,-3.17,-3.23,-9.39,2.09,1.83,3.95,-0.24,1.60,0
-9.01,-1.50,1.51,1.04,-4.79,-2.54,-9.17,1.93,1.79,4.18,-0.69,5.63,0
-9.28,-1.64,1.57,0.63,-8.12,-4.55,-9.09,1.69,1.51,8.06,2.42,0.15,0
-8.94,-1.52,2.06,2.51,-6.67,-4.11,-9.17,2.03,1.66,-1.27,4.27,-6.64,0
-8.71,-1.54,1.99,-1.58,-2.56,-3.02,-9.14,2.13,1.90,-10.09,3.82,-7.56,0
-8.77,-1.46,2.05,-2.10,-3.09,-1.04,-9.15,2.08,2.06,1.91,-0.57,-1.02,0
-8.68,-1.34,2.17,-3.31,-2.97,0.23,-9.13,1.89,1.45,1.24,-1.45,-0.56,0
-8.85,-1.50,2.00,-5.81,0.26,-0.53,-9.05,1.93,1.49,-2.10,0.89,-1.52,0
-8.82,-1.48,2.01,-4.79,1.71,-0.53,-9.07,2.11,1.72,-3.50,-0.31,-1.51,0
-8.99,-1.53,1.99,-3.54,-1.10,-0.91,-9.30,2.07,1.65,-0.39,-1.48,1.45,0
-8.91,-1.43,1.96,-4.05,-0.95,-0.56,-9.10,1.98,1.67,-2.34,-0.88,2.87,0
-9.02,-1.45,2.03,-4.79,-0.44,-0.58,-9.20,1.85,1.69,-2.98,-1.11,2.63,0
-9.07,-1.41,1.85,-5.43,-1.18,-1.30,-9.13,1.83,1.57,-0.34,-0.58,1.66,0
-8.80,-1.48,2.12,-3.69,-2.07,-1.77,-9.13,1.83,1.64,-1.08,-0.28,0.60,0
-8.84,-1.44,1.78,-4.34,-2.02,-2.15,-9.19,1.89,1.67,-0.85,-0.94,0.86,0
-8.83,-1.61,1.73,-5.58,-0.50,-2.28,-9.07,1.80,1.49,3.25,0.02,1.07,0
-8.73,-1.52,1.88,-3.24,-1.85,-2.32,-9.24,2.00,1.65,-2.28,1.84,-1.27,0
-8.77,-1.54,1.76,-4.58,-1.01,-2.41,-9.14,1.89,1.72,-0.10,0.10,-1.45,0
-8.92,-1.57,1.89,-1.47,-2.93,-1.55,-9.20,1.88,1.69,-1.38,-1.09,-0.92,0
-9.04,-1.53,1.90,-1.52,-3.12,-1.82,-9.28,1.89,1.64,1.34,-1.66,-0.53,0
-8.89,-1.48,2.17,0.65,-4.98,-1.14,-9.16,1.78,1.74,2.48,-0.73,0.46,0
-8.76,-1.46,1.89,0.92,-3.79,-1.76,-9.19,1.81,1.68,-0.69,-0.85,0.01,0
-8.90,-1.45,1.95,-0.88,-3.47,-2.82,-9.08,1.84,1.60,2.75,-0.45,-2.19,0
-8.83,-1.39,2.09,-1.53,-3.65,-2.75,-9.15,1.88,1.62,3.13,0.58,-1.53,0
-8.69,-1.40,2.13,-1.88,-3.31,-2.15,-9.13,1.94,1.64,1.27,1.61,-2.29,0
-8.76,-1.43,2.13,-1.07,-3.70,-1.62,-9.22,1.95,1.60,1.70,1.23,-1.86,0
-8.69,-1.47,2.17,-1.35,-2.03,-3.56,-9.00,1.95,1.74,0.15,0.33,-0.66,0
-8.81,-1.54,2.15,-3.20,-1.82,-3.80,-9.12,1.92,1.57,0.25,-0.66,-1.29,0
-8.82,-1.51,2.09,-4.38,0.53,-3.47,-9.10,2.02,1.54,-0.09,-0.49,-1.26,0
-8.66,-1.53,2.16,-3.79,-2.18,-2.10,-9.23,2.09,1.57,-1.08,0.05,-0.13,0
-8.77,-1.52,2.17,-4.52,-1.60,-1.42,-9.15,1.93,1.68,-2.28,0.18,0.97,0
-8.89,-1.62,2.16,-5.49,-1.92,-1.50,-9.07,1.88,1.69,-3.56,0.00,0.33,0
-8.79,-1.55,1.99,-7.59,-0.66,-0.95,-9.03,1.83,1.52,-3.53,-0.86,0.09,0
-8.89,-1.61,2.30,-8.83,1.66,-0.15,-9.16,1.77,1.56,-0.05,-1.13,0.34,0
-8.91,-1.56,1.94,-8.53,3.18,-0.28,-9.27,1.88,1.48,1.16,-0.71,1.75,0
-8.63,-1.56,2.21,-5.53,-0.37,0.27,-9.17,2.02,1.59,-0.84,-0.05,0.78,0
-8.66,-1.50,1.91,-6.91,2.68,-0.61,-9.28,1.83,1.61,-5.81,0.84,0.93,0
-8.74,-1.47,2.05,-3.10,-0.72,1.02,-9.13,1.91,1.83,-2.51,-0.10,1.79,0
-8.89,-1.31,1.90,-5.76,0.83,-2.82,-9.09,1.61,1.59,5.31,-0.80,3.06,0
-8.64,-1.56,2.11,-4.99,-0.56,-2.09,-9.27,1.83,1.49,1.34,0.37,-0.31,0
-8.71,-1.49,2.07,-7.76,2.75,-0.28,-9.27,2.00,1.64,-5.21,1.85,-1.31,0
-8.48,-1.55,1.98,-8.35,2.10,1.53,-9.16,2.13,1.69,-4.59,0.56,-0.02,0
-9.10,-1.56,1.91,-10.23,4.00,1.76,-9.07,1.87,1.54,-1.31,-1.78,2.05,0
-8.69,-1.35,1.98,-4.73,0.76,3.00,-9.13,1.96,1.59,-6.15,-1.68,0.23,0
-8.73,-1.35,1.83,-6.85,4.10,1.26,-9.20,1.98,1.62,-5.06,-1.22,2.62,0
-8.96,-1.33,1.50,-6.69,2.35,0.89,-9.10,1.75,1.73,-1.33,-1.84,3.60,0
-9.01,-1.32,1.76,-6.37,2.41,0.69,-9.19,2.06,1.73,-3.47,-1.08,0.71,0
-9.09,-1.39,1.58,-5.96,1.31,0.73,-9.16,1.96,1.79,-4.23,-1.34,1.69,0
-9.02,-1.37,1.50,-5.83,2.11,-0.95,-9.06,2.03,1.78,-2.31,-1.73,1.42,0
-8.92,-1.26,1.56,-5.34,-0.54,-1.18,-8.89,1.99,1.60,-2.40,-1.81,0.21,0
-8.99,-1.45,1.62,-6.34,1.11,-0.42,-9.28,2.11,1.67,-6.85,0.12,0.64,0
-9.06,-1.54,1.57,-5.73,0.15,0.13,-9.10,2.05,1.78,-2.39,0.74,2.50,0
-8.97,-1.50,1.68,-3.56,-0.08,-0.84,-9.13,2.00,1.74,-3.35,-1.35,2.85,0
-9.01,-1.47,1.51,-1.69,1.54,-2.85,-9.10,1.79,1.79,2.83,-2.83,3.24,0
-8.87,-1.44,1.56,-0.70,0.71,-3.58,-9.15,2.14,1.56,0.56,-2.82,1.84,0
-8.90,-1.38,1.48,-0.51,-0.47,-3.57,-9.12,2.08,1.79,-0.82,-1.34,-0.84,0
-8.95,-1.40,1.37,-1.19,-0.73,-3.02,-9.21,2.00,1.68,3.06,0.65,-1.62,0
-8.82,-1.36,1.44,-1.03,-1.18,-3.27,-9.06,2.01,1.85,1.57,0.60,-1.27,0
-8.89,-1.32,1.44,1.44,-2.27,-2.29,-9.12,2.05,1.83,3.22,-1.04,-1.08,0
-8.91,-1.44,1.62,-0.34,-2.11,-2.46,-9.07,1.98,1.84,2.58,-0.94,-0.85,0
-8.88,-1.37,1.51,0.85,-3.08,-1.74,-9.11,2.05,1.86,1.93,-1.45,-2.58,0
-8.88,-1.38,1.58,-0.05,-1.96,-2.57,-9.06,2.16,1.80,0.43,-0.66,-1.60,0
-8.82,-1.30,1.43,-0.43,-2.12,-2.98,-8.98,2.05,1.63,2.68,-0.16,-0.59,0
-8.89,-1.33,1.64,-1.23,-3.47,-2.02,-9.03,2.10,1.77,0.56,0.49,-1.50,0
-8.91,-1.36,1.73,-2.11,-3.57,-1.57,-9.08,2.00,1.75,-2.37,1.34,-1.13,0
-8.84,-1.40,1.71,-2.91,-2.04,-1.88,-9.16,2.06,1.88,0.61,-0.16,0.01,0
-8.79,-1.35,1.71,-2.79,-1.02,-0.84,-9.09,2.03,1.85,-0.53,-0.26,0.13,0
-8.97,-1.40,1.66,-3.42,-1.93,-0.08,-9.13,2.06,1.91,-2.39,-0.31,-0.45,0
-8.91,-1.39,1.65,-5.38,0.88,0.27,-9.08,2.08,2.00,-2.83,-1.30,-0.28,0
-8.87,-1.31,1.84,-5.09,-1.81,1.18,-9.15,2.01,1.83,-3.63,-1.53,-0.37,0
-8.98,-1.28,1.75,-7.75,-0.44,2.48,-8.98,2.02,1.75,-3.56,-0.98,-0.27,0
-8.93,-1.15,1.82,-9.31,1.53,1.65,-9.06,2.21,1.86,-6.44,-0.97,0.43,0
-8.80,-1.37,1.66,-6.85,1.44,-0.18,-9.00,2.10,1.83,-0.48,-2.49,4.66,0
-8.90,-1.45,1.43,-6.65,7.26,-3.99,-8.92,2.06,1.84,2.49,-2.78,4.61,0
-8.87,-1.60,1.39,-0.46,4.66,-3.91,-9.26,2.18,1.75,0.52,-2.96,5.89,0
-8.98,-2.02,1.47,1.25,9.19,-3.13,-9.41,2.18,1.88,1.48,-5.00,6.46,0
-8.78,-1.50,1.60,5.99,4.82,-1.98,-9.16,2.04,2.13,6.26,-9.82,7.89,0
-9.19,-1.21,0.90,4.70,10.00,-3.42,-8.75,1.83,2.06,16.44,-12.74,8.71,0
-9.23,-0.83,0.72,5.10,1.07,-6.01,-8.53,1.99,1.82,15.02,-8.55,0.47,0
-8.99,-0.95,1.00,1.79,1.58,-8.41,-8.58,2.29,1.86,10.58,-3.99,-0.56,0
-8.87,-1.10,1.06,2.24,2.99,-9.35,-8.74,2.48,2.19,-0.43,-0.35,-2.02,0
-9.04,-1.36,1.01,0.20,4.58,-9.52,-9.00,2.64,2.29,8.33,-0.42,-0.18,0
-9.13,-1.52,0.79,2.91,1.62,-6.02,-9.04,2.76,2.24,9.48,-1.79,1.11,0
-9.19,-1.64,0.67,0.46,-0.96,-5.04,-8.70,2.76,2.26,6.72,0.75,3.86,0
-9.13,-1.73,0.68,1.44,-5.47,-3.60,-8.67,2.57,2.34,-3.31,1.24,2.05,0
-9.22,-1.72,0.91,3.07,-8.80,-3.94,-8.84,2.43,2.37,-2.31,0.37,-0.82,0
-9.00,-1.67,1.17,0.18,-9.24,-3.52,-8.84,2.40,2.12,1.35,-0.43,-1.10,0
-9.01,-1.61,1.33,-1.38,-9.05,-2.05,-9.05,2.56,2.10,-1.85,-0.72,-3.35,0
-9.21,-1.63,1.32,-4.05,-4.08,-0.67,-9.07,2.52,1.97,-1.70,-1.21,-4.05,0
-9.03,-1.78,1.40,-4.46,-6.95,2.15,-9.12,2.83,2.05,-3.01,1.22,-3.49,0
-8.81,-1.64,1.41,-6.80,-1.64,3.17,-9.08,2.58,2.27,-7.05,0.34,-0.26,0
-9.10,-1.54,1.45,-8.64,2.63,1.47,-9.01,2.43,2.31,-1.92,-1.12,1.89,0
-9.04,-1.63,1.24,-6.44,1.64,-0.30,-8.88,2.47,2.15,0.61,-2.41,2.46,0
-9.19,-1.51,1.19,-7.06,2.68,-0.76,-8.86,2.40,2.04,0.01,-1.99,1.15,0
-9.14,-1.56,1.12,-4.41,0.88,-1.34,-9.08,2.28,2.05,1.40,-0.79,1.51,0
-8.94,-1.59,1.14,-2.42,-3.44,-0.18,-9.07,2.25,2.04,3.44,0.01,1.31,0
-9.30,-1.51,1.24,-2.74,-0.63,-0.63,-9.07,2.11,2.11,1.38,2.14,-0.10,0
-9.17,-1.30,1.22,-2.32,-2.85,-1.98,-9.15,1.77,1.89,7.69,3.08,-3.62,0
-8.95,-1.44,1.31,-1.89,-3.18,-0.56,-8.87,2.12,1.91,-4.85,7.49,-13.40,0
-8.90,-1.33,1.41,-4.03,-6.78,0.62,-8.94,2.18,2.01,-10.75,8.08,-13.15,0
-8.77,-1.37,1.55,-6.79,-1.51,-1.23,-9.09,2.40,2.24,-12.88,9.41,-13.37,0
-8.76,-1.41,1.33,-0.76,-3.59,-1.69,-9.06,2.46,2.59,-7.84,2.97,-10.26,0
-8.82,-1.41,1.59,-0.27,-3.53,-2.00,-9.03,2.32,1.96,6.16,-1.89,-3.31,0
-9.04,-1.41,1.48,1.05,-3.28,-1.76,-9.24,2.28,1.88,5.05,-2.56,-0.50,0
-9.24,-1.47,1.36,1.80,-0.64,-1.97,-9.10,1.94,1.91,9.18,-1.86,3.48,0
-9.06,-1.45,1.25,2.98,-1.72,-2.11,-9.02,1.85,1.78,7.47,-0.36,5.02,0
-9.06,-1.57,1.71,-0.46,-5.78,-3.16,-9.06,1.61,1.86,1.69,1.26,-1.94,0
-8.96,-1.37,1.59,1.72,-7.72,-3.57,-9.07,1.78,1.77,3.07,0.32,-4.63,0
-9.03,-1.33,2.04,0.52,-5.73,-3.80,-8.96,1.95,1.81,2.14,2.27,-4.56,0
-9.05,-1.33,1.50,-0.19,-2.24,-3.82,-9.22,1.81,1.90,-1.99,1.32,-4.98,0
-9.04,-1.52,1.64,-1.56,0.35,-2.82,-9.28,2.06,1.86,5.97,-0.56,-2.43,0
-8.86,-1.25,1.81,-1.19,2.11,-3.25,-9.26,2.08,2.05,6.19,-2.16,-1.23,0
-8.89,-1.37,1.54,2.88,0.97,-2.53,-9.15,1.80,2.00,7.52,-2.54,-0.37,0
-8.83,-1.65,1.39,3.47,6.47,-3.97,-8.94,1.76,2.01,4.10,-5.15,-0.72,0
-9.50,-1.72,1.63,16.76,0.24,-5.42,-9.14,1.58,1.83,27.52,-10.02,0.94,0
-9.87,-2.30,0.76,16.76,-6.73,-9.60,-9.40,1.48,1.53,30.56,-8.96,-0.67,0
-9.33,-1.47,2.14,19.26,-14.48,-13.97,-9.22,1.65,1.41,19.80,-5.82,-8.45,0
-9.31,-1.84,1.41,14.19,-3.74,-12.73,-9.24,1.86,1.57,7.37,-1.31,-12.96,0
-8.66,-1.28,1.30,15.37,-5.95,-6.21,-8.94,1.90,2.13,11.37,-2.97,-8.13,0
-8.85,-1.51,1.84,7.38,-8.32,-8.05,-8.96,1.64,1.82,21.11,-5.63,-5.36,0
-8.55,-1.26,1.88,7.50,-19.30,-2.03,-8.78,1.92,1.67,17.05,-2.78,-9.11,0
-8.37,-0.65,2.23,1.75,-11.08,0.12,-8.97,2.09,1.51,-1.08,3.31,-10.74,0
-8.87,-1.67,2.58,-9.31,-12.64,2.84,-9.26,1.86,1.98,-9.63,11.57,-5.91,0
-8.70,-1.68,2.72,-10.50,-9.48,0.21,-9.39,1.68,2.08,-6.74,7.21,-1.28,0
-8.78,-1.72,2.82,-7.87,-3.29,0.37,-9.62,1.59,2.00,2.67,2.39,1.48,0
-8.57,-1.87,2.23,-0.95,-2.61,-0.49,-9.17,1.44,2.06,-2.88,-1.33,0.57,0
-8.88,-1.52,2.39,-2.54,-2.81,-1.73,-9.09,1.39,1.36,4.57,-1.96,0.16,0
-8.75,-1.46,2.70,-4.56,-4.43,0.93,-9.52,1.48,1.26,1.82,-0.24,-1.70,0
-8.75,-1.45,2.66,-8.29,0.18,-1.40,-9.13,1.58,1.46,-7.76,3.16,-2.50,0
-8.35,-1.43,3.30,-13.44,0.56,-1.18,-9.09,1.52,1.85,-2.42,1.64,-0.32,0
-8.58,-1.44,2.79,-2.49,-1.34,-4.15,-9.54,1.63,1.58,0.43,-0.64,0.55,0
-8.72,-1.56,2.35,-4.57,3.64,-3.70,-9.42,1.50,1.58,5.25,-2.68,2.87,0
-8.70,-1.46,2.27,-3.31,1.09,-2.97,-9.19,1.49,1.50,4.50,0.55,6.21,0
-8.91,-1.62,2.42,-3.61,1.89,-4.73,-9.02,1.31,1.66,-1.12,0.25,3.13,0
-8.95,-1.80,2.11,-4.91,4.05,-5.19,-9.27,1.63,1.66,3.68,-0.21,-0.52,0
-8.67,-1.66,2.21,-3.70,3.14,-5.03,-9.23,1.57,1.52,3.47,-0.19,1.82,0
-9.03,-1.74,2.22,-5.77,6.77,-5.07,-9.20,1.48,1.66,0.42,0.66,-0.28,0
-8.86,-1.70,2.17,-4.95,0.87,-4.66,-9.24,1.60,1.70,2.95,-0.03,-0.31,0
-8.50,-1.85,2.01,-4.31,1.71,-2.85,-9.33,1.60,1.60,2.88,0.89,0.98,0
-8.53,-1.83,2.40,-4.31,3.49,-5.59,-9.09,1.59,1.55,1.82,0.10,1.80,0
-8.83,-2.09,1.90,-2.18,4.64,-6.40,-9.15,1.51,1.80,0.49,-0.64,0.90,0
-8.49,-2.11,1.92,1.24,1.73,-7.03,-9.28,1.58,1.66,8.30,-4.13,3.27,0
-8.73,-2.03,2.38,-1.27,1.38,-3.74,-9.32,1.54,1.27,6.89,-1.13,1.31,0
-8.58,-2.20,1.71,1.22,1.26,-2.27,-9.10,1.61,1.49,-0.43,-0.08,-0.32,0
-8.78,-2.14,1.71,1.18,-0.10,-2.68,-9.19,1.45,1.64,8.18,-2.07,1.21,0
-8.66,-1.81,2.03,1.66,-0.64,-3.04,-9.17,1.66,1.60,8.24,-1.88,-1.40,0
-8.69,-2.17,2.01,0.01,-0.97,-0.09,-9.39,1.72,1.54,-0.68,1.12,-2.13,0
-8.87,-1.74,1.87,3.11,-0.08,-1.73,-9.16,1.57,1.68,0.56,-0.15,-1.58,0
-8.64,-1.65,1.78,-2.40,2.82,-4.29,-8.93,1.42,1.59,7.27,0.22,-2.03,0
-8.30,-1.63,1.98,-7.95,6.92,-2.69,-8.79,1.56,1.57,0.76,0.60,-7.19,0
-8.72,-1.74,1.69,-11.60,2.66,-0.19,-9.57,2.05,1.81,-2.11,-0.22,-5.98,0
-9.66,-2.28,2.28,-18.59,-0.66,0.68,-9.30,2.10,1.84,-7.63,2.83,-4.51,0
-8.41,-1.89,1.95,-10.85,-8.86,4.83,-9.24,1.95,1.89,-13.52,-0.23,-1.10,0
-9.16,-2.19,2.17,-19.50,-6.26,5.98,-9.31,1.82,1.65,-17.29,0.47,0.76,0
-7.93,-1.37,3.15,-33.14,-0.50,11.99,-8.70,1.87,1.41,-26.77,2.04,4.91,0
-8.75,-2.04,1.29,-20.29,0.55,20.73,-9.50,1.94,1.39,-33.67,2.60,6.39,0
-7.94,-1.74,1.18,-5.63,-8.53,20.31,-8.46,2.06,1.66,-41.18,2.74,11.20,0
-10.07,-1.45,1.51,-16.21,13.11,5.40,-8.62,2.15,2.12,-50.60,6.64,15.90,0
-8.59,-1.54,2.51,-6.27,-5.96,-2.07,-9.80,1.84,1.67,-9.76,-9.50,15.53,0
-8.50,-1.77,2.09,-5.13,8.40,-1.10,-9.51,1.74,1.69,-0.98,-9.40,23.95,0
-8.89,-1.84,1.36,1.42,5.54,-1.60,-9.28,1.06,1.67,8.22,-11.81,21.32,0
-8.83,-1.55,1.37,7.51,6.63,-1.76,-8.69,1.32,1.44,16.36,-9.10,13.77,0
-9.19,-1.43,1.63,2.78,6.24,-5.17,-8.69,1.55,1.72,12.15,-1.72,-2.56,0
-8.67,-0.68,2.19,6.60,-2.74,-3.15,-9.05,1.88,1.86,3.21,1.29,-9.08,0
-8.66,-1.23,1.59,4.89,1.95,-1.00,-9.15,2.08,2.24,2.76,1.24,-8.76,0
-8.77,-1.01,2.23,3.93,5.64,-3.66,-8.97,2.40,2.45,3.85,1.22,-5.11,0
-8.94,-0.77,2.22,2.44,1.14,-4.41,-8.96,2.34,2.28,8.24,-4.57,-2.07,0
-8.95,-1.00,1.77,-3.52,0.19,-4.92,-8.85,2.62,2.28,11.73,-4.18,1.02,0
-9.26,-0.97,1.65,-11.02,5.57,-8.79,-8.90,2.53,1.99,3.42,-2.81,5.18,0
-9.19,-1.80,0.94,-1.10,-9.76,-3.42,-9.08,2.40,1.96,4.53,-1.60,8.25,0
-9.10,-2.00,1.63,-4.70,-19.55,5.32,-9.23,2.40,1.89,-8.47,4.38,0.61,0
-9.01,-1.75,2.03,-11.07,-18.02,4.63,-10.01,2.29,2.07,-14.14,5.70,-5.14,0
-8.85,-1.64,2.05,-6.73,-15.15,8.26,-9.20,2.31,2.29,-11.19,3.47,-5.02,0
-8.61,-1.09,2.12,-11.49,-7.12,10.45,-9.09,2.43,2.40,-13.53,2.32,-2.96,0
-8.70,-0.88,2.09,-10.95,-1.95,3.98,-8.70,2.29,2.40,-31.69,-2.95,-5.20,0
-8.91,-1.16,1.56,-16.08,4.36,0.31,-8.45,1.68,2.21,-11.15,-3.76,0.90,0
-9.01,-0.91,2.57,-13.06,-4.05,-0.16,-8.96,1.76,1.86,-7.46,-2.55,-1.30,0
-8.67,-1.14,1.90,-9.29,-0.98,-3.27,-8.97,1.78,2.01,-11.23,-1.59,-7.56,0
-8.94,-1.05,2.50,-18.56,2.40,-6.09,-9.18,1.74,1.89,9.74,1.73,-3.96,0
-8.72,-1.22,2.22,-6.49,3.01,-5.76,-9.01,2.26,2.02,2.45,2.95,-4.85,0
-8.85,-1.08,2.12,-10.16,4.44,-9.06,-9.21,1.79,1.90,6.10,2.79,-0.28,0
-8.71,-1.38,2.37,-0.92,1.94,-6.53,-9.02,2.25,2.19,0.08,3.76,1.15,0
-8.53,-1.51,1.32,-0.95,-0.50,-5.72,-9.01,1.80,2.23,3.96,3.48,4.86,0
-8.79,-1.45,1.87,-5.37,-1.26,-3.21,-9.00,1.71,2.19,6.37,3.59,4.30,0
-8.77,-1.51,1.75,-4.04,-0.76,-4.87,-8.99,1.79,2.28,2.50,0.51,0.97,0
-8.61,-1.50,1.70,-0.67,7.46,-10.73,-8.89,1.83,2.28,7.88,-1.00,1.37,0
-9.06,-1.66,1.97,6.19,-1.16,-6.80,-9.37,2.03,2.14,5.48,-1.55,-2.42,0
-9.12,-1.66,1.62,3.27,5.96,-5.31,-9.23,1.79,2.04,0.50,-1.69,-2.55,0
-9.01,-1.87,1.53,6.27,-5.61,-3.41,-9.09,1.77,2.25,10.65,-1.88,-0.03,0
-9.02,-1.69,1.59,4.29,-5.08,-4.10,-8.93,1.57,2.11,8.56,-1.50,-3.00,0
-8.92,-1.72,1.61,-3.16,-4.37,-2.52,-9.20,1.85,1.78,4.00,-0.12,-11.81,0
-8.98,-1.54,1.94,-0.61,-8.73,-1.34,-9.11,1.93,1.82,-0.82,2.45,-12.05,0
-9.10,-1.61,1.86,-3.16,-6.15,-2.26,-9.13,2.11,1.98,-1.91,4.13,-9.21,0
-8.83,-1.49,1.90,-2.93,-7.41,-1.21,-9.14,1.98,2.00,-2.21,5.15,-5.34,0
-8.54,-1.57,2.15,-7.48,-6.54,-4.08,-8.84,1.76,1.93,2.01,3.25,-1.51,0
-8.80,-2.00,2.45,-6.37,-5.83,-3.73,-9.18,1.94,1.98,-2.57,3.44,-1.90,0
-8.51,-1.75,2.11,-4.92,-5.37,-2.01,-9.03,1.73,1.89,-4.89,1.26,-0.27,0
-8.67,-1.98,2.24,-6.47,-4.46,-2.07,-9.33,1.76,1.79,4.20,1.12,3.70,0
-8.69,-1.85,2.24,-2.50,-2.00,-1.74,-9.31,1.42,1.69,2.27,-0.79,4.05,0
-8.59,-1.66,2.26,-2.66,-1.95,-2.27,-9.20,1.57,1.69,4.34,0.02,4.66,0
-8.61,-1.79,2.03,-0.92,-2.10,-2.54,-9.20,1.41,1.70,3.83,0.02,3.95,0
-8.65,-1.66,1.99,-3.93,0.79,-4.20,-8.94,1.34,1.64,9.14,-0.91,2.70,0
-8.67,-1.65,2.25,-2.98,-2.85,-5.83,-9.07,1.57,1.52,9.40,-0.64,-3.45,0
-8.36,-1.96,2.08,-3.43,-1.11,-3.98,-9.23,1.74,1.74,9.35,-1.53,-3.11,0
-9.13,-1.54,2.83,-3.17,0.15,-5.07,-9.29,1.68,1.52,15.34,-1.01,0.80,0
-8.61,-2.55,2.61,-6.63,1.93,-7.23,-9.35,2.22,1.64,11.89,2.34,0.07,0
-8.76,-1.96,2.14,-1.81,-0.32,1.15,-9.65,2.03,1.80,15.88,-0.87,3.21,0
-8.91,-2.29,1.94,-1.95,2.92,0.11,-9.00,1.97,1.78,3.52,0.24,3.25,0
-8.67,-1.38,2.38,4.07,9.57,4.69,-9.23,2.12,2.06,-1.05,-2.84,3.04,0
-9.04,-2.00,2.27,-10.05,13.19,1.78,-9.08,1.67,1.89,4.18,-1.79,4.75,0
-8.81,-1.89,2.04,-7.44,4.44,-0.48,-9.05,1.75,1.82,-3.74,-4.83,0.69,0
-8.89,-1.73,1.66,0.98,8.95,2.81,-9.34,1.90,1.83,-2.37,-4.40,-0.37,0
-9.61,-1.37,1.77,1.30,2.48,2.28,-9.12,1.54,1.67,4.31,-5.61,3.28,0
-9.06,-1.50,1.88,-3.79,7.44,0.67,-9.09,1.89,1.64,-0.23,-3.07,-1.06,0
-8.86,-1.43,1.75,0.68,2.63,1.44,-9.07,1.85,1.66,1.37,-1.43,-0.21,0
-8.75,-1.55,1.88,-2.05,2.44,1.14,-9.11,1.88,1.81,-1.31,-1.04,-0.68,0
-9.02,-1.44,1.77,-0.63,3.17,-0.24,-9.16,1.95,1.79,-2.63,-0.07,-2.54,0
-8.90,-1.52,1.63,0.09,0.87,-1.01,-9.15,2.07,1.95,2.31,-1.44,0.06,0
-8.73,-1.35,1.51,0.44,1.68,-1.59,-8.96,2.01,1.94,2.08,-0.83,3.18,0
-8.90,-1.35,1.60,0.44,1.29,-1.76,-8.99,1.95,2.01,0.04,-0.37,2.55,0
-9.01,-1.34,1.56,-1.38,1.25,-2.27,-9.12,1.88,2.03,1.08,-0.95,3.01,0
-9.12,-1.06,1.43,1.18,1.54,-3.74,-9.05,1.83,1.88,3.50,-0.37,3.14,0
-9.03,-1.51,1.29,-3.88,-1.63,-5.78,-8.83,2.02,1.62,1.82,2.74,0.06,0
-8.89,-1.62,1.65,-7.94,-2.04,-4.26,-9.18,2.12,1.67,-3.62,4.45,-2.48,0
-8.88,-1.69,1.76,-6.76,-3.34,-3.39,-9.35,2.39,1.82,-3.57,6.02,-2.42,0
-8.88,-1.69,1.55,-6.18,-3.15,-2.18,-9.32,2.37,2.05,-6.00,4.30,-0.55,0
-8.61,-1.73,1.78,-5.00,-2.66,-2.72,-9.14,2.07,1.97,-1.92,0.61,3.03,0
-9.09,-1.71,1.45,-5.73,0.28,-2.21,-9.10,2.14,1.85,-3.96,-1.21,2.51,0
-9.05,-1.87,1.58,-4.22,-2.46,-1.05,-9.24,1.94,1.70,0.00,-1.03,4.00,0
-9.07,-1.75,1.59,-4.24,-3.41,-0.54,-9.05,1.79,1.58,-3.02,-0.16,2.61,0
-9.04,-1.67,1.54,-6.98,-1.73,0.03,-9.06,1.82,1.65,-4.09,0.27,-3.74,0
-8.95,-1.89,1.56,-3.28,-3.20,-0.53,-9.10,1.89,1.61,-0.11,0.97,-3.13,0
-8.96,-1.61,1.55,-1.11,-4.65,0.50,-9.09,2.03,1.77,0.72,0.95,-1.85,0
-9.06,-1.75,1.79,-2.46,-1.40,-0.31,-9.22,1.92,1.79,-2.27,0.62,-3.85,0
-8.83,-1.73,1.40,0.51,1.45,-2.06,-9.13,2.00,1.72,3.01,-0.57,-2.69,0
-8.84,-1.65,1.66,4.78,-1.92,-2.30,-9.10,2.13,1.80,2.91,0.37,-1.60,0
-8.72,-1.16,3.18,-0.71,-5.37,-2.19,-9.11,1.84,1.71,-2.15,-1.59,-1.05,0
-8.72,-1.46,1.87,0.82,-1.96,-2.59,-9.17,1.88,1.67,3.53,-1.63,-1.66,0
-8.84,-1.48,2.05,-0.64,-2.47,-1.42,-9.08,2.37,1.66,-9.05,4.65,-1.94,0
-8.70,-1.86,1.60,-0.50,-1.42,-0.04,-9.36,2.19,2.07,-19.96,-0.41,-0.54,0
-8.91,-1.62,1.38,-0.54,-3.98,0.22,-9.04,1.60,1.86,4.95,-4.81,5.40,0
-8.84,-1.78,1.43,-4.19,2.49,-0.53,-9.10,2.04,1.76,10.89,-8.08,5.82,0
-8.89,-1.54,1.48,0.12,-3.50,0.60,-9.07,2.01,1.43,7.63,-2.26,0.58,0
-8.90,-1.32,1.40,1.91,-2.56,-0.36,-9.02,1.90,1.62,-8.28,-0.20,-1.61,0
-8.79,-1.37,1.82,-1.91,-0.44,-0.76,-9.07,1.73,1.95,2.08,-0.58,-1.53,0
-8.89,-1.42,1.69,-0.21,-3.60,-1.94,-8.93,1.98,1.93,7.24,-1.73,-2.73,0
-9.04,-1.31,1.65,0.20,-2.13,-4.37,-9.30,2.20,1.86,6.19,-1.23,-0.84,0
-9.02,-1.51,1.96,-0.51,-2.23,-3.72,-9.10,2.26,1.91,0.94,-0.34,0.27,0
-8.97,-1.40,1.84,-0.39,-0.04,-3.61,-9.08,2.05,2.08,-2.95,-0.64,0.32,0
-8.37,-1.51,2.79,-3.18,-2.15,-1.32,-8.95,2.17,1.93,3.06,-3.32,1.75,0
-8.84,-1.52,1.77,-2.87,2.06,-2.21,-9.03,2.05,1.81,3.18,-3.95,2.95,0
-9.06,-1.50,1.63,-4.69,3.57,-2.11,-8.93,1.93,1.74,2.90,-2.13,2.81,0
-8.86,-1.51,1.63,-4.05,-0.45,-1.40,-8.87,2.01,1.88,1.47,-1.14,1.27,0
-8.82,-1.60,1.54,-6.73,3.15,-1.69,-9.08,1.89,1.83,1.65,-0.97,-0.08,0
-8.84,-1.50,1.58,-2.94,0.37,-1.98,-9.09,2.00,1.82,4.08,-0.67,0.33,0
-8.87,-1.56,1.70,-3.63,2.31,-3.42,-8.86,2.10,1.90,1.98,0.98,0.34,0
-8.84,-1.55,1.52,-3.73,1.42,-2.26,-8.97,2.25,2.06,-1.39,-0.18,-0.98,0
-9.07,-1.60,1.20,-3.33,0.98,-2.03,-9.25,2.21,1.92,0.75,-0.76,-0.16,0
-9.25,-1.56,1.39,-0.62,-1.15,-2.71,-9.01,2.17,1.66,1.17,-1.47,1.46,0
-8.99,-1.50,1.40,1.11,-3.63,-3.14,-8.96,1.91,1.75,2.03,0.27,0.11,0
-8.85,-1.53,1.49,-3.50,-2.91,-4.20,-9.18,2.06,1.63,1.58,2.80,-2.95,0
-8.72,-1.47,1.63,-3.85,-2.56,-2.30,-9.18,2.28,2.00,-3.50,4.11,-3.01,0
-8.82,-1.52,1.65,-3.53,-1.07,-0.89,-9.07,2.07,2.22,-3.81,0.11,-0.35,0
-8.83,-1.48,1.63,-2.47,-1.40,-0.76,-9.10,1.97,1.94,-2.08,-1.25,-0.37,0
-9.04,-1.57,1.45,-2.62,-0.63,-2.66,-9.04,1.90,1.67,1.15,-1.76,0.21,0
-8.90,-1.54,1.53,-1.20,-0.40,-2.40,-9.03,2.05,1.71,1.94,0.20,-0.12,0
-8.83,-1.64,1.45,-1.18,1.58,-1.76,-8.94,2.06,1.96,1.81,-0.66,1.57,0
-9.06,-1.80,1.18,-1.29,2.31,-2.46,-9.02,1.91,1.94,2.87,-0.91,1.26,0
-8.99,-1.69,1.43,3.21,-5.72,-1.11,-9.07,1.97,1.76,2.25,-0.50,-1.14,0
-9.04,-1.43,1.60,-1.18,-0.47,-1.38,-9.24,2.05,1.87,-2.08,0.47,-3.18,0
-8.82,-1.51,1.25,-1.49,-3.02,-2.23,-8.85,2.06,1.74,-0.22,-0.21,-0.01,0
-9.31,-1.53,1.41,-2.98,-1.31,-3.37,-8.95,2.08,1.46,0.07,1.43,-0.70,0
-8.95,-1.58,1.82,-1.73,-6.63,-1.98,-9.06,2.11,1.73,-5.12,3.57,-0.79,0
-8.85,-1.46,1.78,-4.21,-0.31,-2.71,-9.25,2.11,2.05,-5.58,2.12,0.01,0
-8.89,-1.62,1.50,-3.23,2.32,-2.39,-9.07,1.82,1.78,4.88,-2.05,1.74,0
-8.94,-1.59,1.32,-4.80,0.86,-1.88,-9.07,1.88,1.66,3.83,-2.27,0.23,0
-9.08,-1.67,1.54,-3.28,-2.02,-0.98,-9.04,2.06,1.66,3.22,0.16,-0.76,0
-9.00,-1.66,1.53,-2.30,-1.69,-1.47,-9.10,2.21,2.00,2.70,-0.80,0.45,0
-8.96,-1.62,1.58,-1.41,-1.66,-1.88,-9.11,2.04,1.81,0.40,-1.99,0.98,0
-8.95,-1.59,1.42,-1.44,-3.24,-1.56,-9.02,2.05,1.73,-0.70,-0.92,0.25,0
-8.81,-1.59,1.52,-2.54,-3.12,-1.58,-9.07,1.97,1.73,-0.92,0.09,-0.79,0
-8.73,-1.55,1.42,-2.74,-3.40,-1.35,-9.09,2.15,1.86,-0.77,0.56,-1.40,0
-8.85,-1.56,1.65,-3.16,-4.21,-0.57,-9.04,2.09,1.81,-0.23,0.53,-1.29,0
-8.97,-1.59,1.63,-3.93,-4.34,-0.36,-9.28,2.11,1.80,-1.57,-0.08,-1.80,0
-9.06,-1.57,1.67,-3.15,-3.69,-0.72,-9.00,1.89,1.77,-1.53,-0.02,-1.29,0
-8.99,-1.63,1.72,-3.38,-2.84,-0.69,-9.15,1.94,1.79,-0.83,-0.81,-1.95,0
-8.94,-1.51,1.62,-3.89,-1.40,-1.31,-9.09,1.96,1.71,2.02,-0.69,-2.05,0
-8.75,-1.58,1.55,-3.95,-2.87,-0.82,-9.19,1.92,1.82,2.98,-0.18,-2.17,0
-8.83,-1.45,1.64,-3.53,-0.08,-1.23,-9.06,1.86,1.83,2.74,-0.58,-1.96,0
-8.73,-1.52,1.71,-2.30,-1.48,-1.89,-9.03,1.81,1.81,4.53,-1.16,-2.73,0
-8.95,-1.56,1.64,-2.46,0.03,-2.40,-9.05,1.79,1.61,3.72,-0.62,-5.53,0
-8.82,-1.52,1.72,-2.04,-1.98,-2.05,-9.05,1.84,1.77,2.85,-0.15,-5.40,0
-8.88,-1.46,1.69,-2.74,-1.47,-2.40,-9.20,1.86,1.86,2.02,-0.32,-6.65,0
-8.86,-1.49,1.70,-2.03,-2.06,-1.66,-9.03,2.00,1.81,-0.84,-0.65,-5.59,0
-8.85,-1.47,1.69,-2.04,-1.46,-2.25,-9.15,2.00,1.65,0.76,-0.67,-2.15,0
-8.90,-1.55,1.67,-1.94,-1.84,-2.42,-9.19,1.98,1.73,0.46,-0.70,-0.23,0
-8.92,-1.50,1.64,-2.92,-2.02,-1.59,-9.12,1.78,1.75,-0.87,0.11,0.40,0
-8.89,-1.53,1.72,-2.60,-2.15,-1.63,-9.09,1.71,1.72,-0.98,0.34,0.43,0
-8.80,-1.51,1.65,-4.36,-0.85,-0.09,-9.18,1.80,1.87,-0.13,0.13,-0.46,0
-8.90,-1.72,1.63,-5.43,1.71,0.53,-9.23,1.86,1.93,-1.11,-0.61,0.32,0
-9.08,-1.60,1.64,-3.08,-0.20,0.03,-9.29,1.75,1.87,-0.36,-1.06,0.34,0
-8.90,-1.56,1.74,-1.08,-0.93,-1.47,-9.03,1.93,1.80,-1.49,-0.90,1.79,0
-8.91,-1.48,1.70,-0.39,0.47,-2.81,-9.06,1.83,1.83,1.44,-3.20,5.35,0
-8.87,-1.48,1.66,-1.56,1.52,-2.79,-9.19,1.77,1.65,6.44,-2.92,6.64,0
-8.84,-1.53,1.60,-0.70,1.02,-2.20,-9.09,1.79,1.76,1.08,-2.31,5.59,0
-8.87,-1.59,1.65,-1.84,1.44,-2.40,-9.25,1.60,1.85,2.92,-1.68,4.22,0
-8.99,-1.35,1.56,2.91,-2.20,-1.81,-9.17,1.86,1.97,5.12,-2.71,0.95,0
-8.85,-1.44,1.81,-4.25,3.60,-1.40,-9.29,1.85,1.95,5.56,-2.15,0.88,0
-8.92,-1.54,1.35,-1.72,-1.14,1.58,-9.16,1.75,1.87,4.58,-3.05,-0.47,0
-8.99,-1.45,1.73,-6.30,-1.18,1.15,-8.97,1.95,1.74,3.16,0.51,-1.47,0
-8.74,-1.33,2.02,-12.06,-0.82,0.19,-9.04,2.06,2.04,-7.89,-1.34,-7.40,0
-9.03,-1.40,1.38,-10.73,-1.87,-0.76,-8.98,2.06,1.95,-3.78,-1.74,-5.05,0
-8.88,-1.55,1.51,-6.68,-1.20,-2.94,-9.12,2.20,1.92,-2.44,-1.45,-1.64,0
-8.82,-1.24,1.50,-1.07,-0.54,-6.08,-9.17,1.86,1.65,2.37,-3.12,3.66,0
-8.82,-1.56,1.35,6.80,-2.34,-9.33,-9.26,1.62,1.73,5.18,-0.51,6.74,0
-8.98,-1.72,1.68,4.73,-0.48,-10.44,-9.19,1.54,1.78,10.69,-1.89,6.19,0
-8.82,-1.67,1.47,8.11,-1.38,-8.32,-9.22,1.62,1.77,12.22,0.68,4.16,0
-9.14,-1.77,1.65,0.83,-0.31,-8.13,-9.22,1.64,1.96,7.73,1.65,-0.27,0
-8.99,-1.86,1.32,-3.99,-0.69,-2.92,-9.26,2.10,2.22,2.59,2.05,-6.46,0
-9.11,-1.93,1.36,1.89,-2.19,-1.55,-9.25,2.24,2.21,-2.65,-0.50,-6.61,0
-8.87,-1.69,1.94,-4.27,-1.56,-2.02,-9.07,2.08,2.08,0.23,-1.16,-5.26,0
-8.76,-2.00,1.43,-1.98,-1.45,-1.01,-9.09,2.11,1.85,-3.34,-2.21,-4.95,0
-8.78,-1.68,1.60,-4.45,-1.60,-2.92,-8.99,2.07,1.73,-3.42,-2.89,-0.52,0
-8.70,-1.66,1.85,-5.85,-3.80,-1.90,-8.91,1.96,1.67,0.95,-1.45,2.93,0
-8.70,-2.00,1.23,-2.79,-2.15,-0.57,-8.93,1.81,1.57,-0.68,-1.24,3.53,0
-9.13,-2.02,1.86,-8.66,-2.64,-0.19,-9.32,1.79,1.83,3.76,0.17,2.35,0
-8.43,-2.60,1.06,8.79,8.02,1.94,-9.17,1.85,1.85,7.20,-0.11,0.90,0
-9.60,-1.47,1.60,-1.27,-0.73,-4.91,-9.03,1.75,1.92,1.24,1.50,0.48,0
-8.52,-1.70,1.79,-5.47,-0.98,-2.67,-9.02,1.62,2.19,-1.12,-1.89,-1.09,0
-8.79,-1.64,1.52,-3.81,2.88,-4.33,-9.11,1.90,2.15,2.40,-2.51,-2.03,0
-8.61,-1.74,1.45,1.50,1.13,-4.56,-9.09,1.97,1.81,8.24,-4.25,2.47,0
-8.81,-1.95,1.56,0.50,1.96,-5.02,-9.03,1.93,1.76,7.07,-2.23,2.45,0
-8.83,-1.80,1.65,0.55,1.28,-4.37,-9.14,1.82,1.60,4.04,-0.74,1.26,0
-8.74,-1.78,1.66,-2.26,4.70,-4.84,-8.99,1.98,1.71,3.02,0.76,-0.73,0
-8.95,-2.05,1.38,-3.34,1.60,-3.77,-9.26,2.02,1.95,2.41,1.19,0.95,0
-9.06,-2.06,1.58,-2.02,-1.07,-2.23,-9.32,2.06,2.05,3.74,1.23,2.02,0
-9.07,-1.96,1.20,-0.15,0.89,-1.15,-9.34,2.05,2.06,2.73,-0.49,2.40,0
-9.51,-2.31,0.78,-0.35,2.24,-0.08,-9.37,1.60,2.04,8.56,-0.50,2.96,0
-8.53,-1.50,1.83,2.03,0.47,-3.53,-8.52,1.72,2.11,-7.54,-1.95,-6.85,0
-8.83,-1.65,2.14,-2.48,3.40,-7.05,-8.83,2.07,1.85,2.61,-5.31,-5.15,0
-8.61,-1.76,1.58,0.64,0.62,-7.33,-9.24,2.15,1.58,8.35,-6.54,-3.22,0
-9.07,-2.00,1.23,-2.36,-1.33,-4.89,-9.32,2.15,1.30,8.56,-2.09,1.95,0
-9.12,-2.09,1.38,-3.49,-1.00,-2.22,-9.04,1.99,1.79,-2.34,3.76,1.40,0
-9.02,-2.00,1.49,-0.79,-1.98,-2.80,-9.14,2.03,1.97,-0.22,2.67,1.15,0
-8.96,-2.24,1.33,0.84,-2.40,-1.58,-9.38,2.01,2.19,1.84,1.92,1.31,0
-8.88,-1.93,1.61,-0.72,1.70,-0.84,-9.21,1.98,2.12,0.50,-0.24,2.94,0
-8.73,-1.85,1.56,-1.33,0.78,-1.31,-8.97,1.88,2.12,-1.34,-2.95,1.92,0
-8.77,-1.96,1.35,-0.73,-2.48,-0.60,-9.07,1.80,2.00,1.95,-4.78,0.61,0
-8.83,-1.79,1.48,-3.40,2.50,-1.86,-9.00,2.00,1.88,2.18,-4.74,-1.40,0
-8.79,-1.71,1.49,-0.65,-4.33,-0.97,-9.13,2.00,1.78,0.56,-4.73,-2.21,0
-8.82,-1.74,1.37,-2.61,-0.45,-2.34,-8.87,1.97,1.69,3.85,-2.86,-0.87,0
-8.74,-1.79,1.58,-2.89,-1.75,-3.02,-9.02,2.03,1.76,4.65,-0.84,-1.08,0
-8.84,-1.89,1.31,-5.63,-2.45,-1.48,-9.12,2.18,1.81,-0.59,2.59,-1.59,0
-8.82,-2.14,1.06,-7.64,-1.27,-0.31,-9.06,2.17,1.85,-1.64,4.87,0.02,0
-9.07,-1.91,1.48,-6.05,-3.63,-2.98,-8.90,2.25,2.05,-1.38,3.75,-1.14,0
-8.90,-1.79,1.48,-4.97,-5.53,-3.38,-9.25,2.09,2.02,0.00,2.11,0.30,0
-8.84,-1.91,1.91,-5.44,-5.07,-2.59,-9.26,2.08,2.01,-0.93,2.44,2.46,0
-8.79,-2.11,1.70,-2.84,-4.21,-0.79,-9.13,1.84,2.12,-2.40,0.60,2.60,0
-8.90,-2.02,1.62,-6.95,-2.40,-0.78,-8.98,1.83,1.86,0.22,-0.68,-0.79,0
-8.99,-1.87,1.58,-5.53,-5.77,-0.14,-9.12,1.81,1.71,-4.18,0.57,-3.80,0
-8.94,-2.06,1.43,-5.60,-2.20,-0.10,-9.06,2.01,1.90,-5.83,1.01,-5.07,0
-9.14,-1.87,1.72,-7.50,-4.42,0.37,-9.17,1.91,1.84,-3.22,1.21,-5.05,0
-8.79,-2.07,1.47,-5.98,-2.56,1.67,-9.24,2.07,1.94,-5.27,2.11,-2.99,0
-9.01,-1.89,2.09,-2.43,-5.63,1.75,-9.34,1.96,1.84,-4.94,0.11,-1.23,0
-8.84,-1.89,1.87,-4.93,-2.78,0.18,-9.04,1.93,1.96,-2.37,0.05,0.00,0
-8.64,-1.79,1.86,-2.37,-3.41,-1.40,-8.96,1.90,1.80,-1.34,-1.09,1.24,0
-8.88,-1.76,1.76,-0.69,-3.76,-1.71,-9.12,1.76,1.68,-0.21,-1.05,1.72,0
-8.90,-1.18,2.79,-2.52,-1.68,-2.15,-9.08,1.64,1.75,1.61,0.18,1.72,0
-8.67,-1.84,1.80,-2.49,-1.40,-2.68,-9.08,1.62,1.65,0.74,0.50,0.73,0
-8.63,-1.84,1.86,-0.96,-1.92,-1.99,-9.11,1.59,1.72,0.54,1.90,-1.06,0
-8.71,-1.74,1.95,-1.92,-0.59,-2.56,-9.00,1.74,1.90,1.89,1.02,-2.34,0
-8.75,-1.86,1.88,-2.21,-1.44,-3.47,-9.08,1.74,1.93,1.44,1.01,-3.01,0
-8.61,-1.95,1.81,-1.62,-1.40,-3.06,-9.14,1.89,1.89,0.79,0.08,-3.20,0
-8.61,-1.85,1.95,-0.69,-2.93,-2.82,-9.21,1.94,1.84,4.19,-1.05,-1.26,0
-8.69,-1.73,1.89,-2.05,-2.33,-3.89,-9.10,1.85,1.63,4.54,-0.36,-0.72,0
-8.96,-1.85,1.69,-1.34,-2.99,-3.62,-9.01,1.99,1.65,3.07,0.04,0.41,0
-8.73,-1.67,2.02,-3.68,-1.42,-8.09,-8.82,1.88,1.56,7.78,2.76,1.78,0
-8.83,-1.50,1.98,-3.50,-5.77,-6.24,-9.09,1.94,1.52,3.80,4.51,0.24,0
-8.89,-1.90,2.03,-13.71,-3.39,-2.02,-9.12,2.12,1.66,-9.37,9.66,0.37,0
-8.80,-2.15,2.08,-13.89,-0.50,-1.66,-9.17,2.10,1.89,-10.05,9.69,0.68,0
-8.68,-2.13,1.75,-6.84,1.55,1.66,-9.10,1.87,2.07,-4.86,4.48,3.57,0
-8.55,-2.28,2.10,-11.15,2.23,-0.17,-9.19,1.91,1.67,0.02,2.24,3.56,0
-10.11,-1.77,0.76,-17.82,7.40,1.27,-9.02,1.86,1.36,-4.01,2.41,1.53,0
-8.73,-2.41,1.27,-15.20,-4.92,7.21,-9.29,2.05,1.35,-12.26,4.21,-1.89,0
-8.87,-2.44,2.08,-22.82,5.60,7.48,-9.64,1.98,1.48,-24.08,2.84,-5.47,0
-8.40,-2.96,1.37,-11.00,-0.71,13.18,-9.66,2.33,1.78,-21.76,-0.69,-2.90,0
-8.50,-1.01,1.96,6.64,6.53,0.24,-8.63,1.24,1.69,28.71,-11.04,23.04,0
-8.97,-1.80,1.86,-7.73,10.48,0.09,-8.53,1.54,1.28,17.60,-9.54,13.53,0
-9.01,-1.11,1.97,-10.53,1.87,2.86,-9.03,1.45,0.85,-4.63,-8.18,-5.66,0
-8.79,-1.64,1.76,-9.74,2.57,3.91,-9.05,2.17,1.37,-14.32,2.49,-9.69,0
-8.91,-1.70,1.72,-6.07,-2.44,0.32,-9.08,2.10,1.92,-4.80,-1.54,-1.30,0
-8.69,-1.79,1.42,-4.34,0.88,-0.07,-9.04,2.14,1.93,-1.50,0.49,0.47,0
-8.86,-1.63,1.45,-2.76,-1.08,-1.23,-8.98,2.05,1.88,-1.02,-3.90,2.18,0
-8.91,-1.62,1.47,-1.20,-0.69,-0.41,-9.19,2.06,1.79,0.73,-4.89,1.54,0
-8.80,-1.59,1.38,-0.27,1.51,0.14,-9.31,2.02,1.77,-0.96,-4.87,2.18,0
-8.83,-1.50,1.40,0.99,0.72,0.36,-9.03,1.86,1.80,0.36,-4.08,2.76,0
-8.55,-1.41,2.46,-2.40,2.47,2.39,-9.06,2.19,1.91,-2.19,-3.88,1.52,0
-8.76,-1.23,1.65,-2.59,4.19,1.03,-9.02,2.09,2.03,-6.31,-4.74,1.82,0
-9.16,-1.54,1.24,1.44,1.61,0.15,-9.17,2.16,2.07,0.11,-8.01,7.06,0
-9.09,-1.41,1.13,3.47,-0.27,1.26,-9.08,2.26,2.12,-2.76,-7.86,7.14,0
-9.86,-1.68,0.36,-0.69,2.24,1.09,-9.05,1.60,1.92,4.09,-7.24,7.47,0
-9.65,-1.53,0.31,7.27,-14.70,4.37,-8.84,1.86,1.72,8.18,-2.25,0.75,0
-8.76,-0.83,1.88,1.08,-2.58,-2.57,-8.86,2.18,2.33,-10.65,5.04,-14.08,0
-8.68,-1.02,1.76,-1.95,-0.35,-4.15,-8.95,2.44,2.70,0.31,0.42,-8.15,0
-8.78,-1.21,1.95,-0.79,1.24,-4.85,-9.09,2.50,2.30,5.44,-4.70,0.82,0
-8.81,-1.13,1.88,2.74,-0.37,-5.44,-9.09,2.23,2.11,7.28,-6.59,8.02,0
-9.10,-1.35,0.96,-0.05,3.26,-5.55,-8.88,1.97,1.90,8.65,-5.98,11.65,0
-9.54,-1.39,0.05,-2.31,1.13,-5.15,-8.84,1.66,1.60,15.15,-3.50,11.18,0
-9.61,-1.69,1.05,-1.99,-11.30,-3.21,-8.86,1.88,1.45,13.89,6.30,0.65,0
-8.91,-1.32,1.65,-0.31,-3.86,-2.26,-9.05,2.40,2.19,-21.19,13.85,-16.44,0
-8.78,-1.57,1.22,-4.08,-4.18,-1.85,-9.06,2.45,3.01,-6.44,4.44,-5.72,0
-8.64,-1.56,1.74,-4.95,-3.81,-1.78,-9.30,2.58,2.87,1.47,-1.95,-1.27,0
-8.77,-1.33,1.92,-2.60,-2.26,-1.59,-9.31,2.53,2.47,2.98,-8.61,4.81,0
-8.70,-1.37,1.67,-1.79,0.78,-2.08,-9.06,2.21,2.01,6.16,-10.69,9.60,0
-9.05,-1.37,0.98,-4.22,-0.16,-1.10,-8.76,1.80,1.65,6.70,-7.59,7.65,0
-9.52,-1.49,0.25,-3.17,-4.30,-0.93,-8.78,1.66,1.43,8.37,-3.57,2.89,0
-9.15,-1.50,1.22,-0.13,-14.29,0.37,-8.94,1.91,1.36,5.48,7.01,-7.08,0
-8.90,-1.26,1.86,-5.19,-3.98,-1.04,-9.09,2.22,1.78,-17.13,13.31,-15.84,0
-8.75,-1.42,1.78,-1.18,-3.15,-2.34,-9.12,2.27,2.79,-0.33,4.76,-3.85,0
-8.76,-1.33,2.25,-0.54,0.63,-3.86,-9.24,2.33,2.39,9.36,-3.04,1.20,0
-8.82,-1.31,1.98,0.89,1.95,-4.09,-9.24,2.18,2.29,9.24,-6.13,4.92,0
-8.93,-1.34,1.46,-1.08,2.91,-3.21,-8.95,1.97,1.92,7.70,-5.68,6.13,0
-9.25,-1.44,0.99,-4.16,1.68,-2.84,-8.89,1.80,1.69,4.36,-3.02,-0.31,0
-9.31,-1.50,1.20,-2.56,-4.18,-1.56,-9.00,1.94,1.64,6.53,0.36,-3.53,0
-9.06,-1.49,1.76,-1.60,-2.76,-1.98,-9.10,2.31,1.99,-6.27,4.49,-8.73,0
-8.90,-1.31,1.74,-1.80,-0.88,-2.93,-9.11,2.33,2.26,-6.74,2.82,-6.00,0
-8.91,-1.39,1.78,-1.63,1.00,-3.20,-9.08,2.29,2.16,6.04,-2.66,4.08,0
-8.85,-1.46,1.74,-1.24,0.76,-3.31,-9.15,2.17,2.10,3.91,-4.79,5.82,0
-9.03,-1.52,1.40,-3.05,-0.06,-2.47,-9.04,1.83,1.79,7.12,-3.76,7.16,0
-9.04,-1.52,1.37,-1.82,-2.05,-2.24,-8.86,1.85,1.76,2.92,-0.74,3.33,0
-8.89,-1.49,1.59,-2.15,-2.24,-2.31,-8.98,2.01,2.04,-0.63,2.88,-4.31,0
-8.89,-1.44,1.53,-2.11,-2.33,-2.50,-9.07,1.99,2.05,-0.57,3.02,-5.06,0
-8.88,-1.43,1.60,-1.95,-2.70,-2.98,-9.03,2.22,2.18,2.16,1.43,-3.85,0
-8.82,-1.48,1.55,-1.35,-4.42,-2.18,-9.07,2.19,2.13,2.74,0.82,-2.78,0
-8.80,-1.35,1.65,-1.71,-2.97,-2.73,-9.03,2.13,1.94,2.81,0.54,-2.54,0
-8.83,-1.36,1.69,-1.46,-4.56,-3.25,-8.93,2.08,1.88,1.78,1.73,-1.79,0
-8.79,-1.46,1.70,-2.31,-2.85,-3.45,-9.03,2.22,1.88,0.50,1.92,-1.83,0
-8.78,-1.41,1.67,-2.18,-3.55,-3.63,-9.14,2.11,1.93,1.40,1.99,0.31,0
-8.69,-1.53,1.90,-2.89,-2.99,-3.90,-9.14,2.08,1.84,0.02,2.00,0.87,0
-8.87,-1.60,1.84,-3.40,-2.32,-3.63,-9.14,2.09,1.90,0.60,1.58,0.57,0
-8.74,-1.54,1.81,-3.50,-1.09,-3.31,-9.12,1.98,1.92,1.18,1.56,0.60,0
-8.75,-1.57,1.81,-3.11,-1.17,-3.60,-9.02,2.05,1.94,0.61,1.18,0.26,0
-8.90,-1.64,1.70,-2.40,-0.50,-3.17,-9.10,2.27,1.92,0.72,-1.15,-0.29,0
-8.99,-1.65,1.70,-2.60,-0.83,-3.41,-9.09,2.08,1.82,1.85,-0.92,1.26,0
-8.90,-1.78,1.70,-2.76,0.03,-2.97,-9.01,2.10,1.77,1.44,-1.22,0.65,0
-9.04,-1.66,1.69,-2.69,-0.75,-2.24,-9.17,2.10,1.68,0.65,-0.50,0.08,0
-8.96,-1.73,1.85,-2.73,-0.75,-1.69,-9.10,2.00,1.82,-0.41,0.44,0.21,0
-8.81,-1.69,1.71,-2.43,-1.21,-1.40,-9.10,2.00,1.85,0.34,-0.79,-0.18,0
-8.82,-1.65,1.81,-2.37,-0.82,-1.47,-9.02,2.09,1.85,0.44,-0.59,-0.50,0
-9.03,-1.73,1.78,-2.27,-0.21,-1.68,-9.11,2.09,1.91,0.96,-1.63,-0.21,0
-8.82,-1.65,1.79,-2.14,-0.62,-1.27,-9.01,2.01,1.82,1.23,-1.85,-0.31,0
-8.95,-1.61,1.72,-2.57,-0.50,-1.15,-9.11,2.07,1.80,-0.43,-1.25,-0.44,0
-8.94,-1.61,1.82,-1.91,-1.42,-1.20,-9.06,2.09,1.76,1.08,-1.33,-0.44,0
-8.97,-1.66,1.72,-2.89,-0.35,-1.65,-9.07,2.00,1.73,0.23,-0.47,0.42,0
-8.95,-1.59,1.67,-1.89,-0.54,-1.06,-9.10,2.01,1.90,0.54,-0.31,-0.24,0
-8.75,-1.52,1.77,-1.93,0.19,-1.88,-9.07,1.92,1.87,1.24,-0.70,-0.01,0
-8.72,-1.44,1.78,-1.53,0.22,-1.83,-9.11,2.02,1.89,0.75,-0.71,-0.45,0
-8.73,-1.59,1.70,-1.69,-0.03,-1.36,-9.12,2.00,1.85,1.58,-0.90,-0.83,0
-8.81,-1.49,1.72,-2.44,-0.56,-1.40,-9.09,2.03,1.89,0.02,-0.30,-1.47,0
-8.81,-1.54,1.70,-2.64,-0.57,-1.39,-9.06,2.16,1.84,-0.11,-0.27,-1.34,0
-8.81,-1.53,1.76,-2.61,-0.43,-1.50,-9.07,2.12,1.97,0.00,-0.21,-0.13,0
-8.87,-1.55,1.68,-3.19,-0.55,-1.66,-9.11,2.15,1.77,-0.38,-0.18,0.77,0
-8.90,-1.52,1.63,-3.33,-1.15,-1.42,-9.10,2.12,1.85,-2.18,-0.53,1.90,0
-8.96,-1.60,1.68,-3.05,-1.66,-1.15,-9.11,1.77,1.81,0.13,-0.69,1.59,0
-9.04,-1.62,1.61,-3.27,-1.08,-0.95,-9.06,2.03,1.86,-1.95,-0.78,1.14,0
-8.98,-1.60,1.59,-2.85,-1.42,-1.25,-9.05,1.93,1.89,-0.10,-0.99,-0.06,0
-8.96,-1.59,1.82,-2.62,-1.69,-0.63,-9.06,2.08,1.87,-0.40,-0.83,-0.60,0
-8.93,-1.57,1.72,-2.96,-1.31,-0.99,-9.03,2.03,1.89,-0.25,-0.27,-0.22,0
-8.94,-1.59,1.67,-2.64,-1.69,-1.10,-9.08,2.10,1.84,-0.46,-1.22,-0.30,0
-8.94,-1.47,1.65,-2.78,-0.22,-1.74,-9.07,2.09,1.95,0.63,-0.63,0.88,0
-8.91,-1.49,1.67,-3.34,-0.72,-1.91,-9.05,2.06,1.87,0.95,-0.73,0.00,0
-8.93,-1.55,1.60,-3.30,-0.15,-2.27,-9.07,2.08,1.77,0.79,-0.32,0.27,0
-8.88,-1.63,1.69,-2.95,-0.18,-2.55,-9.07,2.09,1.89,0.20,-0.24,0.95,0
-8.88,-1.62,1.58,-2.76,-0.69,-2.14,-9.08,2.03,1.91,0.95,-0.08,1.03,0
-8.96,-1.60,1.58,-2.60,-0.82,-1.57,-9.13,2.04,1.90,0.65,-0.70,0.67,0
-8.79,-1.47,1.73,-3.13,-0.76,-1.79,-9.05,2.11,1.97,0.49,-0.33,0.11,0
-8.88,-1.51,1.66,-3.11,-1.94,-1.76,-9.06,2.06,1.89,0.07,-0.83,-0.12,0
-8.81,-1.52,1.71,-3.79,-1.43,-1.84,-8.97,2.14,1.94,-0.94,0.16,0.00,0
-8.77,-1.52,1.67,-4.08,-1.51,-1.56,-9.02,2.14,1.92,-0.16,0.24,-0.28,0
-8.88,-1.45,1.62,-4.02,-1.30,-1.86,-9.07,2.11,1.87,-0.85,0.40,-0.22,0
-8.83,-1.57,1.64,-3.34,-1.44,-1.76,-9.09,2.08,1.88,-0.08,0.02,0.00,0
-8.89,-1.52,1.62,-3.10,-1.74,-1.77,-9.08,2.06,1.87,0.05,0.47,0.79,0
-8.98,-1.60,1.63,-3.08,-1.63,-1.94,-9.11,2.03,1.84,0.42,-0.01,-0.40,0
-8.87,-1.57,1.76,-3.25,-1.90,-1.97,-9.00,1.99,1.90,0.56,0.18,-0.16,0
-8.90,-1.52,1.70,-3.50,-0.70,-1.90,-9.10,2.10,1.89,-0.46,0.11,-1.44,0
-8.76,-1.59,1.69,-2.50,-2.20,-2.36,-9.06,2.09,1.85,0.85,0.31,-0.24,0
-8.86,-1.61,1.70,-2.72,-1.44,-2.52,-9.11,2.07,1.88,1.93,-0.35,0.24,0
-9.01,-1.62,1.65,-2.57,-0.54,-2.50,-9.07,2.18,1.85,1.02,-0.08,0.24,0
-8.89,-1.63,1.71,-2.20,-1.22,-1.95,-9.06,2.06,1.89,0.40,0.00,0.46,0
-8.96,-1.61,1.80,-2.31,-1.31,-1.92,-9.06,2.10,1.89,0.56,0.05,0.34,0
-8.94,-1.66,1.68,-2.75,-0.82,-1.97,-9.02,2.13,1.81,-0.18,-0.05,-0.16,0
-8.86,-1.70,1.71,-2.59,-1.65,-1.50,-9.13,2.06,1.88,0.25,-0.55,-0.48,0
-8.85,-1.64,1.68,-2.84,-0.70,-1.60,-8.99,2.13,1.92,0.25,-0.37,-0.58,0
-8.83,-1.69,1.76,-2.45,-0.89,-1.62,-9.08,2.09,1.83,1.08,-1.22,-0.39,0
-8.93,-1.66,1.60,-2.22,-1.22,-1.48,-9.12,2.06,1.82,0.77,-0.56,0.04,0
-8.76,-1.65,1.63,-2.28,-1.35,-2.06,-9.07,2.11,1.93,0.25,-0.31,0.02,0
-8.77,-1.66,1.79,-2.39,-1.18,-1.66,-9.04,2.08,1.88,0.65,-0.55,0.08,0
-8.76,-1.64,1.70,-2.50,-0.91,-1.75,-9.05,2.06,1.85,0.68,-0.44,-0.27,0
-8.82,-1.65,1.67,-2.64,-1.08,-2.02,-9.04,2.10,1.78,0.53,-0.31,-0.11,0
-8.78,-1.58,1.69,-2.38,-1.68,-1.98,-9.07,2.06,1.88,0.27,-0.69,-0.40,0
-8.77,-1.56,1.73,-2.85,-0.80,-2.05,-9.05,2.09,1.82,1.42,-0.29,0.00,0
-8.76,-1.59,1.75,-3.32,-0.20,-1.50,-9.08,2.08,1.82,-0.60,-0.07,-0.11,0
-8.79,-1.58,1.62,-2.89,-0.11,-2.10,-9.00,2.14,1.96,0.31,-0.70,0.75,0
-8.70,-1.59,1.59,-2.50,-1.53,-1.73,-9.06,2.05,1.82,0.37,-0.60,0.67,0
-8.86,-1.47,1.78,-4.93,1.13,-1.48,-9.12,2.21,1.88,-0.09,-0.55,-0.26,0
-9.02,-1.56,1.21,-2.25,-2.95,-0.19,-8.96,2.05,1.76,1.69,-1.13,0.89,0
-9.13,-1.47,1.58,-2.46,-5.01,-6.18,-8.71,1.96,1.51,0.11,3.25,-0.93,0
-9.04,-1.43,1.69,-3.79,-7.60,-6.96,-8.88,1.97,1.48,1.68,6.45,-1.37,0
-8.84,-1.71,1.78,-5.93,-4.53,-5.07,-9.28,2.16,1.91,-2.79,7.47,-1.66,0
-8.65,-1.57,1.78,-6.17,-5.46,-3.99,-9.05,2.21,2.11,3.15,5.55,-0.79,0
-8.75,-1.84,2.03,-13.99,-1.45,1.11,-9.24,2.40,1.91,-8.73,4.64,-4.26,0
-8.71,-1.84,1.89,-15.44,-0.73,2.38,-9.28,2.25,1.78,-9.60,2.98,-2.96,0
-8.74,-1.51,1.87,-14.08,0.73,4.05,-8.99,2.29,1.61,-9.27,2.21,-0.44,0
-8.97,-1.84,1.54,-11.72,0.52,3.85,-9.13,2.02,1.58,-10.96,2.02,1.41,0
-8.95,-1.77,1.80,-11.73,2.41,3.69,-9.08,1.87,1.39,-13.38,2.81,0.95,0
-9.02,-1.82,1.63,-9.84,0.21,3.03,-9.20,1.82,1.53,-10.27,2.29,0.91,0
-9.17,-1.69,1.61,-10.26,-0.40,1.31,-9.14,1.74,1.60,-7.68,1.85,0.44,0
-9.08,-1.68,1.42,-7.86,0.14,1.85,-9.24,1.85,1.61,-5.11,0.12,-2.02,0
-8.92,-1.66,1.36,-7.13,0.18,1.04,-9.20,1.96,1.59,-6.75,-0.44,-0.54,0
-9.04,-1.61,1.43,-4.79,-3.44,1.63,-9.18,1.81,1.50,-3.29,-1.15,0.60,0
-9.05,-1.58,1.54,-4.92,-3.61,1.45,-9.09,1.71,1.43,-3.21,-0.09,-1.56,0
-8.90,-1.47,1.60,-4.60,-3.08,1.44,-9.13,1.98,1.60,-3.06,-0.48,-1.00,0
-8.94,-1.59,1.66,-2.04,-2.06,-0.29,-9.07,1.88,1.69,-2.09,0.15,0.30,0
-9.01,-1.52,1.37,-2.29,-2.10,-1.20,-9.12,1.77,1.56,-0.27,-0.95,-0.90,0
-8.93,-1.51,1.66,-2.00,-3.23,-0.61,-9.24,2.11,1.59,-2.26,1.10,-2.29,0
-8.97,-1.49,1.74,-3.40,-2.19,-1.76,-9.23,2.04,1.76,-0.68,-0.63,-0.78,0
-8.96,-1.51,1.63,1.34,-0.54,-2.73,-9.14,1.80,1.65,4.67,-3.01,2.08,0
-8.85,-1.52,1.29,1.13,-0.70,-3.27,-9.19,1.77,1.71,6.06,-2.82,2.14,0
-8.84,-1.38,1.63,1.06,-0.73,-3.24,-9.14,1.86,1.57,4.88,-2.40,0.70,0
-8.80,-1.42,1.73,-0.37,0.38,-2.79,-9.09,1.80,1.48,3.03,-2.20,-0.27,0
-8.68,-1.43,1.72,-0.05,1.54,-2.82,-9.18,1.88,1.41,5.18,-3.26,0.28,0
-8.91,-1.47,1.67,0.51,1.07,-2.92,-9.04,1.98,1.40,6.10,-2.05,0.90,0
-8.96,-1.77,1.50,2.74,11.89,-2.77,-9.44,1.50,1.20,9.55,-0.06,-1.38,0
-9.19,-0.98,1.72,-1.73,2.27,8.00,-9.46,2.42,1.77,-6.10,7.18,-5.68,0
-8.87,-1.42,1.48,3.20,-4.37,1.19,-8.94,1.66,2.10,1.42,-4.80,-4.80,0
-9.09,-1.36,0.81,1.74,8.15,-5.18,-8.88,1.80,1.31,14.24,-10.75,-6.25,0
-9.17,-1.45,1.39,7.69,-8.36,-2.02,-9.21,2.16,1.17,9.93,-3.29,-3.12,0
-8.90,-1.10,1.68,5.27,-4.50,-1.63,-9.34,2.00,1.41,-1.47,-0.84,-1.63,0
-8.81,-1.65,0.93,6.80,-4.05,-3.89,-8.98,1.66,1.68,11.08,-0.58,1.39,0
-9.24,-1.54,1.46,5.91,-3.55,-4.08,-9.33,1.75,1.83,7.79,-1.14,0.18,0
-8.94,-1.36,1.60,9.42,-7.15,-3.82,-9.47,1.77,2.04,8.56,-2.96,0.50,0
-8.92,-1.39,1.55,5.50,0.41,-4.56,-9.17,1.72,2.08,9.56,-5.34,0.06,0
-8.99,-1.37,1.30,-1.24,-0.91,-4.45,-9.09,1.88,1.63,11.39,-7.27,-0.05,0
-8.68,-1.71,1.18,5.50,0.15,-2.37,-9.10,2.11,1.58,7.42,-4.53,-1.16,0
-9.01,-1.50,1.32,2.60,-1.05,-1.21,-9.40,2.12,1.93,1.75,-3.50,0.76,0
-8.89,-1.53,1.53,3.24,-1.58,-2.37,-9.07,1.98,2.07,2.43,-4.16,1.84,0
-8.85,-1.32,1.24,2.85,1.75,-3.31,-9.11,1.99,2.04,0.29,-8.31,3.02,0
-9.01,-1.38,1.33,3.16,0.28,-3.63,-9.01,1.89,1.88,6.50,-8.44,3.95,0
-8.93,-1.14,1.42,5.73,0.27,-6.04,-8.97,2.00,1.66,5.24,-7.82,3.05,0
-8.91,-1.28,1.46,2.89,1.34,-4.97,-9.02,1.95,1.74,5.56,-4.82,2.88,0
-9.23,-1.36,1.23,1.69,0.62,-4.64,-8.98,1.80,2.04,3.60,-1.63,1.60,0
-8.85,-1.40,1.46,1.73,-1.96,-5.43,-8.99,1.82,2.18,3.71,-1.63,-0.80,0
-8.81,-1.43,1.30,1.11,-0.53,-5.28,-8.92,2.06,2.01,7.33,-1.71,-0.79,0
-8.84,-1.54,1.30,-0.53,0.79,-4.99,-9.07,2.23,2.03,5.71,-0.52,-1.21,0
-8.90,-1.46,1.37,-2.04,-0.51,-2.63,-8.91,2.24,2.14,4.89,-0.35,0.01,0
-9.06,-1.51,1.39,-1.89,-3.24,-2.20,-9.04,2.16,2.05,0.36,-0.15,0.02,0
-8.94,-1.63,1.36,-2.45,-3.02,-1.42,-9.13,2.06,2.18,0.60,-0.76,-0.67,0
-8.95,-1.51,1.44,-2.71,-1.84,-1.27,-9.06,2.14,2.05,0.76,-0.66,-0.69,0
-9.10,-1.50,1.42,-2.79,-2.37,-1.02,-8.96,2.08,1.92,1.96,-0.73,-0.45,0
-9.05,-1.49,1.41,-2.18,-3.08,-1.06,-9.01,2.08,1.99,0.34,-0.58,-0.89,0
-9.06,-1.28,1.56,-1.83,-2.26,-1.56,-9.05,2.05,2.07,0.05,0.18,-0.16,0
-8.95,-1.50,1.47,-4.11,0.34,-3.43,-8.92,1.94,2.17,2.37,0.35,1.50,0
                                                                                                                                                                                                                                                                                                                