-8.16,3.01,2.05,17.91,1.37,-12.89,-8.95,0.16,2.12,63.62,-22.53,-11.45,4
-8.08,2.90,1.76,18.58,0.36,-16.39,-8.50,0.52,2.66,48.94,-16.44,-7.89,4
-7.90,2.82,1.71,22.18,1.89,-19.34,-8.58,0.46,3.12,47.78,-4.31,1.85,4
-8.10,2.88,1.40,21.70,-0.71,-21.29,-8.21,0.57,3.32,49.71,-10.69,7.14,4
-7.78,2.52,1.07,20.84,7.38,-19.96,-7.91,0.96,2.99,31.18,1.97,8.24,4
-8.75,2.51,1.41,21.94,11.01,-20.56,-8.91,1.45,2.23,13.58,21.63,6.05,4
-11.05,1.81,1.99,13.29,25.08,-13.17,-11.56,2.96,1.00,-18.19,27.18,6.31,4
-15.23,-2.31,4.19,19.53,15.17,-7.73,-15.83,0.29,6.27,-43.89,-2.54,-7.69,4
-8.50,-0.39,2.23,4.80,-9.37,-12.81,-8.41,2.10,-2.69,-8.75,8.31,16.04,4
-7.87,-1.45,1.76,-7.28,-10.26,-10.37,-7.81,2.05,-1.80,-16.34,-4.98,4.31,4
-7.44,-1.79,1.36,-14.74,-6.82,-17.60,-6.84,1.48,0.22,-6.61,-6.12,-7.76,4
-7.71,-2.17,1.94,-5.85,1.69,-27.54,-7.90,2.28,-0.11,-18.05,26.65,-10.46,4
-8.60,-2.27,2.06,5.09,-0.07,-19.64,-9.59,1.48,-0.58,20.90,3.26,-8.47,4
-8.41,-1.94,2.06,10.11,-4.79,-13.51,-9.41,1.72,-0.41,35.51,-4.98,-3.29,4
-8.04,-1.31,1.88,12.34,-1.10,-7.40,-8.83,1.71,-0.29,30.89,-4.18,10.03,4
-11.19,-0.24,2.10,8.76,2.64,-7.84,-10.02,1.69,-0.39,13.79,14.63,18.44,4
-8.75,-0.93,1.88,-36.28,-5.69,7.87,-8.45,1.69,1.02,-25.91,21.02,-9.49,4
-8.41,-1.62,2.08,-39.26,-3.60,8.10,-9.24,2.24,1.71,-72.69,31.12,-13.50,4
-8.61,-2.25,1.98,-36.80,-8.84,8.24,-9.82,1.78,1.36,-79.83,25.54,-20.79,4
-8.49,-2.49,2.21,-25.00,-3.51,10.25,-10.34,1.64,0.71,-37.69,12.88,-14.91,4
-8.14,-2.08,2.36,-10.45,-0.11,14.85,-8.83,2.31,-0.78,13.26,-26.99,13.37,4
-8.21,-1.95,2.17,-14.85,2.65,13.75,-8.57,2.00,-1.06,-3.35,-23.33,15.44,4
-8.36,-1.76,2.23,-24.27,2.13,13.61,-8.31,1.70,-1.18,-30.04,-7.65,2.71,4
-8.28,-1.96,2.37,-35.58,4.78,13.45,-8.47,1.79,-0.86,-45.68,0.92,-13.92,4
-8.46,-2.61,1.70,-43.30,7.95,4.27,-8.89,1.47,0.54,-63.82,-12.86,-3.02,4
-9.19,-1.54,1.66,-27.23,5.60,-2.40,-10.13,0.65,0.99,-52.97,-13.15,-9.15,4
-12.10,0.35,3.08,-27.15,-11.23,-3.78,-11.16,0.06,0.38,0.23,-10.50,-10.47,4
-11.54,3.14,2.08,-16.62,-27.60,5.73,-13.50,1.17,-0.64,44.17,2.02,-0.52,4
-7.82,1.04,1.98,10.81,-17.81,5.82,-9.27,-0.52,2.97,25.64,16.27,14.08,4
-6.93,1.45,2.09,10.95,-14.27,7.23,-7.67,-0.96,2.75,19.99,3.38,-3.85,4
-7.16,2.28,1.68,1.27,-4.18,8.82,-8.21,0.01,2.93,20.34,25.81,-4.31,4
-8.28,2.21,2.15,-5.26,21.08,8.13,-10.32,1.13,2.72,-8.75,9.61,-12.95,4
-8.62,1.66,1.46,-11.27,11.42,7.80,-8.65,0.60,3.63,-50.57,15.56,-8.69,4
-8.88,1.08,1.67,-10.45,1.40,2.63,-8.46,0.32,2.69,-23.18,21.21,0.54,4
-9.44,0.15,1.69,-4.29,-6.37,-2.53,-10.34,0.28,2.06,-6.98,-1.57,2.98,4
-9.61,0.17,1.81,5.00,-10.65,-1.41,-10.80,0.19,1.45,13.73,-13.51,6.53,4
-8.89,1.34,1.79,13.18,-8.34,3.49,-9.31,-0.66,2.48,15.22,-12.20,1.77,4
-8.12,2.03,1.72,14.15,-15.01,3.60,-9.40,-0.82,3.17,9.70,-18.95,-8.92,4
-8.30,2.36,1.77,6.32,-4.55,3.11,-9.47,-0.53,3.08,28.37,-17.22,-15.86,4
-8.29,2.52,1.61,4.21,-2.66,1.46,-9.37,0.29,2.53,29.05,-25.51,-18.55,4
-8.60,2.48,1.78,17.69,-3.93,-4.63,-8.82,-0.14,2.82,19.44,-6.85,-12.35,4
-8.20,2.75,1.84,21.08,-7.50,-6.47,-8.67,0.20,2.83,30.71,-4.30,-1.49,4
-7.70,3.05,1.78,22.05,-2.40,-7.11,-8.54,0.11,2.91,33.97,-11.84,8.11,4
-7.78,3.19,1.64,18.36,1.54,-7.90,-8.07,-0.16,3.11,30.85,-10.25,13.07,4
-8.06,3.33,1.80,19.09,6.40,-10.42,-8.82,0.32,3.39,3.30,17.18,6.28,4
-9.40,3.07,2.20,21.08,16.08,-15.27,-10.13,0.72,3.41,-0.55,16.44,5.42,4
-11.87,0.91,1.89,20.79,14.82,-12.02,-13.28,1.16,3.33,-31.90,4.08,-3.73,4
-12.78,-0.90,4.16,24.23,6.07,-4.36,-12.31,1.34,0.48,-5.56,0.55,-3.08,4
-8.47,-0.90,1.68,3.31,-2.97,-26.15,-7.57,1.65,-1.96,13.94,8.13,1.71,4
-7.38,-1.19,1.76,1.33,-13.70,-21.95,-7.66,1.67,-0.90,31.22,3.11,2.99,4
-7.29,-1.83,1.38,5.11,-4.76,-26.50,-7.28,1.97,-0.31,34.15,7.69,2.01,4
-8.26,-1.81,1.87,2.95,-3.55,-25.80,-8.99,2.25,-0.44,18.41,15.03,3.21,4
-8.53,-1.49,2.11,-14.16,2.76,-11.61,-9.49,1.82,-0.24,3.75,11.92,-5.69,4
-8.24,-1.28,1.52,-16.96,3.24,-5.85,-9.01,1.93,0.02,-6.16,11.86,-6.50,4
-9.45,-0.79,1.75,-18.90,-0.45,-3.42,-9.18,2.11,0.13,-17.15,15.71,-4.46,4
-10.08,-0.06,2.31,-22.48,-11.48,2.23,-10.85,1.85,-0.28,-23.58,25.82,-1.70,4
-9.04,-0.81,2.05,-28.11,-6.31,-1.21,-8.99,1.54,1.64,-23.09,15.79,12.74,4
-9.27,-1.52,1.87,-29.65,-4.03,-9.74,-9.40,1.98,0.77,-47.18,5.36,4.92,4
-8.84,-1.69,1.85,-24.70,-8.65,-9.46,-9.59,1.66,-0.41,-58.15,13.98,-3.79,4
-8.33,-1.98,1.93,-19.16,-9.89,-4.90,-9.48,1.19,-0.40,-42.46,6.89,-5.94,4
-8.42,-2.39,2.48,-18.03,-2.24,-1.30,-8.78,1.54,-1.15,7.59,-14.51,7.48,4
-8.13,-2.47,2.37,-20.21,-1.08,0.46,-8.61,1.72,-1.09,5.65,-10.84,3.88,4
-8.00,-2.78,2.31,-24.74,2.45,3.09,-8.86,2.08,-1.01,-3.17,-3.71,-9.47,4
-8.25,-2.99,2.23,-26.65,5.71,4.00,-8.90,2.28,-0.87,-36.09,3.99,-16.60,4
-7.80,-3.15,2.15,-21.31,11.96,8.95,-9.40,2.07,-0.45,-28.43,-14.67,-13.89,4
-8.13,-2.89,1.77,-18.73,10.89,8.08,-9.41,1.58,0.06,-5.92,-23.92,-4.34,4
-9.42,-1.88,1.09,-8.71,4.34,1.45,-9.68,0.91,0.45,33.76,-25.32,11.05,4
-14.63,1.35,3.48,-31.70,2.74,-11.84,-11.56,1.00,-1.07,77.73,-15.54,10.56,4
-10.08,1.11,1.96,-13.39,-21.44,20.19,-9.68,2.69,2.85,49.67,0.46,19.19,4
-8.54,0.96,1.95,4.36,-13.92,17.47,-10.48,1.53,3.65,-75.32,23.98,20.04,4
-7.19,1.97,1.71,-1.18,-7.79,21.40,-7.30,-1.21,4.37,-93.50,2.79,-9.69,4
-7.22,2.50,1.32,-10.41,2.98,19.43,-7.81,0.29,3.43,-23.49,44.74,-15.29,4
-8.64,1.33,1.65,-13.21,6.63,15.95,-9.24,0.30,2.44,-75.60,8.30,-13.59,4
-8.55,0.89,1.61,-4.66,5.06,13.94,-9.12,0.13,2.59,-39.64,4.40,-11.02,4
-8.55,0.69,1.64,8.20,2.94,13.35,-10.05,0.83,2.21,-20.63,12.20,-3.06,4
-9.30,1.09,1.45,10.74,3.14,12.83,-10.06,0.64,2.02,-3.08,-9.57,3.74,4
-9.07,1.44,1.54,8.73,-9.70,13.82,-9.58,0.45,2.74,-0.97,-25.82,-4.62,4
-8.50,1.97,1.56,11.69,-11.85,16.11,-9.54,-0.42,3.20,-7.33,-12.45,-14.71,4
-8.32,3.12,1.52,4.02,-9.44,20.33,-9.57,0.07,2.93,-6.48,-15.00,-28.69,4
-8.58,3.29,1.65,-2.85,-4.07,19.27,-9.34,-0.11,2.87,-1.40,-20.89,-31.26,4
-8.04,3.35,2.00,8.20,-5.72,-1.08,-8.86,-0.02,2.50,11.60,-11.39,-18.29,4
-7.97,3.49,1.79,15.50,-4.66,-8.92,-8.66,-0.29,2.72,18.15,-7.60,-6.33,4
-7.50,3.57,1.70,25.44,-6.96,-15.69,-8.23,-0.47,2.85,31.57,-8.30,6.58,4
-7.28,3.69,1.63,28.59,-8.58,-18.63,-8.23,-0.99,3.26,42.12,-8.76,14.03,4
-7.50,4.16,1.01,17.95,-1.70,-20.20,-8.25,-0.38,3.54,33.98,1.85,7.66,4
-7.53,3.92,1.58,18.85,3.20,-21.32,-8.28,0.04,3.42,20.96,15.08,1.53,4
-8.16,3.62,1.14,22.29,9.22,-27.28,-8.77,-0.13,4.04,16.87,21.75,1.24,4
-10.80,2.15,1.91,20.59,21.18,-26.69,-11.90,1.53,4.73,10.96,19.76,9.12,4
-10.42,-1.40,4.94,18.73,-19.74,-14.16,-11.27,1.61,0.40,90.14,10.94,8.25,4
-9.55,-0.37,1.78,11.11,-15.77,-21.82,-8.90,3.11,-2.41,25.47,-9.89,-2.94,4
-8.25,-1.01,1.77,2.76,-13.11,-23.56,-8.88,2.08,-2.05,-11.11,14.86,6.76,4
-7.71,-1.62,1.37,-1.25,-9.97,-26.40,-6.85,1.41,-0.00,20.45,-5.98,-5.95,4
-8.63,-1.79,2.45,4.67,-0.11,-32.77,-9.41,1.90,-0.72,8.29,9.20,9.03,4
-8.63,-1.45,2.30,3.06,-0.10,-25.02,-10.27,1.77,-0.79,21.19,10.82,11.09,4
-8.56,-1.34,2.10,-1.87,2.17,-15.74,-9.24,2.05,-0.34,37.08,-4.07,5.07,4
-8.27,-1.05,1.94,-2.82,5.09,-11.08,-8.92,2.49,-0.13,0.20,12.41,4.37,4
-9.46,-0.19,1.97,-8.40,-4.43,-4.02,-10.17,2.19,-0.06,-15.11,25.47,0.76,4
-9.02,-0.64,1.22,-20.40,-8.46,-7.50,-8.73,1.87,0.76,-8.79,18.03,2.11,4
-9.03,-1.77,1.98,-25.34,-6.73,-15.02,-8.59,2.01,1.26,-36.28,18.70,5.18,4
-8.95,-2.59,1.99,-17.82,-7.57,-20.67,-9.87,1.81,0.61,-56.97,18.83,-5.66,4
-8.49,-2.63,2.16,-6.27,-5.00,-7.36,-9.37,1.75,-0.71,17.69,-2.69,6.16,4
-8.19,-2.59,1.87,-9.60,-2.08,-3.09,-8.86,2.13,-0.91,26.74,-14.32,7.77,4
-8.26,-2.65,1.81,-17.41,0.34,1.37,-8.72,2.61,-0.94,15.44,-18.56,-0.10,4
-8.19,-3.17,2.30,-23.17,3.49,6.98,-8.70,3.05,-1.24,-9.02,-1.66,-16.62,4
-8.12,-3.07,2.11,-22.93,6.92,19.57,-9.01,2.75,-0.92,-57.08,1.35,-24.14,4
-7.88,-2.88,1.94,-22.92,11.28,20.45,-8.68,2.31,-0.47,-27.02,-16.05,-4.31,4
-7.97,-2.70,1.61,-28.14,14.92,18.25,-8.34,2.13,-0.19,-7.61,-28.52,8.72,4
-8.58,-2.56,1.60,-37.01,12.09,12.05,-9.16,1.51,0.55,-5.19,-34.12,10.58,4
-12.86,1.18,2.13,-39.18,1.32,-3.70,-10.95,0.59,-0.34,57.79,-7.97,-4.43,4
-11.20,2.37,1.46,-34.10,-22.60,9.43,-11.55,1.28,-0.12,98.37,-12.53,12.40,4
-10.89,1.49,1.56,-19.54,-17.90,16.50,-10.81,2.28,1.25,47.20,-9.24,20.39,4
-9.01,0.77,1.46,-3.93,-15.51,19.70,-9.84,1.00,3.30,-33.24,-1.56,26.30,4
-7.27,2.37,1.04,-9.27,-7.15,20.98,-7.85,-0.14,3.67,-48.02,39.17,-9.34,4
-8.09,2.21,1.35,-18.78,9.35,18.07,-8.91,0.55,3.11,-65.11,25.47,-22.21,4
-8.64,1.67,1.48,-17.46,11.81,14.36,-9.46,0.57,3.27,-79.70,13.96,-29.26,4
-8.71,0.81,1.12,-9.41,11.19,10.46,-8.95,0.15,2.97,-49.06,13.27,-16.59,4
-10.28,0.75,0.89,-0.45,6.95,8.97,-10.37,1.61,1.66,8.34,-4.20,-12.07,4
-10.80,1.09,1.61,-0.53,-2.53,9.85,-10.20,1.49,2.06,15.59,-12.56,-5.89,4
-9.26,1.27,1.51,-3.40,-13.71,10.01,-10.04,1.48,2.35,0.98,-7.01,-2.24,4
-8.52,1.82,0.90,-4.88,-8.27,12.18,-9.22,0.58,2.75,-12.89,-1.17,-5.24,4
-8.69,2.44,1.37,4.73,-2.97,-0.67,-9.50,-0.97,3.91,-0.87,-16.43,-8.81,4
-8.76,2.42,1.51,9.05,-5.76,-8.84,-9.27,-0.19,3.23,24.50,-16.06,-0.73,4
-8.31,2.57,1.39,16.88,-4.07,-13.99,-9.17,0.12,2.47,44.44,-24.78,7.47,4
-8.40,2.83,1.25,18.08,-1.21,-18.87,-8.58,-0.06,2.36,42.44,-19.85,13.17,4
-8.11,2.95,1.06,21.20,-11.73,-9.68,-8.27,0.36,2.13,32.54,2.08,2.40,4
-7.68,3.19,1.54,23.76,-13.73,-6.94,-8.09,0.31,2.75,6.21,6.00,1.05,4
-7.75,3.01,1.42,28.47,-7.89,-8.87,-8.51,-0.06,3.34,-30.66,14.79,-0.31,4
-8.43,3.16,1.53,33.58,-0.85,-11.24,-9.02,-0.29,3.40,-40.23,20.76,-2.57,4
-12.11,-1.00,3.03,24.88,-12.70,6.32,-14.62,0.35,3.19,-45.44,10.96,-15.51,4
-11.51,-1.42,5.12,0.63,0.18,-0.95,-11.29,1.09,1.38,101.09,-0.70,-16.88,4
-9.97,-1.29,2.68,17.50,-26.24,-9.39,-11.72,3.84,-2.00,64.21,4.27,-5.22,4
-7.72,-0.80,1.08,17.37,-11.90,-14.82,-8.49,3.44,-2.20,4.02,-34.79,-2.23,4
-7.77,-1.63,1.90,10.40,-5.64,-31.68,-7.17,2.22,-0.28,56.33,3.98,13.80,4
-9.05,-1.40,1.99,10.76,-5.78,-31.96,-8.63,2.62,-1.24,48.27,16.32,7.14,4
-9.06,-1.35,2.64,-0.74,-7.05,-23.89,-9.65,2.46,-1.43,34.18,-1.83,-3.25,4
-8.78,-1.56,2.24,-9.72,-1.11,-16.40,-9.57,2.27,-0.74,25.75,9.17,-8.56,4
-8.90,-0.98,1.96,-5.76,-2.02,-8.45,-9.18,2.48,-0.22,-42.31,37.89,-18.13,4
-8.30,-1.65,0.80,5.31,-10.20,-12.55,-9.81,2.04,-0.17,-39.21,38.77,-16.27,4
-9.20,-0.44,1.69,-0.97,-10.34,-1.78,-11.16,2.05,-0.29,-5.03,35.15,1.20,4
-8.73,-0.79,1.67,-16.18,-5.62,-5.85,-9.34,2.44,0.89,-1.24,11.79,8.82,4
-8.45,-2.27,2.14,-25.33,-5.98,-5.35,-10.39,1.63,0.81,-59.79,25.69,-12.24,4
-8.49,-2.34,1.98,-31.68,-5.38,1.99,-9.48,1.82,0.04,-37.40,26.14,-24.15,4
-8.35,-2.66,2.10,-24.79,0.38,8.91,-8.97,2.31,-0.64,3.11,3.14,-14.48,4
-8.12,-2.54,2.46,-19.96,1.79,12.91,-8.78,2.06,-1.52,44.91,-10.54,-0.79,4
-8.16,-3.14,2.46,-18.01,6.69,7.88,-8.47,3.64,-2.40,32.65,-20.85,18.23,4
-7.76,-3.32,2.19,-15.40,10.12,6.25,-8.43,2.28,-1.48,-45.37,-14.69,9.67,4
-7.92,-3.08,2.05,-16.55,11.76,5.90,-8.56,1.50,-1.01,-62.52,-6.50,1.82,4
-8.20,-2.97,1.79,-16.98,13.55,5.41,-9.18,1.46,-0.14,-56.66,-17.81,-3.57,4
-14.89,2.14,4.43,-38.83,-5.59,-4.66,-11.57,-0.17,-0.72,22.45,-29.79,1.84,4
-10.82,3.72,2.25,-21.39,-36.55,22.86,-15.21,1.03,-1.14,84.42,-12.36,4.92,4
-10.67,1.64,2.40,-17.89,-11.76,17.86,-10.15,2.11,1.94,67.62,-29.07,-14.80,4
-7.87,0.91,1.43,2.81,-14.40,14.93,-8.87,2.04,3.52,-60.00,26.64,2.92,4
-7.31,2.64,1.45,0.32,6.92,7.55,-8.16,-0.02,3.25,-22.32,44.60,-9.40,4
-8.92,2.12,1.73,-11.57,14.58,4.17,-9.76,1.47,2.39,-17.12,15.48,-17.85,4
-9.02,1.13,1.55,-5.23,3.86,6.91,-9.86,1.72,2.40,-46.36,7.45,-14.05,4
-8.87,0.79,1.32,0.25,2.98,7.60,-9.75,1.28,2.48,-48.90,6.98,-4.67,4
-9.72,0.95,1.23,-5.75,-0.41,15.65,-9.59,0.80,2.40,-43.09,4.47,8.53,4
-9.16,1.33,2.09,-11.69,-16.54,19.40,-10.23,-0.89,3.97,-26.60,-12.75,-3.50,4
-8.73,1.28,1.98,-15.82,-20.24,20.39,-9.81,0.17,2.72,-15.97,-17.02,-20.44,4
-8.25,1.65,2.08,-9.90,-10.24,19.24,-10.14,-0.23,2.41,-5.38,-14.67,-28.31,4
-8.13,2.74,2.31,9.53,-4.25,6.34,-8.80,-0.18,1.76,6.73,-16.23,-15.31,4
-8.26,2.81,2.41,18.34,-1.80,-3.92,-8.59,-0.57,2.10,15.83,-13.61,-6.92,4
-8.48,3.07,2.22,25.44,-3.27,-12.67,-9.32,-0.81,2.44,36.38,-13.34,-2.28,4
-8.25,3.17,2.08,26.84,-0.71,-18.37,-8.99,-0.52,2.76,23.56,-14.57,-2.85,4
-7.57,3.34,1.68,28.79,1.80,-16.12,-8.63,-1.28,3.76,68.50,-3.09,0.86,4
-7.31,3.41,1.38,26.51,2.32,-16.24,-8.14,-0.22,3.40,85.27,-9.15,4.82,4
-7.51,3.38,0.82,32.99,1.31,-19.76,-7.79,0.66,2.83,53.50,-14.34,7.08,4
-7.82,3.65,1.73,27.58,2.35,-17.35,-8.03,1.57,2.99,-30.47,-10.02,1.41,4
-11.44,0.28,2.22,25.05,8.11,-13.19,-13.32,-0.33,2.88,-56.55,30.08,-11.47,4
-10.87,-2.33,3.04,33.97,8.88,-14.31,-11.43,0.32,1.22,-10.18,16.39,-24.90,4
-11.32,-2.82,2.03,20.39,-3.57,-24.11,-13.41,1.99,-1.75,61.50,14.35,5.83,4
-9.18,-0.68,2.77,6.14,5.07,-17.47,-9.51,3.05,-1.93,47.81,-36.39,-2.43,4
-7.58,-1.66,1.12,0.67,-1.01,-23.49,-7.02,2.57,0.28,30.10,7.62,-1.11,4
-8.49,-1.71,1.90,-0.83,-0.24,-24.80,-8.66,2.37,-0.42,-21.52,32.75,-8.16,4
-9.33,-1.49,2.03,-3.37,-8.93,-18.17,-10.39,1.69,-0.60,-16.63,17.85,-18.12,4
-9.15,-1.21,1.74,-9.20,-6.14,-10.29,-10.08,1.78,-0.88,27.73,17.34,-4.25,4
-8.65,-1.10,1.55,-2.58,-17.44,-8.08,-8.55,2.22,0.28,6.66,19.22,14.50,4
-9.23,-0.83,1.98,-1.05,-18.52,-12.09,-9.26,1.84,0.13,-10.85,24.86,10.91,4
-9.61,-0.61,2.04,-0.05,-20.65,-6.41,-11.02,1.49,0.10,-8.51,31.53,9.54,4
-8.76,-0.90,2.14,-13.12,-14.14,-6.60,-10.04,0.79,0.97,21.92,9.92,7.93,4
-8.60,-1.99,1.82,-23.44,-8.64,-1.96,-9.16,1.23,0.14,-4.50,5.31,-5.37,4
-8.21,-2.23,2.33,-24.02,-8.47,0.31,-8.75,1.53,-0.64,1.73,16.87,-11.77,4
-8.30,-2.56,2.32,-30.69,-9.60,3.18,-8.87,1.86,-1.22,10.30,9.43,-15.95,4
-8.03,-2.60,2.69,-29.60,-8.37,6.92,-8.90,1.99,-1.90,3.06,-3.71,-14.41,4
-7.60,-2.84,2.75,-33.70,2.53,12.52,-8.75,2.45,-1.20,-37.65,-3.22,-19.11,4
-7.70,-3.10,2.77,-30.27,6.03,12.15,-8.65,2.13,-0.83,-45.63,-1.82,-21.14,4
-7.33,-3.36,2.71,-25.99,6.86,11.10,-8.91,1.76,-0.77,-43.79,-8.02,-14.77,4
-8.34,-3.30,2.80,-16.83,12.27,5.19,-9.19,1.14,-0.93,-25.14,-24.60,-2.85,4
-10.82,2.12,3.00,-23.66,-25.31,1.67,-10.61,-0.09,-1.51,28.32,-16.44,13.63,4
-12.21,2.40,3.07,-28.76,-2.93,-0.95,-11.37,0.09,-0.27,33.21,-3.14,10.60,4
-10.31,1.05,3.18,-14.96,-15.27,15.94,-12.32,0.72,1.02,0.50,21.15,7.53,4
-7.77,0.77,2.65,0.16,-15.13,21.18,-10.13,-0.38,5.35,-39.96,1.21,9.87,4
-7.72,2.09,1.93,-6.72,1.42,28.50,-9.05,-0.23,4.34,-20.30,-8.37,4.96,4
-8.39,2.55,2.70,-12.70,-1.50,32.24,-9.61,0.52,3.12,-34.41,-16.40,-8.46,4
-7.88,1.84,2.87,-16.08,6.66,29.19,-9.47,0.29,1.89,-102.13,0.12,-21.27,4
-8.17,1.79,2.35,-7.24,10.45,27.93,-8.96,-0.39,1.64,-84.73,13.98,-25.34,4
-8.96,1.88,1.82,-6.64,4.14,21.24,-10.27,0.26,1.84,-1.17,-14.53,-2.39,4
-9.23,1.94,2.30,-5.11,-0.66,12.75,-9.32,-0.30,1.99,7.72,-28.24,-0.06,4
-8.54,2.22,2.39,3.50,-5.89,5.35,-9.47,-0.32,2.23,12.93,-11.30,-1.69,4
-8.46,2.35,2.31,10.21,-2.01,-0.93,-9.49,-1.03,2.50,-2.24,1.88,-19.08,4
-8.39,3.05,1.91,19.92,3.03,-12.02,-9.22,-1.14,2.57,24.56,-13.58,-10.31,4
-8.21,3.09,1.95,25.08,1.39,-18.21,-9.27,-0.89,2.76,41.88,-16.73,-1.93,4
-7.96,3.02,1.73,28.03,-1.28,-22.00,-8.88,-1.34,3.13,51.11,-17.92,-2.84,4
-7.90,3.00,1.72,28.30,-1.42,-23.34,-8.65,-0.85,3.16,63.60,-7.08,-0.10,4
-8.45,3.87,1.87,44.69,-3.82,-25.40,-8.39,0.00,3.59,71.89,-3.44,7.07,4
-7.82,3.07,1.52,36.84,2.61,-24.84,-8.58,0.70,2.98,76.06,-11.51,11.92,4
-8.58,3.29,1.48,41.69,5.18,-22.70,-8.76,1.19,2.55,43.96,-8.71,16.46,4
-10.42,2.69,2.59,36.48,8.44,-18.50,-10.48,1.78,1.37,-4.47,10.54,15.34,4
-10.86,-0.91,2.82,34.34,4.44,-9.21,-10.43,0.12,0.48,-11.02,20.75,-5.28,4
-11.06,-1.53,2.83,9.01,-1.28,-16.04,-10.61,2.33,-0.78,18.50,26.54,1.92,4
-8.96,-1.37,2.21,6.47,-10.09,-15.48,-9.56,2.49,-2.01,-8.14,-2.44,-11.97,4
-6.86,-1.65,0.89,1.65,0.04,-17.37,-6.82,0.51,0.09,11.76,2.03,-7.61,4
-8.71,-1.60,2.36,0.76,-5.77,-19.57,-9.13,2.03,-1.05,11.55,19.37,-11.21,4
-9.15,-1.31,2.29,-0.21,-13.42,-12.97,-10.17,2.05,-0.84,6.41,12.15,-11.27,4
-8.65,-0.77,2.23,-2.21,-10.21,-4.76,-9.92,1.94,-0.54,5.08,10.02,-4.69,4
-8.50,-0.72,1.94,-9.37,-8.22,-3.08,-8.83,1.88,0.46,0.82,12.11,2.67,4
-9.78,-0.38,2.43,-9.65,-17.53,-3.88,-10.31,1.69,0.85,5.56,10.96,1.82,4
-8.77,-0.26,2.10,-13.97,-19.72,0.63,-10.32,1.78,0.05,-6.12,2.15,4.23,4
-8.71,-0.98,2.37,-22.82,-7.63,-1.09,-9.12,1.47,0.32,-25.87,7.66,3.76,4
-8.90,-1.40,2.31,-28.42,-5.13,-1.45,-9.52,1.32,-0.11,-43.06,18.73,-2.11,4
-8.34,-1.87,2.78,-30.67,-1.55,4.60,-9.13,1.95,-0.81,-22.65,7.18,-11.35,4
-8.19,-2.13,2.73,-30.02,-0.08,5.34,-9.01,2.01,-0.75,-27.74,-0.07,-4.21,4
-8.07,-2.23,2.74,-29.53,1.77,5.91,-8.92,1.91,-0.66,-29.30,-1.04,-1.82,4
-7.64,-2.37,2.68,-30.45,2.76,5.40,-8.48,1.84,-0.96,-36.08,1.12,-4.36,4
-7.92,-3.27,2.41,-24.18,12.26,1.64,-8.93,1.57,-1.12,-30.77,-12.94,-2.48,4
-8.22,-3.52,2.45,-19.39,14.81,0.34,-9.35,1.39,-0.79,-22.40,-19.74,-1.03,4
-9.43,-3.25,2.55,-20.72,10.56,-1.44,-10.24,1.20,-0.46,-11.05,-22.85,4.86,4
-11.94,-1.04,2.10,-30.26,-8.47,-5.50,-12.48,0.32,-0.01,25.53,-23.61,8.27,4
-11.01,1.52,2.00,-4.17,-14.99,7.59,-11.15,0.84,1.49,52.98,-7.63,22.37,4
-9.18,0.85,2.50,7.05,-26.79,9.63,-10.54,0.45,2.27,-2.52,0.88,18.40,4
-6.66,1.71,2.49,19.66,-19.85,15.48,-7.91,-1.35,3.52,-54.30,-0.98,16.07,4
-6.76,2.45,1.82,2.42,-9.06,20.55,-7.61,-1.35,3.68,-31.98,23.23,-4.56,4
-8.95,1.37,1.66,-18.78,8.14,22.85,-10.07,0.90,3.04,-56.76,6.94,-34.69,4
-9.03,1.29,2.61,-0.62,1.19,18.66,-10.17,0.61,3.19,-65.03,17.70,-23.95,4
-8.48,1.29,2.39,9.27,1.20,11.69,-9.32,0.69,2.56,-43.93,19.78,-19.92,4
-8.19,1.77,2.09,11.85,1.82,7.93,-8.74,0.63,1.84,-18.47,6.04,0.64,4
-9.18,1.75,2.15,0.58,-9.05,5.11,-9.39,0.55,2.51,15.64,-24.12,8.47,4
-8.84,1.60,2.40,-1.16,-12.08,2.89,-10.15,-0.24,3.12,0.73,-7.90,-0.74,4
-8.62,1.79,2.44,1.20,-7.57,-0.29,-9.92,-0.13,2.70,-11.98,-1.08,-19.95,4
-8.49,1.92,2.06,12.50,-5.18,-3.02,-9.79,-0.97,2.66,9.53,-3.36,-20.14,4
-8.25,3.09,2.27,27.17,-5.81,-16.40,-8.92,-0.77,2.20,63.63,-26.95,8.62,4
-7.95,2.95,2.17,24.44,-5.47,-20.74,-8.52,-0.64,2.57,73.82,-31.08,11.06,4
-7.85,2.96,2.16,18.73,1.28,-23.09,-8.49,-0.19,2.88,60.66,-17.24,3.14,4
-7.66,3.05,1.62,16.47,2.24,-20.21,-8.29,0.25,3.71,62.87,-7.38,-0.38,4
-7.81,3.22,1.81,13.72,5.02,-15.60,-8.46,2.05,2.87,37.00,-6.51,18.92,4
-9.97,3.21,0.64,19.24,8.53,-15.42,-8.54,1.74,2.85,8.70,-4.18,15.12,4
-10.01,2.43,2.39,8.34,16.39,-2.30,-10.21,2.13,2.23,-41.03,14.30,1.72,4
-12.10,-0.83,2.99,16.69,14.70,4.85,-14.67,0.39,5.31,-119.92,3.15,-42.93,4
-9.85,-0.02,3.40,-3.53,-6.29,-3.82,-10.84,2.35,-3.37,-18.69,4.05,-20.26,4
-8.00,-0.93,1.45,-8.66,6.56,-6.38,-8.42,1.36,-2.16,-31.69,-9.85,-0.91,4
-6.81,-0.83,2.01,-18.14,11.68,-16.59,-5.70,1.19,0.20,39.18,-13.72,24.61,4
-7.26,-1.85,2.06,-11.67,7.88,-30.49,-6.83,1.68,-0.02,13.15,17.69,5.44,4
-8.84,-1.90,2.22,10.19,1.56,-32.00,-9.88,1.61,-0.94,-9.20,17.05,14.87,4
-8.79,-1.62,1.80,10.47,3.47,-31.29,-9.61,1.25,-0.93,7.42,11.58,29.95,4
-8.69,-1.54,1.65,9.82,6.14,-30.22,-8.54,0.96,-0.48,33.12,1.33,29.57,4
-8.79,-1.49,1.74,10.89,-2.47,-30.70,-8.66,1.33,-0.09,31.27,14.75,16.16,4
-9.08,-1.93,2.20,18.45,-12.65,-24.17,-10.56,1.52,-0.12,-1.14,28.90,0.69,4
-8.66,-2.24,2.02,19.56,-1.27,-23.96,-9.96,1.45,0.49,10.09,16.69,6.93,4
-8.58,-2.38,2.12,11.64,-5.11,-20.18,-9.37,1.70,0.79,32.33,4.40,13.31,4
-8.41,-2.49,2.16,0.63,-3.79,-13.67,-9.19,1.85,0.34,49.46,-2.65,3.89,4
-8.53,-3.00,2.27,-18.08,-0.56,3.37,-9.06,2.55,-0.78,-11.95,-0.91,-23.57,4
-8.13,-2.99,2.39,-25.27,-0.98,8.16,-8.97,2.56,-1.04,-33.63,2.44,-23.47,4
-8.11,-2.97,2.19,-34.24,-1.37,12.73,-8.58,2.41,-1.41,-25.06,-0.16,-22.53,4
-7.96,-3.25,2.38,-40.97,-0.23,17.05,-8.70,2.77,-1.60,-22.87,-7.92,-17.57,4
-7.66,-3.70,2.28,-43.62,5.37,22.51,-8.61,2.72,-1.48,-49.48,-13.37,-13.22,4
-7.51,-3.62,2.11,-41.64,8.04,22.89,-8.77,2.55,-1.30,-63.55,-13.56,-8.21,4
-7.70,-3.53,2.20,-40.36,10.82,19.79,-8.87,1.94,-0.91,-64.82,-20.69,-1.02,4
-8.68,-2.87,1.24,-30.50,13.18,10.58,-9.78,0.87,-0.03,-35.05,-28.60,10.79,4
-11.98,2.33,1.14,-34.08,-32.00,13.31,-12.84,0.18,-0.69,88.66,-7.16,33.85,4
-11.25,1.34,2.50,-19.29,-21.34,17.18,-11.00,1.28,0.99,76.71,-18.75,30.90,4
-9.34,0.70,1.31,-9.59,-19.77,16.44,-10.49,0.74,2.87,-28.99,-1.05,23.92,4
-7.27,1.46,1.85,4.39,-14.48,19.92,-8.19,-0.71,2.89,-71.39,15.65,12.73,4
-8.59,2.21,1.59,-22.65,8.69,20.02,-9.08,1.13,2.30,-47.11,37.05,-25.81,4
-9.00,1.19,1.72,-23.18,4.85,18.34,-9.74,1.32,2.28,-61.56,18.41,-23.83,4
-8.65,1.10,1.55,-11.64,2.99,13.66,-9.55,0.57,3.15,-44.78,21.10,-9.17,4
-8.61,0.70,1.51,-8.19,-5.50,10.23,-8.94,0.77,3.50,1.75,9.85,5.60,4
-9.07,0.91,2.53,-0.87,-19.17,9.49,-9.82,0.34,2.25,-38.92,-11.22,4.40,4
-9.19,0.93,2.74,16.86,-15.92,3.18,-11.07,0.09,1.84,-29.17,-3.78,0.74,4
-9.01,1.14,2.68,27.78,-15.01,-7.30,-10.06,-0.40,1.72,3.88,-7.89,0.51,4
-8.69,1.57,2.02,33.17,-8.50,-16.18,-9.35,-0.27,1.45,50.00,-26.74,6.61,4
-8.52,2.03,1.96,35.91,-5.72,-22.67,-9.07,0.22,2.30,81.69,-36.56,-0.48,4
-8.15,2.16,1.96,33.11,-3.01,-23.74,-8.91,0.56,2.44,67.04,-18.31,-7.63,4
-8.37,2.16,1.90,28.05,-2.54,-23.06,-8.98,0.72,2.96,53.48,-17.56,-15.63,4
-8.13,2.27,1.95,23.28,-4.15,-19.97,-8.66,0.78,3.09,54.87,-10.73,-16.11,4
-8.05,2.28,1.60,20.18,4.28,-13.09,-8.77,1.48,2.77,37.34,-11.90,-10.43,4
-8.38,2.47,1.97,23.54,5.26,-9.71,-8.48,1.66,2.64,32.08,-4.09,-8.30,4
-9.63,2.44,1.71,32.01,0.25,-5.56,-9.92,2.17,1.98,18.12,13.76,-3.28,4
-10.94,0.29,3.31,27.53,6.41,7.38,-12.48,4.16,0.32,-12.19,22.21,-4.88,4
-11.06,-1.92,4.06,6.85,11.32,-1.02,-10.16,2.22,-0.66,-47.84,36.52,-4.46,4
-9.93,-1.65,3.14,-4.05,-5.85,-3.71,-10.51,2.55,-2.10,-40.01,14.37,-4.58,4
-7.63,-1.30,2.35,-12.55,-9.38,1.19,-7.59,1.34,-0.95,-15.40,-13.79,5.97,4
-7.49,-1.68,2.27,-9.05,-0.69,-7.23,-7.60,1.59,-0.54,15.86,-0.87,8.47,4
-8.93,-1.89,3.00,8.65,-2.83,-14.21,-9.44,1.83,-0.66,-24.58,9.70,-3.72,4
-8.52,-1.35,2.68,11.55,-4.26,-12.50,-10.11,1.59,-0.63,-1.85,2.59,3.03,4
-8.29,-1.09,2.32,11.45,0.74,-9.74,-9.20,1.67,-0.35,28.78,-8.16,10.48,4
-8.51,-0.63,2.08,9.63,1.24,-8.50,-8.62,1.97,-0.04,41.60,-11.88,21.39,4
-9.61,-0.06,2.73,-5.94,-8.91,-2.39,-9.39,2.16,0.05,-5.39,18.66,2.76,4
-9.16,-0.27,2.25,-12.35,-8.36,-0.63,-10.23,2.29,0.23,-21.28,25.02,-10.79,4
-8.96,-0.88,2.33,-19.88,2.54,-1.22,-9.34,2.28,0.63,-33.24,25.18,-15.92,4
-8.67,-1.32,2.35,-27.06,0.70,1.88,-9.22,2.21,0.66,-23.53,18.30,-9.05,4
-8.33,-1.95,2.66,-27.76,3.21,9.95,-8.95,2.66,0.47,-23.35,3.18,-25.21,4
-8.08,-2.09,2.54,-24.18,8.09,9.51,-8.94,2.77,0.32,-27.33,-1.25,-23.82,4
-8.05,-2.22,2.51,-21.91,10.37,6.92,-8.86,2.72,-0.10,-25.90,-10.99,-8.82,4
-7.64,-2.64,2.07,-13.74,13.97,4.08,-8.86,2.74,-0.25,-18.53,-24.95,7.95,4
-8.56,-2.24,2.05,-18.44,19.89,-8.56,-9.08,2.29,-0.17,-24.19,-35.65,19.34,4
-11.02,-1.52,0.39,-12.10,13.79,-20.08,-10.38,1.82,0.28,-11.40,-25.53,23.69,4
-11.69,0.66,1.99,-24.02,0.44,-14.79,-11.48,1.08,-0.49,51.24,-17.88,28.83,4
-11.42,1.93,2.34,-29.62,-1.56,-8.80,-9.72,1.30,0.43,107.22,-25.18,35.38,4
-8.75,1.00,0.75,2.22,-4.60,9.35,-8.89,2.14,4.04,-4.18,-25.27,11.78,4
-7.45,1.48,0.47,6.98,-6.15,10.79,-7.42,1.08,4.28,-47.44,19.56,24.06,4
-8.04,2.16,0.92,-4.42,-9.66,14.49,-8.11,0.47,3.91,-54.79,50.71,0.73,4
-8.26,2.56,1.11,-17.74,-11.56,18.87,-8.54,1.14,3.49,-47.40,45.15,-19.04,4
-9.19,0.69,1.20,-11.92,0.37,5.95,-9.46,0.91,3.39,-54.53,19.05,-29.60,4
-9.16,0.48,1.22,-7.46,-11.53,3.31,-9.66,1.05,2.87,-11.99,11.73,-20.88,4
-9.08,0.66,1.30,-2.74,-15.11,5.75,-9.91,1.48,2.26,5.76,4.70,-15.15,4
-8.91,1.10,1.65,0.60,-23.05,12.19,-9.68,1.58,2.41,7.60,-11.02,-14.92,4
-8.84,1.29,2.22,7.60,-17.60,4.63,-9.33,0.98,2.79,1.91,-2.89,-17.17,4
-8.83,1.68,2.09,7.82,-15.53,-0.35,-9.16,1.03,2.63,12.50,-5.79,-19.17,4
-8.78,1.74,2.17,12.22,-14.36,-5.53,-9.51,1.08,2.60,22.48,-15.24,-16.66,4
-8.34,1.93,2.23,12.91,-12.42,-10.67,-9.18,1.26,2.82,37.24,-24.94,-6.62,4
-7.91,2.37,2.51,18.56,-8.19,-15.42,-9.07,1.09,3.26,40.00,-20.08,8.35,4
-7.72,2.49,2.35,19.83,-2.83,-15.26,-8.96,1.09,3.50,39.79,-19.67,11.00,4
-7.53,2.60,2.34,18.02,2.07,-12.62,-8.53,1.11,3.75,34.70,-21.27,16.39,4
-7.52,2.64,1.92,14.82,7.09,-10.49,-8.49,1.07,3.91,26.46,-19.10,17.93,4
-8.16,3.62,2.50,13.59,8.94,-1.50,-8.99,1.67,3.02,-11.06,11.08,16.34,4
-10.74,2.67,2.83,0.88,27.63,0.79,-10.31,2.03,1.84,-28.33,25.30,12.05,4
-11.01,0.15,3.16,9.92,9.66,7.50,-11.53,2.41,1.15,-41.73,30.30,-14.84,4
-12.26,-3.19,4.24,6.44,2.21,-0.34,-11.91,2.68,0.88,-66.30,30.46,-36.92,4
-7.84,-0.87,1.22,15.97,7.17,-25.48,-8.57,0.84,-0.43,6.37,16.08,13.24,4
-8.00,-1.81,1.69,12.31,7.84,-29.52,-7.69,1.46,0.04,111.47,-14.01,38.63,4
-7.98,-2.34,1.93,18.43,0.63,-33.23,-7.05,2.73,-0.23,133.58,-17.74,37.09,4
-8.43,-1.88,2.34,21.75,-0.73,-32.35,-8.13,3.44,-0.91,80.89,-26.46,11.35,4
-8.69,-1.35,2.12,-3.03,1.82,-14.51,-9.09,3.08,-0.23,2.18,24.95,-34.49,4
-8.87,-1.03,1.98,-5.92,-5.06,-6.90,-9.24,3.16,-0.08,-16.05,29.85,-35.97,4
-9.27,-0.53,2.37,-3.98,-6.98,-6.18,-9.37,2.93,0.47,-16.01,16.50,-25.10,4
-9.06,-0.69,2.59,-7.35,-12.95,-6.50,-9.48,2.82,0.68,-3.63,10.47,-3.40,4
-8.64,-1.52,2.27,-4.27,-5.17,-8.63,-9.37,2.61,0.65,-12.43,18.75,10.36,4
-8.20,-1.54,2.33,-12.87,-2.89,-7.64,-8.85,2.61,0.39,-9.92,15.08,19.95,4
-8.55,-1.97,2.23,-26.06,-1.90,-2.42,-8.90,2.57,-0.02,-12.31,7.47,15.40,4
-8.41,-2.16,2.51,-33.93,-3.31,5.44,-8.71,2.60,-0.23,-13.23,3.41,-3.13,4
-8.14,-2.83,2.31,-41.81,1.73,12.27,-8.92,3.01,-0.41,-52.64,12.20,-31.12,4
-7.96,-2.86,2.31,-43.76,2.95,11.53,-8.75,2.98,-0.52,-56.02,6.48,-25.56,4
-7.70,-3.15,2.29,-40.41,5.06,8.95,-8.67,2.99,-0.57,-49.31,-3.66,-8.24,4
-7.57,-3.37,2.32,-34.89,6.79,8.96,-8.70,2.97,-0.60,-45.31,-15.88,5.17,4
-11.09,-1.34,2.12,-20.92,-2.66,-1.80,-10.87,2.05,0.35,-20.60,-18.26,35.06,4
-11.73,0.20,3.41,-25.66,-14.63,-2.47,-11.07,1.17,0.05,20.13,-15.74,40.07,4
-10.72,2.07,2.34,-39.20,-31.54,15.44,-10.82,1.19,0.43,84.97,-21.12,37.40,4
-10.66,0.64,2.50,-25.15,-22.16,17.15,-10.23,2.56,1.24,68.89,-13.64,13.48,4
-6.87,1.50,1.65,-17.69,-15.75,26.40,-7.68,0.72,3.41,-85.85,13.46,6.24,4
-7.14,1.95,1.59,-6.43,-8.53,24.98,-8.01,-0.02,3.37,-74.25,48.86,-4.18,4
-8.27,1.84,2.16,-15.98,3.05,25.71,-8.71,0.58,2.74,-42.22,45.06,-22.77,4
-8.75,1.24,2.34,-17.67,4.78,21.86,-8.84,1.19,2.43,-40.20,21.31,-39.19,4
-8.54,1.11,1.97,-3.25,3.42,13.73,-9.22,1.30,2.14,-5.82,8.62,-23.18,4
-8.63,1.32,2.37,-0.67,-4.98,13.16,-9.28,1.38,2.65,-1.85,13.89,-12.40,4
-9.01,1.41,2.51,0.27,-6.36,11.24,-9.81,1.51,2.42,-12.55,6.26,-9.26,4
-9.02,1.46,2.91,5.97,-9.60,6.71,-10.15,0.54,2.68,-13.85,1.46,-5.25,4
-8.64,1.80,2.77,10.79,-6.13,-7.18,-9.53,-0.75,2.53,14.42,-15.37,-14.65,4
-8.34,2.11,2.61,16.97,-6.57,-11.47,-9.48,-0.50,2.21,31.86,-14.47,-18.74,4
-8.26,2.29,2.48,17.12,-4.31,-14.50,-9.36,0.18,1.77,36.60,-16.23,-18.08,4
-8.23,2.34,2.52,16.84,-2.12,-15.94,-9.12,-0.11,2.06,31.02,-14.41,-13.73,4
-7.64,2.60,2.32,15.03,3.29,-15.53,-8.63,0.51,2.70,39.06,-9.18,-5.97,4
-7.76,2.75,1.96,14.08,5.32,-13.97,-8.37,0.54,2.67,31.60,-7.25,-1.15,4
-8.16,2.96,1.41,16.89,3.13,-14.08,-7.98,2.72,1.72,-62.76,-11.91,3.03,4
-7.46,3.20,2.61,23.67,1.40,-15.24,-8.83,0.17,2.63,-109.37,15.11,7.19,4
-10.69,0.60,2.83,32.77,23.77,-8.26,-11.58,-0.25,3.06,-81.60,13.37,2.01,4
-12.07,-1.18,4.12,40.91,11.19,-3.33,-13.55,-0.28,1.68,-50.26,-2.30,6.46,4
-11.63,-2.51,3.45,28.79,1.28,-9.63,-11.79,2.44,-0.44,61.95,-20.25,9.12,4
-10.03,-0.86,2.52,19.89,2.73,-11.98,-9.65,2.89,-1.65,60.76,-20.53,5.80,4
-6.82,-1.77,1.82,-10.28,-0.17,-12.70,-6.47,3.29,0.74,0.70,8.62,-9.82,4
-7.37,-1.76,2.03,-0.89,0.65,-15.24,-7.56,3.26,0.61,-38.87,29.11,-16.76,4
-8.84,-1.95,2.16,5.94,1.52,-17.44,-9.30,2.70,0.46,-37.50,34.24,-24.38,4
-8.77,-1.08,2.28,4.52,-6.15,-15.76,-9.54,2.45,0.28,21.56,12.08,-1.72,4
-8.78,-1.02,1.78,-4.91,1.71,-8.52,-8.98,2.50,0.97,41.72,-18.66,29.79,4
-9.11,-1.09,1.59,-6.58,-3.16,-8.92,-8.80,1.53,1.51,37.01,1.18,20.63,4
-9.23,-0.87,1.74,-7.29,-17.43,-1.63,-9.81,2.05,1.51,18.89,22.02,5.34,4
-9.40,-0.44,2.32,-9.11,-14.04,1.95,-10.53,2.33,0.78,-11.42,23.72,-3.93,4
-8.47,-1.10,2.29,-30.35,0.40,6.85,-9.00,2.30,0.73,31.76,-0.32,9.73,4
-8.25,-1.43,2.54,-35.98,5.47,11.24,-9.34,2.60,0.56,34.19,1.23,-0.20,4
-8.26,-1.58,2.65,-36.43,16.14,13.95,-8.87,2.76,0.14,18.04,8.76,-13.66,4
-8.41,-1.71,1.98,-36.00,14.73,13.44,-8.73,3.09,-0.35,-19.15,15.79,-16.98,4
-8.29,-2.21,1.80,-38.85,7.56,12.08,-8.35,2.26,-0.57,-40.06,-6.28,-5.56,4
-8.78,-2.30,2.70,-31.70,6.49,9.85,-8.47,2.72,-0.79,-73.62,-12.61,-13.15,4
-8.21,-2.32,1.49,-37.56,6.04,4.87,-8.66,2.58,0.13,-148.34,-17.68,-24.52,4
-8.31,-1.50,1.95,-35.42,-0.06,-2.62,-8.44,0.03,1.25,-106.89,-2.48,-27.56,4
-11.00,2.56,3.86,-26.51,-52.10,18.43,-14.65,-0.30,-0.43,-29.78,15.60,-22.66,4
-11.05,0.46,2.59,-20.38,-16.89,8.94,-11.48,-1.37,2.05,17.70,-22.81,-9.17,4
-8.66,0.38,1.78,13.00,-23.74,7.18,-10.38,-1.33,1.76,43.73,21.44,34.56,4
-6.98,1.38,1.28,29.03,-6.16,8.03,-8.05,-1.48,1.12,91.12,-29.43,24.79,4
-8.24,2.43,2.29,-6.15,-8.64,24.18,-9.40,0.78,2.81,59.14,-23.89,17.34,4
-8.37,2.20,2.36,-7.85,-8.24,27.84,-9.35,1.14,3.43,-6.79,-7.09,5.07,4
-8.50,1.56,2.29,-4.76,-7.23,25.92,-9.49,0.59,4.02,-80.44,35.11,-15.01,4
-8.33,1.68,2.32,-0.04,-9.49,24.23,-9.58,0.34,3.05,-93.70,49.93,-21.01,4
-8.99,2.44,2.51,-3.66,-4.30,18.29,-10.32,0.26,2.38,-3.93,-12.48,-4.72,4
-8.79,2.40,2.62,-1.23,-2.94,10.24,-9.72,-0.15,2.54,16.82,-38.28,-8.24,4
-8.59,2.35,2.09,3.85,-2.40,1.44,-9.33,-0.24,2.64,25.79,-15.21,-9.98,4
-8.54,2.58,2.01,12.50,-0.66,-2.63,-9.47,-0.01,2.25,13.71,-5.24,-22.41,4
-7.89,3.30,2.05,26.68,-0.04,-16.24,-9.01,-0.40,2.45,42.80,-15.31,-4.80,4
-7.94,3.56,2.07,22.92,-0.28,-21.73,-8.50,-0.54,2.34,51.08,-20.87,3.68,4
-7.76,3.46,1.74,17.54,-0.29,-24.95,-8.51,-0.23,2.56,63.11,-19.63,8.53,4
-7.64,3.41,1.48,16.07,-1.10,-22.97,-8.85,0.61,2.82,50.83,-8.87,8.58,4
-7.80,3.57,1.31,13.89,5.19,-16.68,-8.28,0.31,3.82,-6.59,11.66,3.24,4
-7.61,3.58,1.55,16.74,4.05,-17.94,-8.40,-0.06,3.81,-15.37,14.61,5.09,4
-7.98,3.46,1.49,14.47,9.80,-19.56,-8.87,-0.09,3.60,-4.19,9.88,11.76,4
-10.13,2.56,2.42,10.62,15.46,-12.31,-11.03,0.63,3.28,-24.78,3.98,10.81,4
-11.35,0.10,4.73,12.77,-11.60,-14.98,-11.01,1.41,1.77,97.53,4.40,-3.99,4
-9.95,-0.34,1.03,-11.38,-20.71,-19.46,-8.15,3.22,-1.57,53.06,-9.20,1.76,4
-7.95,-0.95,1.59,-26.98,-12.27,-20.52,-8.92,2.74,-0.76,6.42,-11.60,0.79,4
-7.07,-2.40,1.63,-18.20,-1.92,-27.83,-6.43,2.31,0.41,22.75,-6.55,-16.91,4
-8.66,-1.68,2.05,-1.24,-3.20,-24.70,-9.61,3.17,-1.19,8.40,9.85,-4.47,4
-8.77,-1.65,2.07,-3.92,-5.44,-19.66,-9.25,2.60,-0.90,25.57,2.02,12.66,4
-8.76,-1.60,1.97,-4.56,-7.00,-13.99,-8.85,2.29,-0.63,60.46,-0.10,23.73,4
-8.66,-1.36,2.01,0.55,-2.11,-11.23,-9.11,2.96,-0.67,48.59,10.78,14.53,4
-9.63,-1.13,2.76,-17.70,-8.85,-9.16,-9.70,1.80,0.18,-32.30,47.66,-4.12,4
-9.17,-1.64,2.37,-10.76,-15.55,-7.32,-11.03,1.91,0.46,-44.98,37.79,-12.66,4
-8.84,-2.02,2.18,-9.26,-6.33,-10.98,-9.53,1.70,0.55,-49.73,29.76,-5.70,4
-8.31,-2.15,2.49,-15.64,-4.56,-9.48,-9.41,1.09,0.91,-27.60,11.12,11.02,4
-8.24,-2.84,2.75,-21.90,-2.09,1.85,-9.42,2.41,-0.50,-17.11,10.64,-24.66,4
-8.31,-3.00,2.43,-17.55,1.58,5.47,-9.22,2.77,-0.85,-27.72,7.27,-34.46,4
-8.14,-3.12,2.39,-14.71,4.55,8.06,-8.78,2.91,-1.10,-27.70,8.64,-26.87,4
-7.81,-3.14,2.41,-11.89,6.70,10.39,-8.71,3.00,-1.11,-18.95,-8.47,-12.22,4
-7.51,-2.99,1.76,-23.29,6.98,9.66,-8.46,1.99,-0.51,-2.28,-19.26,6.04,4
-7.76,-3.65,2.20,-17.51,11.14,11.56,-8.36,1.95,-0.28,-10.07,-14.16,3.30,4
-8.70,-2.80,2.36,-10.56,9.99,8.37,-9.65,1.36,-0.47,-22.83,-20.47,-11.66,4
-12.47,0.00,3.86,-11.59,-3.36,1.24,-12.12,1.38,-0.83,-8.11,-17.64,-9.10,4
-10.62,1.08,2.78,-17.79,-8.50,10.18,-10.85,0.89,1.61,48.00,-4.60,5.65,4
-9.93,1.48,2.10,5.32,-3.66,14.77,-11.50,1.26,1.85,14.21,17.81,15.43,4
-7.64,2.14,2.12,16.60,-10.97,17.44,-9.01,-0.85,4.14,3.13,-18.00,23.27,4
-6.64,2.44,1.76,8.87,-4.76,15.76,-7.49,-0.89,4.06,6.47,2.13,36.32,4
-8.37,1.65,1.88,2.54,8.68,4.29,-8.86,0.03,2.08,-63.50,21.31,2.03,4
-9.09,1.20,1.47,7.46,4.40,-0.98,-9.70,-0.24,2.04,-58.05,28.90,-11.83,4
-8.93,0.93,1.32,6.75,-0.60,-3.74,-9.22,0.18,2.08,-5.99,9.69,-7.19,4
-8.89,0.60,1.18,5.15,-10.67,-0.78,-9.34,0.81,2.00,16.32,-3.29,2.05,4
-9.41,1.21,2.28,10.91,-13.56,2.31,-10.58,1.21,2.73,22.10,-13.56,-9.67,4
-9.37,1.21,2.02,13.91,-8.60,-3.13,-10.25,1.28,2.76,9.40,-1.12,-17.21,4
-9.01,1.65,1.62,12.20,-2.95,-8.50,-9.20,0.97,2.45,16.57,3.53,-13.44,4
-8.52,1.55,1.72,11.02,-1.86,-12.08,-8.74,1.08,2.14,31.92,-8.61,-11.51,4
-8.33,1.76,1.69,11.11,1.28,-12.93,-9.01,1.09,3.56,39.88,-26.50,-7.14,4
-7.95,2.26,1.70,13.46,-1.66,-8.68,-8.89,0.60,3.44,43.07,-9.89,-5.50,4
-7.86,2.54,1.53,10.33,8.93,-6.91,-8.86,1.13,3.03,19.19,-2.93,-3.53,4
-8.14,2.57,1.42,9.92,8.05,-4.22,-8.30,0.74,3.06,-9.34,-0.94,-5.18,4
-9.92,1.50,2.10,9.72,18.22,2.14,-10.15,1.10,2.54,-0.05,9.47,2.72,4
-12.86,-0.54,2.55,7.83,22.40,-2.82,-13.32,1.61,1.53,14.47,6.06,-7.64,4
-11.83,-3.40,3.28,23.86,-7.10,1.35,-12.75,3.04,-0.21,18.35,-14.29,-8.76,4
-10.38,-1.14,2.47,1.98,-2.60,-7.18,-9.61,3.83,-2.12,-65.86,-21.80,11.40,4
-6.95,-1.77,1.74,-4.79,-10.50,-6.39,-6.03,1.79,0.21,-44.50,14.69,6.50,4
-7.23,-2.12,1.76,0.17,-9.09,-17.86,-6.78,2.02,0.16,-31.02,24.98,8.61,4
-8.30,-2.10,2.83,1.36,-6.12,-19.27,-8.85,2.18,-0.59,3.62,2.37,1.03,4
-8.61,-2.04,2.22,-3.62,-3.19,-16.05,-9.64,2.39,-0.34,47.19,-7.54,4.93,4
-8.17,-1.01,2.28,-2.87,-4.71,2.72,-9.26,2.14,0.14,60.10,15.28,-2.13,4
-8.62,-0.65,2.04,-11.29,-2.34,3.21,-9.05,2.58,0.36,25.17,16.63,-8.92,4
-9.35,-0.68,1.90,-26.02,-3.34,3.38,-9.25,2.20,0.32,-33.98,20.66,-11.69,4
-9.18,-0.48,2.45,-33.88,-7.86,6.49,-9.58,2.12,0.29,-45.00,19.54,-22.54,4
-9.02,-1.77,2.08,-31.54,0.06,4.37,-9.45,2.08,0.58,-31.97,30.88,-26.45,4
-8.29,-1.78,2.21,-26.69,-4.02,6.57,-9.44,2.21,-0.16,6.74,15.01,-16.09,4
-8.48,-2.20,2.33,-19.53,-0.27,5.50,-9.28,2.24,0.12,-3.85,-4.95,-4.28,4
-8.36,-2.39,2.36,-11.45,0.95,5.20,-9.19,2.05,-0.56,-13.72,-11.49,0.03,4
-7.72,-2.56,2.28,-7.95,5.01,3.08,-8.44,2.05,-0.97,-39.77,-3.12,-3.27,4
-8.03,-2.45,2.34,-8.82,10.15,2.26,-8.56,1.83,-1.00,-18.82,-10.55,-5.31,4
-7.96,-2.70,1.75,-9.26,12.69,2.06,-8.66,2.31,-0.72,0.63,-18.17,-0.59,4
-9.26,-2.02,2.11,-9.05,12.37,-4.08,-9.31,2.11,-0.82,-5.20,-20.46,2.66,4
-12.16,1.62,2.40,-15.97,-6.85,-7.21,-11.41,0.91,-0.39,-17.60,6.71,5.27,4
-11.87,2.62,2.56,-3.18,-22.17,4.05,-13.10,0.12,2.52,-30.72,13.46,2.41,4
-9.96,1.04,2.46,7.53,-11.67,3.29,-12.90,-0.48,6.80,-1.88,-18.05,31.06,4
-7.58,1.84,1.55,19.37,-13.36,8.69,-8.09,-1.51,4.36,-12.97,-22.38,38.93,4
-7.85,2.25,1.85,-8.78,-4.60,12.51,-7.99,-0.04,1.16,21.13,4.89,-5.79,4
-8.43,1.97,2.30,-8.63,1.45,11.82,-9.45,0.56,1.20,-2.87,15.84,-16.95,4
-8.95,1.32,1.89,-0.05,2.50,10.11,-10.26,0.65,1.25,-20.03,21.84,-15.69,4
-8.62,1.17,1.78,2.60,-0.18,6.50,-9.00,0.43,1.67,-15.93,9.08,-11.27,4
-8.53,1.56,1.89,0.44,-6.60,8.56,-9.20,0.95,3.45,17.01,-9.60,-11.60,4
-8.96,1.34,2.13,0.01,-7.79,5.67,-9.50,0.75,2.99,1.05,0.09,-15.21,4
-9.18,1.38,2.36,9.17,-10.04,2.10,-10.38,0.22,1.94,-9.58,5.63,-18.99,4
-9.12,1.55,2.24,18.12,-4.86,-5.11,-9.90,-0.31,1.57,6.23,5.68,-17.84,4
-8.45,2.13,1.91,12.99,-7.75,-12.60,-9.06,0.05,2.15,69.72,-24.31,-2.31,4
-8.33,2.26,2.08,8.21,-8.69,-10.66,-9.25,0.64,2.62,67.97,-25.86,-5.05,4
-8.08,2.47,2.05,4.89,-7.44,-8.12,-9.33,0.46,3.44,42.12,-16.52,-12.36,4
-7.85,2.50,2.06,2.40,-5.21,-6.62,-8.74,0.78,3.20,13.79,-0.56,-15.43,4
-8.01,2.95,1.99,-1.29,4.79,-8.44,-8.32,-0.25,2.58,-8.73,1.35,-3.57,4
-8.36,3.17,2.23,0.26,3.99,-7.46,-9.13,0.03,2.11,14.98,1.92,5.87,4
-8.73,3.27,2.26,7.17,8.58,-4.59,-9.32,0.55,2.13,14.21,-3.68,10.53,4
-9.13,2.48,2.68,8.54,16.11,1.46,-10.22,0.89,3.10,-6.19,-0.40,18.54,4
-12.09,-2.31,4.07,13.95,10.25,-2.21,-12.04,0.41,0.29,-24.07,16.88,-2.68,4
-9.90,-1.67,2.53,19.20,1.56,-13.88,-10.30,3.18,-2.98,-26.89,1.85,6.72,4
-8.31,-1.03,1.80,14.12,7.30,-19.69,-7.82,1.42,-2.28,-30.87,-2.88,2.02,4
-7.20,-1.61,1.82,7.81,1.19,-22.51,-6.10,0.86,-0.26,79.54,-7.60,13.24,4
-8.76,-1.89,2.37,-1.82,-6.37,-22.09,-9.37,2.49,-0.70,40.12,16.97,-7.87,4
-8.90,-1.68,2.54,-7.14,-13.18,-15.51,-10.21,2.16,-0.10,9.20,24.80,-17.73,4
-8.94,-1.50,2.10,-5.94,-3.24,-11.01,-10.08,2.15,0.04,-3.15,25.06,-18.78,4
-8.46,-1.51,1.80,-1.11,-3.40,-6.69,-9.68,1.81,0.72,13.91,12.18,-4.92,4
-9.56,-0.97,1.43,3.85,-8.70,-12.63,-9.12,1.69,0.42,19.74,-4.50,8.37,4
-9.44,-0.88,2.33,2.73,-11.51,-5.66,-9.87,2.17,-0.13,12.53,1.55,5.78,4
-9.00,-1.07,2.28,-1.13,-12.51,-3.66,-10.21,2.10,-0.11,-6.10,6.56,0.34,4
-8.52,-1.50,2.28,-10.10,-5.98,-1.18,-9.02,1.65,-0.05,-11.24,9.58,4.66,4
-8.35,-1.80,2.67,-28.79,-2.54,11.98,-9.39,1.91,-0.75,-14.33,-0.61,-8.05,4
-8.39,-1.87,2.48,-33.43,1.00,15.27,-9.35,2.26,-0.64,-29.99,3.05,-14.56,4
-8.06,-2.09,2.49,-35.15,4.58,15.23,-8.80,2.32,-0.37,-51.63,9.67,-18.47,4
-8.04,-2.34,2.36,-34.66,6.63,12.16,-8.79,2.17,0.16,-42.29,4.54,-11.84,4
-7.94,-2.36,2.16,-34.77,7.24,8.38,-8.84,2.32,0.30,-19.86,-27.73,3.20,4
-8.10,-2.41,1.91,-24.89,7.05,4.34,-9.27,2.18,0.58,-17.30,-28.07,8.85,4
-10.81,-1.49,1.91,-15.95,2.66,-7.24,-11.18,1.36,-0.24,-20.35,-19.47,10.74,4
-10.84,1.08,3.47,-23.92,-17.94,-3.96,-10.85,-0.13,-0.18,-4.73,-22.34,17.78,4
-10.31,0.72,2.70,-5.89,-9.85,12.21,-11.78,0.39,1.54,70.39,-10.33,11.07,4
-8.54,1.02,2.17,0.84,-10.54,9.54,-9.06,0.35,3.24,24.29,-22.74,6.70,4
-6.99,1.78,1.23,1.98,-6.20,10.59,-7.38,-0.11,3.16,-22.70,2.37,14.60,4
-7.44,2.18,1.44,-6.22,-3.00,13.73,-7.85,-0.27,2.73,-27.92,13.89,-9.28,4
-8.43,1.94,2.44,-15.81,-7.65,19.71,-9.13,1.13,2.63,-53.40,26.77,-21.02,4
-8.55,1.22,2.44,-10.33,-2.85,10.65,-9.53,0.82,2.89,-56.66,32.04,-8.47,4
-8.96,0.84,2.17,-3.25,0.01,4.09,-9.42,0.30,2.64,-43.73,15.25,-4.92,4
-9.17,1.07,2.37,3.61,-4.21,5.19,-10.00,0.27,2.35,-7.37,9.21,1.60,4
-8.71,1.52,2.50,3.17,-10.79,6.84,-9.86,0.02,2.57,3.75,-1.36,-5.56,4
-8.31,1.88,2.30,-1.37,-10.13,5.89,-9.28,-0.20,2.42,0.37,-6.74,-17.80,4
-7.87,1.72,2.70,3.51,-7.59,3.06,-9.35,0.07,2.30,-7.78,2.63,-26.89,4
-7.81,2.76,2.74,7.21,-1.00,-1.44,-9.36,-0.67,2.06,0.31,-1.85,-26.27,4
-8.33,2.72,2.65,15.38,0.73,-12.52,-9.39,-0.90,2.55,30.95,-14.37,-12.87,4
-8.13,2.86,2.53,18.98,-1.53,-14.69,-9.27,-0.78,2.82,55.30,-11.23,1.92,4
-7.89,2.89,2.27,16.91,1.40,-16.32,-8.65,-0.37,2.86,48.53,-17.60,1.36,4
-7.60,2.95,2.03,13.94,2.43,-13.26,-8.66,-0.43,2.58,36.26,-7.60,1.15,4
-7.68,3.10,2.24,12.92,5.78,-11.36,-8.65,-0.23,2.69,-0.87,13.17,-0.34,4
-8.70,3.03,2.63,12.66,11.47,-12.18,-9.99,0.18,2.87,-2.53,12.25,12.37,4
-11.19,0.69,2.26,7.02,14.31,-9.31,-12.88,0.41,2.05,-38.35,2.73,3.57,4
-10.75,-0.60,3.88,21.02,7.72,-7.37,-11.44,0.12,-0.48,-10.21,6.18,-7.66,4
-8.56,-1.35,1.57,15.95,3.59,-26.87,-7.73,1.71,-1.98,18.08,6.33,4.90,4
-7.19,-1.30,1.62,14.95,8.23,-27.53,-7.56,1.38,-0.66,69.98,3.85,17.15,4
-7.80,-2.05,1.50,13.04,1.52,-25.63,-7.87,1.98,0.11,75.15,2.90,11.57,4
-8.54,-1.80,2.73,9.24,-3.27,-19.73,-9.72,2.18,-0.07,35.80,13.08,3.62,4
-8.88,-1.20,1.78,1.51,-2.40,-3.95,-9.10,2.15,0.02,19.38,-4.58,-2.83,4
-8.90,-0.81,1.93,-0.16,-4.21,-0.15,-9.12,1.60,0.09,4.22,-2.47,5.41,4
-9.10,0.33,1.68,-7.44,-10.49,-1.30,-8.83,1.55,-0.11,0.32,-4.94,-0.35,4
-9.60,-0.17,1.56,-14.33,-6.95,-7.24,-9.03,1.51,-0.15,-13.34,19.20,-1.73,4
-8.37,-1.77,1.75,-8.41,-7.70,-17.10,-9.74,1.26,-0.52,-13.28,18.82,0.54,4
-8.42,-1.98,2.17,-18.89,-5.72,-10.33,-8.89,1.37,-0.51,21.63,2.08,12.00,4
-8.35,-2.24,2.45,-27.54,-8.06,3.16,-9.39,1.92,-0.84,13.21,-0.63,7.95,4
-8.82,-2.66,2.09,-28.83,-8.02,8.41,-9.41,2.09,-0.80,-27.34,-3.74,-11.84,4
-8.04,-2.56,2.62,-22.02,-2.60,13.29,-8.78,1.89,-0.93,-36.70,0.49,-15.87,4
-7.80,-2.55,2.75,-23.48,0.31,12.47,-8.62,1.70,-1.08,-18.46,-15.93,-5.40,4
-7.54,-2.57,2.78,-26.16,6.16,12.26,-8.42,2.00,-1.46,-0.71,-26.60,-1.79,4
-7.57,-2.96,2.44,-28.37,14.68,6.99,-8.61,1.71,-0.69,-16.34,-23.97,-4.03,4
-11.38,-0.19,2.11,-30.53,-13.76,-0.15,-11.29,-0.06,-0.71,-26.83,-14.50,-9.33,4
-14.14,1.88,1.80,-42.55,-17.92,-4.35,-12.85,0.11,-1.13,-0.97,-5.73,-7.24,4
-10.93,1.61,3.31,-20.48,-7.51,19.72,-11.53,-0.02,0.70,32.55,-6.29,-0.53,4
-9.61,0.60,3.07,-5.93,-23.95,16.93,-10.11,0.66,2.38,-9.04,8.93,8.60,4
-6.87,2.65,1.80,3.55,4.20,17.03,-7.48,-1.04,3.79,-29.86,4.66,9.48,4
-7.60,2.60,1.81,-13.41,17.47,13.55,-8.85,-0.99,3.69,-7.72,16.47,13.99,4
-8.71,1.84,1.84,-19.72,17.29,10.79,-9.17,0.34,2.83,-12.53,-4.17,3.68,4
-8.78,1.16,2.65,7.38,13.61,7.18,-10.06,0.77,2.08,-58.33,10.86,-0.64,4
-8.63,1.03,1.41,8.44,8.43,-1.76,-9.34,-0.22,1.48,-4.21,4.22,7.66,4
-10.30,0.98,1.35,2.02,12.71,0.73,-9.36,0.22,1.50,22.27,-8.70,11.08,4
-10.01,0.86,1.70,4.92,-3.60,7.18,-9.52,0.23,1.91,20.11,-23.55,7.66,4
-9.19,1.52,1.85,-2.86,-17.69,8.04,-10.08,0.12,2.25,2.23,-5.15,-5.53,4
-8.41,1.81,2.06,-1.21,-3.18,2.57,-9.41,-0.18,3.60,-4.12,0.08,-33.88,4
-8.37,2.03,1.91,7.69,2.73,-3.46,-9.79,0.20,2.11,-0.95,-10.24,-22.21,4
-8.57,2.44,1.78,15.69,2.69,-7.40,-9.14,-0.02,1.71,29.56,-21.22,-2.60,4
-8.26,2.35,1.64,23.95,2.47,-11.71,-8.77,-0.27,1.97,50.95,-21.08,9.11,4
-7.97,3.09,0.92,25.33,1.70,-14.31,-8.19,-0.57,2.91,37.38,-6.97,3.76,4
-8.31,2.98,0.83,24.19,2.42,-14.44,-8.59,-0.39,3.14,23.78,3.80,-1.80,4
-8.41,3.03,1.40,28.57,-3.35,-13.40,-8.55,-0.58,3.27,20.36,10.37,-3.60,4
-9.02,2.59,1.69,24.15,2.37,-15.95,-9.35,0.47,3.22,36.90,12.01,9.38,4
-10.61,-1.73,6.05,17.98,-30.63,5.84,-12.74,1.98,0.06,54.15,-4.64,-5.18,4
-9.53,-1.55,2.65,6.09,-3.28,-12.42,-9.27,3.38,-1.52,5.63,-13.40,-8.89,4
-9.34,-0.93,1.63,4.60,12.82,-11.36,-9.64,2.49,-2.45,-31.80,21.51,5.24,4
-7.67,-1.65,1.25,-2.95,-1.00,-7.43,-6.84,1.78,-0.52,20.98,-20.54,-9.31,4
-8.40,-2.15,1.69,1.59,-0.02,-11.66,-9.05,2.08,-1.06,-13.95,4.24,-0.98,4
-9.29,-1.78,1.46,2.15,-5.18,-9.08,-9.58,1.65,-0.75,-1.26,17.53,-0.85,4
-8.78,-1.11,1.74,3.37,-6.14,-4.99,-9.24,2.00,-0.57,9.38,9.25,4.03,4
-8.49,-0.76,1.73,2.44,-12.36,-3.33,-9.10,1.68,-0.26,-0.73,7.97,8.86,4
-9.46,-0.70,1.31,-5.80,-10.56,-16.02,-9.58,1.33,0.38,-12.17,23.69,2.15,4
-9.84,-0.94,1.66,-12.54,-11.97,-10.13,-9.78,1.58,0.33,-10.66,22.10,-5.29,4
-8.96,-1.16,2.32,-4.12,-18.16,-4.02,-10.46,1.81,0.49,-19.84,16.04,-11.43,4
-8.51,-1.34,2.28,-2.21,-15.21,-0.08,-9.30,1.35,0.86,-31.21,8.49,-7.69,4
-8.59,-1.64,2.70,0.17,-2.76,1.52,-9.66,1.90,-0.24,26.34,-8.44,0.67,4
-8.37,-1.61,2.94,-10.98,-3.98,9.11,-9.60,2.11,-0.49,27.63,-15.72,-0.61,4
-8.10,-1.80,2.73,-22.38,3.61,14.31,-8.83,2.57,-0.52,7.80,-18.88,-10.13,4
-7.91,-2.09,2.48,-24.81,6.67,12.88,-8.27,2.81,-0.42,-41.68,-2.34,-15.84,4
-8.04,-2.27,2.43,-14.56,9.11,7.28,-8.85,2.40,-0.91,-58.88,-12.93,-7.80,4
-8.20,-2.31,2.34,-14.37,12.03,4.32,-9.07,1.24,-0.72,-45.34,-26.44,0.98,4
-9.78,-1.31,2.18,-17.73,10.27,-0.53,-9.67,0.67,0.17,-13.53,-24.11,3.95,4
-12.60,0.89,2.26,-25.24,-9.13,-3.18,-10.65,0.55,-0.07,8.23,-12.15,-4.95,4
-10.60,1.98,3.02,2.63,-7.22,16.69,-11.34,1.04,2.35,-13.54,-6.13,-3.13,4
-9.24,1.81,2.17,13.72,-7.67,14.51,-10.67,-0.29,3.28,-43.57,8.21,20.59,4
-7.38,2.40,1.95,14.50,-7.89,19.09,-8.74,-2.02,3.54,-16.25,-7.58,16.81,4
-6.60,2.88,1.72,4.85,-7.44,26.79,-7.74,-1.49,3.14,20.82,5.18,4.87,4
-8.00,3.09,2.31,-12.63,-5.18,34.70,-8.55,-0.22,3.05,-66.44,9.05,-17.19,4
-7.96,2.89,2.69,-10.61,-3.92,27.33,-8.95,-0.42,2.97,-84.18,26.77,-23.57,4
-8.46,2.82,2.78,-6.18,-5.54,16.40,-9.27,-1.07,2.84,-65.44,32.27,-25.76,4
-9.11,2.60,2.65,2.87,-12.49,7.39,-10.14,-1.10,2.28,-9.85,9.01,-10.76,4
-8.34,2.58,2.41,13.18,-19.51,-18.60,-9.26,-0.88,2.01,78.06,-30.24,5.85,4
-7.76,2.89,2.65,12.42,-12.37,-21.48,-8.98,-0.04,2.17,76.37,-25.66,-4.34,4
-7.65,2.79,2.64,12.40,-9.95,-19.27,-9.32,0.33,2.68,43.98,-2.31,-12.08,4
-7.80,2.96,2.77,9.62,-1.66,-16.16,-9.62,0.33,2.72,41.48,0.31,-14.66,4
-7.74,3.44,1.96,1.35,5.29,-5.23,-8.94,0.30,3.93,22.89,-20.66,-5.63,4
-7.71,3.48,1.86,-4.80,5.35,-2.89,-8.42,-0.48,4.12,32.56,-10.05,1.76,4
-7.73,3.62,1.62,-11.39,11.08,-2.21,-8.23,-0.09,3.58,14.53,-5.06,-7.67,4
-7.82,3.79,2.07,-11.24,4.20,-5.44,-8.07,0.09,3.12,-11.10,13.63,-8.80,4
-8.60,3.93,2.83,9.74,5.67,-19.08,-10.05,-0.20,2.34,-28.69,21.90,16.57,4
-9.99,2.04,3.12,8.11,15.70,-19.05,-11.83,-0.64,2.94,-22.50,7.84,16.83,4
-10.66,-1.56,3.93,24.58,-3.43,-14.61,-13.15,-1.07,3.44,-23.69,-11.77,0.85,4
-10.67,-2.42,3.82,33.44,-1.38,-20.25,-10.76,1.62,2.11,4.37,-14.24,5.37,4
-8.29,0.38,2.18,16.68,-9.35,-16.11,-8.11,-0.08,-1.64,68.34,-29.15,34.68,4
-7.79,-0.53,2.18,1.72,-2.82,-18.23,-6.57,1.13,-0.33,115.94,-17.07,30.89,4
-8.29,-1.24,2.29,-9.68,-9.87,-24.34,-7.11,2.29,-0.62,74.45,-6.64,4.47,4
-8.58,-1.54,2.61,-11.29,-10.07,-26.85,-9.29,2.44,-0.93,-13.72,15.26,-17.31,4
-7.99,-0.86,2.81,-13.01,-10.66,-15.40,-9.28,1.76,0.25,-15.30,37.44,-34.39,4
-8.49,-1.09,2.93,-17.94,-8.79,-10.68,-9.82,1.72,0.63,-9.21,20.65,-21.89,4
-9.08,-0.98,3.33,-24.46,-4.56,-2.08,-10.80,1.50,0.54,17.60,11.67,-2.51,4
-9.20,-0.97,3.19,-19.40,-10.00,11.45,-11.36,2.06,0.64,7.96,6.52,-7.80,4
-8.30,-1.37,2.88,-25.78,4.77,19.47,-9.05,1.69,0.65,-49.98,20.52,-11.01,4
-8.22,-1.63,3.15,-20.27,4.82,18.48,-9.13,1.49,0.54,-55.47,6.19,-11.92,4
-8.23,-1.69,2.91,-23.98,6.09,15.10,-9.30,1.35,0.37,-46.55,-6.37,-8.59,4
-8.06,-1.71,2.79,-20.08,11.08,13.21,-9.20,1.46,0.33,-23.73,-17.37,-1.76,4
-7.93,-1.91,2.73,-20.35,17.07,6.21,-8.63,1.70,-0.21,-19.89,-26.10,3.83,4
-7.75,-2.00,2.37,-20.78,16.19,2.30,-8.66,1.37,-0.10,-26.28,-27.85,3.68,4
-8.43,-2.01,2.32,-22.34,16.86,-4.16,-9.23,-0.17,0.29,-18.76,-22.44,5.39,4
-10.95,0.11,3.01,-19.10,1.38,-10.57,-10.64,-0.70,-0.59,27.85,-17.72,1.02,4
-11.09,2.80,2.47,-29.84,-21.56,11.76,-11.46,0.83,1.30,34.39,-13.32,6.43,4
-10.09,1.65,2.64,-13.20,-6.32,9.71,-11.52,0.40,2.80,-5.64,9.31,10.85,4
-8.28,1.68,2.16,8.04,-16.91,9.96,-9.22,-0.91,4.19,-26.61,16.73,7.24,4
-7.13,2.33,2.07,3.57,-9.98,13.62,-8.08,-0.83,3.30,-31.50,40.57,1.75,4
-8.22,2.70,1.96,-6.27,2.06,22.81,-9.40,-0.48,3.07,-27.70,18.50,-6.13,4
-8.26,1.99,2.12,0.17,-0.85,21.08,-9.47,-0.16,3.12,-26.71,16.27,-4.38,4
-8.66,1.89,2.04,2.37,2.11,13.84,-9.28,-0.41,3.56,-37.69,20.63,-4.66,4
-8.92,2.13,2.36,5.53,-11.37,4.70,-9.36,-0.64,3.51,-39.16,14.91,-5.02,4
-9.26,2.12,2.56,2.26,-7.20,-11.44,-10.38,-0.70,2.47,22.40,-7.73,0.51,4
-8.40,2.24,2.49,6.63,-11.47,-14.08,-9.61,-0.49,2.48,38.29,-16.37,-1.70,4
-7.98,2.15,2.37,7.70,-9.92,-21.34,-8.75,-0.30,2.61,38.69,-14.26,-4.02,4
-7.73,2.51,2.67,8.57,-8.32,-23.72,-9.25,-0.21,2.30,36.15,-6.99,-3.69,4
-7.61,2.66,2.61,12.50,-1.26,-17.01,-9.13,-0.15,2.50,33.96,-9.96,1.94,4
-7.46,2.89,2.43,12.53,2.12,-16.15,-8.54,-0.35,2.91,28.96,-10.48,6.10,4
-7.65,2.97,2.23,9.86,10.02,-16.40,-8.68,-0.65,3.28,9.38,-4.37,4.31,4
-7.99,3.03,3.21,12.33,12.94,-14.37,-8.76,-0.43,2.95,22.15,3.03,-1.12,4
-10.82,0.40,3.61,28.92,11.63,-4.77,-12.43,1.54,0.77,-0.25,8.70,3.29,4
-11.09,-1.27,3.64,42.71,5.43,-1.77,-12.14,0.70,1.25,-4.89,-9.13,1.31,4
-9.81,-1.78,2.89,20.76,-0.02,-8.99,-10.76,2.15,-0.08,-10.31,-1.53,13.77,4
-9.00,-1.10,2.54,18.17,8.59,-13.89,-9.40,1.73,-0.89,2.99,-8.53,15.02,4
-7.77,-1.75,1.89,1.82,4.19,-17.44,-7.39,2.02,-0.20,54.14,-10.08,6.96,4
-8.22,-1.84,2.36,-2.13,4.04,-20.79,-8.04,2.55,-0.47,30.06,-5.70,7.06,4
-8.62,-1.73,2.25,-1.70,0.75,-17.20,-9.25,2.24,-0.52,-7.50,-1.89,-8.03,4
-8.80,-1.16,2.15,-0.15,-4.51,-9.71,-9.15,1.62,-0.23,-2.23,11.53,-17.76,4
-8.73,-0.60,2.11,-14.80,-13.75,-3.89,-9.04,1.76,0.53,7.85,3.78,-1.82,4
-9.21,-1.07,2.23,-18.24,-12.38,-8.69,-9.96,1.51,0.52,4.21,6.59,6.70,4
-9.58,-1.23,2.65,-10.23,-14.11,-3.08,-10.91,1.49,0.32,-3.74,11.24,-4.84,4
-8.96,-1.19,2.74,1.08,-6.87,-0.60,-10.28,1.32,0.18,-9.63,14.83,-15.67,4
-8.12,-1.26,2.81,-18.82,4.63,5.76,-8.95,1.26,-0.49,-2.21,-0.34,-6.43,4
-8.37,-1.62,2.88,-28.67,5.31,7.98,-9.01,1.36,-0.61,-10.56,2.69,-15.34,4
-8.25,-1.99,2.65,-34.08,10.40,11.85,-9.27,1.84,-0.87,-20.43,12.79,-26.08,4
-8.04,-2.11,2.23,-33.25,11.71,14.02,-8.78,2.30,-0.75,-31.00,16.91,-28.84,4
-7.89,-2.44,2.18,-25.74,11.29,7.52,-8.94,2.52,0.73,-38.76,-13.21,-2.49,4
-7.72,-2.52,2.33,-24.50,11.84,3.93,-8.97,1.54,0.67,-54.58,-20.95,8.03,4
-8.99,-1.95,1.69,-17.97,15.84,-2.82,-9.40,-0.57,0.40,-63.44,-14.44,13.43,4
-11.74,1.07,2.77,-34.07,1.01,-6.19,-10.90,-1.29,-0.99,-7.27,-5.30,-5.42,4
-11.01,1.34,2.06,-27.66,-14.81,14.06,-11.19,1.88,1.39,45.67,-14.49,-6.18,4
-9.35,1.20,2.73,4.40,-16.66,8.02,-10.89,-0.02,3.14,-19.63,18.52,19.44,4
-7.28,1.83,1.78,14.64,-3.97,8.58,-8.78,-3.99,5.16,-9.34,-4.40,16.39,4
-6.74,2.39,1.21,7.02,-8.75,12.66,-7.33,-1.33,3.78,3.11,9.40,15.86,4
-8.56,2.28,1.97,-10.47,-0.67,16.47,-9.51,0.33,2.20,-74.27,7.03,8.37,4
-8.86,1.35,1.91,-7.08,-2.57,9.53,-9.06,-1.26,2.48,-96.37,17.24,-6.03,4
-8.95,0.99,1.98,-2.98,-11.05,4.89,-9.26,-1.65,2.20,-54.30,26.22,-12.09,4
-8.93,1.44,2.18,6.76,-20.97,6.50,-10.60,-0.70,1.44,3.06,1.46,-8.66,4
-7.63,2.51,3.18,-13.32,-11.91,1.65,-9.34,0.25,1.76,46.49,-32.16,-11.48,4
-8.11,1.91,2.36,-6.51,-2.15,-4.02,-9.32,0.66,2.38,15.53,-5.18,-18.67,4
-8.11,2.02,2.67,13.19,1.61,-7.62,-9.84,-0.46,2.67,9.25,10.82,-28.56,4
-8.04,2.22,2.34,23.09,3.79,-12.15,-9.30,-0.44,2.81,28.27,-2.56,-16.05,4
-7.68,2.88,2.09,25.53,5.89,-12.60,-8.70,-0.42,2.67,56.63,-34.37,19.86,4
-7.71,3.19,1.74,25.88,7.64,-12.08,-8.44,-0.59,3.03,51.37,-31.20,18.00,4
-7.62,2.94,1.55,17.39,8.73,-11.89,-8.22,-0.45,3.31,21.79,-2.04,7.64,4
-7.81,3.44,2.02,16.50,11.02,-14.16,-8.08,-0.29,2.76,1.48,15.27,-1.15,4
-10.78,1.14,2.49,14.60,27.69,-12.87,-11.91,1.49,1.89,-7.35,-0.89,10.25,4
-11.23,-0.28,2.12,27.00,13.89,-7.67,-13.26,0.98,2.69,-11.70,-16.24,6.79,4
-11.81,-1.61,3.96,29.02,17.69,-9.18,-10.65,1.79,0.61,4.25,-8.08,12.14,4
-9.86,-1.17,2.57,24.03,-8.91,-10.69,-10.64,2.54,-0.91,-18.70,-0.28,14.98,4
-7.80,-1.52,1.53,9.76,-2.42,-15.83,-7.54,1.76,-0.20,48.18,-8.04,5.58,4
-7.93,-1.77,1.28,13.37,-10.44,-19.58,-7.22,2.24,0.07,52.27,-8.21,6.63,4
-8.23,-1.68,1.82,13.37,-13.60,-22.97,-8.41,2.42,-0.33,31.73,-4.63,13.25,4
-8.29,-1.19,1.84,10.83,-20.77,-19.33,-8.88,2.05,-0.31,19.63,-2.22,7.61,4
-9.06,-0.86,2.56,-1.89,-22.42,-12.58,-9.18,1.97,0.26,12.98,16.26,3.21,4
-9.45,-0.88,2.71,-6.09,-22.05,-14.89,-10.05,1.98,0.22,4.82,17.50,-2.13,4
-9.13,-1.19,2.84,0.64,-24.92,-10.14,-10.68,1.98,0.23,6.33,13.27,-11.36,4
-8.21,-1.43,3.08,1.38,-13.90,-7.08,-10.02,2.11,0.25,7.46,18.18,-14.78,4
-7.83,-1.83,3.09,-12.69,0.56,2.21,-8.87,2.62,-0.18,-13.52,7.65,-13.31,4
-8.28,-2.20,2.70,-13.94,4.67,1.51,-8.96,2.66,0.02,-22.61,9.98,-18.66,4
-7.95,-2.19,2.89,-14.37,2.73,3.82,-8.84,2.69,0.06,-27.77,11.70,-21.04,4
-7.46,-2.14,2.77,-17.79,1.74,5.27,-8.53,2.62,-0.11,-25.53,6.62,-13.11,4
-7.90,-2.95,3.14,-20.84,9.50,-0.31,-9.20,2.05,0.09,-22.47,-25.94,2.50,4
-7.77,-2.57,2.87,-23.13,8.21,-4.36,-9.48,1.82,0.54,-20.37,-29.35,6.98,4
-9.89,-1.59,2.52,-24.76,0.64,-6.56,-10.06,1.22,0.39,1.97,-26.50,16.84,4
-11.33,0.87,3.01,-30.06,-16.09,-3.05,-11.95,0.91,-0.55,34.22,-18.94,14.90,4
-9.96,1.41,2.83,-18.10,-19.56,17.29,-11.21,1.67,1.60,23.38,2.69,19.24,4
-9.21,0.73,2.42,-3.60,-12.27,13.88,-10.47,0.91,2.59,-26.69,-0.14,9.50,4
-7.71,1.43,2.17,7.46,-12.61,14.90,-8.06,-0.61,3.58,-57.08,23.53,6.15,4
-7.19,1.82,2.18,2.06,-9.14,19.05,-8.24,-0.70,2.52,-41.16,33.25,-9.66,4
-7.96,1.62,2.49,-3.92,-2.19,25.13,-9.11,0.56,2.70,-22.94,17.85,-16.80,4
-8.42,1.35,2.55,-2.03,-2.68,18.20,-9.35,0.50,3.36,-28.79,12.34,-10.54,4
-9.05,1.37,2.95,2.71,-10.70,9.73,-9.89,-0.02,3.43,-26.52,15.89,-7.86,4
-9.53,1.43,3.59,13.73,-7.71,1.21,-10.98,0.11,3.38,-10.09,7.37,-15.18,4
-7.89,1.74,3.05,14.27,-7.82,-9.48,-9.30,0.63,2.47,41.04,-22.53,-6.66,4
-8.21,1.90,2.16,14.00,-5.12,-9.49,-8.58,0.80,2.67,40.58,-28.82,-9.27,4
-8.21,2.44,2.31,15.95,-8.10,-14.93,-8.76,0.47,2.46,25.21,-11.69,-8.63,4
-7.78,2.76,3.27,10.98,-7.15,-17.42,-9.17,0.43,2.47,33.06,-3.49,-5.97,4
-7.27,2.82,2.76,-0.02,16.48,-8.94,-8.43,0.53,3.31,21.82,-11.28,2.70,4
-7.83,2.88,1.76,-4.63,18.14,-5.34,-8.41,0.57,3.27,19.06,-5.70,12.65,4
-8.99,2.46,0.51,-2.85,3.51,-0.11,-8.29,0.33,3.26,-7.98,-0.50,7.08,4
-8.45,2.43,2.87,-4.31,0.67,3.68,-9.65,0.85,3.01,-20.69,14.95,-0.80,4
-10.37,-0.89,6.61,15.25,-0.44,6.21,-13.07,0.11,2.04,-70.44,6.49,-17.96,4
-9.85,-2.04,4.22,25.16,3.56,0.33,-11.78,1.27,0.91,-37.79,-13.43,-2.62,4
-9.38,-0.31,3.27,35.42,3.93,-10.93,-10.20,1.57,-1.43,-2.32,-25.44,27.65,4
-8.03,-0.07,2.51,24.02,4.27,-12.80,-8.91,0.59,-1.01,57.10,-45.50,34.21,4
-7.93,-1.41,2.67,-1.31,-0.23,-23.73,-7.13,2.34,-0.57,77.08,-10.96,4.58,4
-8.82,-1.19,2.41,-5.24,-4.38,-23.56,-8.81,2.97,-1.30,11.08,-2.21,-15.96,4
-8.85,-0.74,2.59,-12.55,-12.86,-15.60,-9.12,2.41,-0.76,-17.68,14.21,-26.38,4
-8.72,-0.23,2.25,-20.05,-17.05,-6.40,-9.59,2.53,0.31,-5.97,24.00,-16.34,4
-9.33,-0.90,2.67,-6.95,-16.40,-0.22,-10.60,2.67,1.35,-9.25,19.04,-1.66,4
-8.45,-1.08,3.09,1.67,-5.71,-7.18,-10.38,2.44,1.81,-23.92,14.64,-2.85,4
-8.03,-0.71,2.89,-2.73,2.96,-9.36,-9.04,1.90,1.24,-26.74,21.27,9.83,4
-8.27,-1.22,2.87,-19.43,7.25,-3.71,-9.06,1.99,0.37,2.05,12.68,22.12,4
-8.20,-2.00,2.85,-29.44,6.23,14.32,-9.04,2.52,-0.31,-24.98,6.99,-15.30,4
-8.20,-1.99,2.74,-30.05,7.80,15.61,-8.56,2.40,-0.17,-45.61,17.42,-22.02,4
-7.78,-2.10,2.75,-34.82,8.85,14.27,-8.55,2.28,0.07,-54.47,15.28,-22.84,4
-7.68,-2.40,2.82,-33.00,13.79,8.63,-8.54,2.16,0.12,-51.53,3.97,-14.97,4
-9.29,-2.05,2.33,-17.67,13.40,-9.56,-9.84,1.32,1.43,-12.02,-25.83,14.12,4
-11.56,-0.34,2.33,-15.20,-4.89,-15.79,-11.34,0.67,0.57,24.10,-23.47,20.37,4
-9.88,2.41,3.12,-10.81,-24.03,-9.03,-10.24,0.42,0.74,99.47,-34.40,31.12,4
-11.64,2.80,3.46,-15.93,-14.96,-9.69,-10.56,1.64,0.91,108.47,-22.86,39.26,4
-8.23,1.55,1.67,-4.67,-7.99,10.89,-8.53,0.80,3.33,-25.59,-0.83,12.97,4
-7.84,1.81,1.40,-9.44,-2.12,15.73,-8.27,0.51,3.03,-60.62,49.31,-0.20,4
-7.52,1.83,1.79,-16.47,-4.66,24.31,-8.04,0.26,2.92,-67.51,58.27,-32.81,4
-8.00,1.33,1.78,-20.32,-3.73,27.55,-8.65,0.85,2.69,-67.10,55.45,-32.53,4
-8.68,0.92,2.56,7.15,-19.83,24.19,-9.86,-0.13,3.15,-66.24,7.36,-16.40,4
-9.14,1.48,2.68,10.31,-14.82,18.20,-10.04,-0.43,3.14,-14.53,4.64,-17.52,4
-9.73,1.93,3.05,7.50,-17.53,14.34,-10.12,0.72,2.59,17.94,-2.35,-21.14,4
-8.25,2.40,2.96,-3.37,-22.22,12.54,-9.44,0.84,2.24,11.98,-7.65,-24.61,4
-7.90,2.41,3.35,4.02,-13.74,7.40,-9.73,0.21,2.76,-15.63,8.73,-24.62,4
-7.75,2.97,3.54,8.38,-5.28,-1.00,-9.81,-0.93,2.64,7.12,-0.69,-19.24,4
-7.65,3.21,3.12,10.64,-3.11,-5.05,-9.53,-0.76,2.86,41.12,-16.66,-7.74,4
-7.59,3.45,2.88,12.73,0.97,-5.09,-9.27,-0.92,3.06,42.33,-30.66,-7.15,4
-6.92,4.12,2.57,8.79,2.41,-4.85,-8.20,-0.85,3.00,19.34,-9.68,-9.24,4
-7.02,4.34,2.89,7.06,3.20,-5.68,-8.18,-0.80,2.79,2.39,7.55,-10.53,4
-7.67,4.81,3.18,9.45,2.13,-6.92,-8.91,-0.19,2.47,-1.76,13.45,-4.86,4
-7.84,4.27,3.37,4.02,6.53,-3.53,-9.80,0.46,2.37,-1.33,10.02,9.09,4
-12.49,-1.17,4.71,15.76,7.92,-6.97,-12.07,1.39,1.99,-69.63,3.16,7.31,4
-9.67,-2.10,4.42,6.08,-6.55,-22.71,-11.83,1.91,1.71,-80.97,-3.74,14.44,4
-9.46,-0.20,3.35,9.18,9.34,-19.65,-11.08,1.43,-1.06,-62.57,3.89,21.30,4
-8.22,0.32,2.42,-6.52,0.18,-3.81,-9.40,0.39,-0.69,23.30,-32.27,18.66,4
-7.94,-1.01,2.32,-14.22,0.13,-22.24,-7.28,2.67,-0.55,77.46,-24.93,16.69,4
-8.43,-0.75,2.80,-11.16,-12.69,-19.73,-8.66,2.63,-0.86,10.94,-12.40,-3.76,4
-7.96,0.08,2.92,-8.93,-12.82,-11.96,-9.18,1.76,-0.45,-14.26,8.96,-25.85,4
-8.72,-0.11,3.24,-13.52,-5.34,-11.97,-9.70,2.15,-0.24,-0.12,39.12,-15.35,4
-8.72,-0.06,3.56,8.27,-5.14,-7.59,-10.68,1.89,0.71,15.48,7.71,18.89,4
-7.98,-0.13,2.84,5.64,0.87,-9.34,-9.10,1.93,1.28,4.71,3.24,21.97,4
-7.95,-0.63,2.84,-11.33,4.23,-9.47,-8.57,1.63,1.09,-10.30,24.16,26.84,4
-8.33,-1.16,3.45,-15.25,6.60,-1.15,-9.29,2.08,0.96,-40.11,28.06,-2.65,4
-8.19,-1.28,3.15,-10.30,15.70,6.02,-9.49,2.26,1.11,-35.59,4.64,-28.25,4
-8.06,-1.36,2.93,-10.18,16.08,5.66,-9.15,2.03,1.51,-13.27,-12.29,-7.90,4
-7.84,-1.54,2.82,-10.86,19.10,1.97,-8.58,2.29,0.89,3.08,-24.05,3.76,4
-7.91,-1.89,2.63,-10.20,20.76,-2.91,-8.61,2.47,0.72,-7.76,-27.49,5.47,4
-10.62,-0.19,2.00,-23.61,6.56,-16.40,-10.28,0.95,0.56,34.48,-22.68,11.87,4
-10.89,1.77,3.12,-42.36,-9.64,-13.17,-11.25,1.09,0.16,71.34,-27.04,14.97,4
-10.56,2.41,3.13,-35.15,-3.23,4.09,-10.73,1.43,1.08,77.27,-33.92,4.24,4
-9.77,1.49,2.06,-9.89,-21.24,11.34,-11.39,1.86,1.73,46.45,-7.07,4.50,4
-7.13,2.04,2.03,13.56,-15.44,15.09,-8.33,-0.50,3.29,-67.55,29.24,7.69,4
-7.05,2.53,1.81,10.52,-11.30,18.05,-8.07,-1.04,2.83,-52.17,27.09,-3.43,4
-7.28,2.85,1.93,3.16,-6.35,23.39,-8.49,-0.82,3.05,-18.25,23.66,-9.18,4
-7.96,2.85,2.12,-1.18,-7.47,23.54,-9.20,-0.21,3.10,-20.09,14.14,-20.12,4
-9.26,2.25,2.75,4.29,-15.27,8.30,-10.06,-0.34,3.66,-26.69,19.60,-36.33,4
-8.68,2.38,2.83,7.00,-17.61,1.96,-10.12,-0.25,3.44,-7.03,20.14,-38.92,4
-8.11,2.38,3.07,8.76,-16.98,-2.92,-9.80,0.18,3.00,12.41,0.82,-32.88,4
-8.09,2.39,2.86,14.78,-12.44,-8.42,-9.56,-0.09,2.83,34.60,-9.40,-18.85,4
-7.62,3.36,3.04,13.24,-5.23,-15.09,-9.22,-0.03,3.03,54.40,-18.24,0.63,4
-7.61,3.28,2.89,9.05,0.45,-15.62,-9.02,-0.04,3.35,40.59,-18.56,-2.91,4
-7.69,3.24,2.61,6.35,4.55,-15.33,-9.01,-0.15,3.77,31.82,-12.88,-3.42,4
-7.31,3.37,2.28,8.07,7.19,-13.10,-8.91,-0.13,3.76,29.50,-12.11,-2.60,4
-7.70,3.80,1.83,0.14,12.90,-13.31,-7.73,-0.13,3.56,14.02,-6.96,4.49,4
-8.12,3.38,2.22,-1.66,9.51,-12.58,-8.35,-0.05,2.84,10.99,6.10,1.89,4
-9.16,3.24,3.13,12.98,9.90,-9.31,-9.73,0.70,1.54,3.17,23.03,2.04,4
-13.35,1.79,3.97,18.39,15.41,-7.92,-12.57,1.33,0.23,-3.76,38.04,6.76,4
-8.31,-0.16,2.99,30.74,-7.40,-12.48,-9.39,0.85,0.47,-55.67,8.74,29.04,4
-8.83,-0.14,2.80,15.95,4.12,-15.02,-10.22,0.03,-0.50,5.85,20.61,36.64,4
-7.53,-0.58,2.18,7.03,-1.06,-17.71,-7.09,0.99,0.36,47.34,1.06,9.27,4
-7.49,-1.06,2.36,0.34,-1.66,-26.25,-6.96,2.05,0.35,18.74,15.11,9.51,4
-8.87,-0.97,2.88,2.39,-10.40,-22.04,-9.56,1.87,-0.39,8.58,14.19,-19.09,4
-9.00,-0.53,2.52,-1.79,-13.37,-17.24,-9.68,2.26,-0.22,20.46,17.66,-7.32,4
-8.94,-0.51,2.68,-3.02,-12.38,-15.03,-9.37,2.54,-0.35,6.81,9.63,-2.66,4
-8.70,-0.93,3.10,0.76,-9.41,-16.59,-9.50,2.03,0.24,1.37,8.95,8.79,4
-8.12,-1.06,3.49,-4.62,-3.57,-4.11,-9.79,1.66,0.12,-0.43,8.97,8.99,4
-8.06,-0.98,3.55,-12.82,1.79,3.18,-9.47,1.85,0.25,6.02,-0.31,4.21,4
-8.15,-1.20,3.27,-19.33,6.93,10.11,-9.27,2.41,0.20,-15.40,-3.85,-3.56,4
-8.23,-1.35,3.12,-22.95,8.51,15.11,-9.36,2.26,0.31,-40.09,-3.04,-11.90,4
-8.28,-1.58,2.90,-22.60,13.88,14.24,-8.90,2.35,0.19,-33.75,-10.02,-9.14,4
-8.23,-1.67,2.67,-23.79,16.34,11.12,-8.73,2.32,0.05,-20.66,-24.16,-1.60,4
-7.98,-1.89,2.54,-23.98,16.71,6.34,-8.20,2.44,0.03,-11.86,-32.69,3.23,4
-7.93,-2.05,2.36,-23.96,15.36,1.41,-8.36,2.38,0.04,-21.42,-29.24,2.97,4
-10.98,-0.98,1.85,-19.08,2.34,-20.01,-9.94,0.92,0.43,19.14,-19.95,18.41,4
-12.16,1.92,2.62,-41.41,-20.01,-10.24,-11.39,0.66,-0.72,66.69,-14.32,22.91,4
-10.65,2.54,3.26,-35.35,-21.69,10.26,-10.40,0.89,0.71,115.06,-32.15,14.76,4
-11.42,2.18,2.87,-25.84,-26.98,17.18,-11.12,2.76,1.71,62.51,-2.18,6.85,4
-7.59,1.89,1.84,12.33,-19.66,24.05,-8.04,-0.75,4.92,-125.52,41.27,1.24,4
-6.75,1.98,1.67,12.58,-18.91,27.32,-8.24,-1.49,4.34,-104.64,81.79,-7.54,4
-7.01,2.68,2.34,1.10,-17.64,32.95,-8.34,-1.62,3.97,-73.66,36.32,-33.00,4
-8.07,2.54,2.65,-9.03,-11.37,33.31,-9.17,-1.04,3.45,-39.76,33.47,-41.37,4
-8.82,2.15,3.44,-5.25,-26.86,14.92,-9.63,0.22,3.31,-9.76,2.11,-42.50,4
-8.21,2.31,4.28,-1.47,-25.98,0.51,-9.61,0.18,2.79,-10.46,10.75,-41.82,4
-7.13,2.46,4.24,8.25,-18.92,-9.76,-9.47,-0.10,1.88,10.78,14.50,-26.96,4
-7.24,2.57,4.03,5.90,-3.68,-9.09,-9.27,-0.09,1.52,49.20,-8.94,-7.18,4
-7.49,2.98,3.79,9.88,-3.69,-13.50,-9.39,-0.46,2.51,62.72,-16.40,15.94,4
-7.66,2.89,3.76,12.02,7.79,-10.15,-10.07,-0.08,3.27,49.20,-20.14,3.98,4
-7.43,2.97,3.46,17.15,11.89,-7.24,-9.31,-0.18,3.99,5.36,-3.24,-9.21,4
-7.02,3.31,3.01,21.52,11.92,-7.81,-9.17,-0.79,3.86,-8.94,8.90,0.36,4
-7.16,3.92,2.28,16.73,9.94,-7.55,-7.93,-1.34,3.71,32.51,-14.95,15.73,4
-7.12,4.22,2.43,10.23,7.42,-11.31,-7.71,-0.97,3.55,35.03,-24.87,12.62,4
-7.14,4.36,2.24,10.41,13.51,-15.88,-8.36,-0.52,3.12,24.83,-3.85,9.53,4
-7.81,4.11,2.70,11.95,18.91,-14.44,-9.15,0.26,2.86,10.67,11.14,6.47,4
-10.73,-3.59,4.23,30.72,-38.21,-14.46,-19.28,1.61,2.83,-80.47,16.44,-12.71,4
-9.93,-0.62,1.78,30.43,16.69,-27.08,-10.28,1.99,1.44,-14.79,-59.28,-13.22,4
-8.91,0.84,1.39,23.40,22.31,-20.45,-9.61,0.65,-0.85,12.52,42.67,51.37,4
-8.18,0.17,1.72,3.35,-2.96,-13.34,-7.31,1.25,0.32,83.27,-44.26,32.66,4
-8.20,-1.49,3.08,2.76,-15.82,-39.35,-8.28,2.37,0.07,-26.37,-14.73,-2.76,4
-8.71,-1.43,3.13,2.73,-17.29,-37.15,-10.29,1.83,-0.27,-48.92,23.39,-9.08,4
-8.44,-0.92,3.07,-1.59,-10.96,-23.63,-10.00,1.38,-0.73,14.18,5.37,-21.52,4
-8.96,-0.24,2.63,-10.82,-14.00,-12.89,-9.48,2.21,-0.56,64.28,23.39,6.95,4
-9.41,-0.90,2.91,-8.08,-3.50,-9.51,-10.29,2.86,0.67,0.33,11.44,5.89,4
-8.43,-1.18,2.97,0.35,-1.06,-12.30,-10.48,2.59,1.04,-34.42,17.86,-7.98,4
-7.85,-1.26,2.81,-3.98,3.03,-11.43,-8.82,1.70,1.14,-52.10,44.64,-3.89,4
-7.91,-1.88,2.88,-14.98,5.44,-4.47,-9.07,1.88,0.57,-18.30,24.98,6.61,4
-8.10,-1.77,3.17,-18.42,13.40,8.24,-9.16,2.43,0.31,-12.09,-16.74,-10.60,4
-8.14,-1.74,2.69,-27.83,14.59,10.99,-8.59,2.64,0.43,-19.66,-3.46,-11.10,4
-8.04,-2.17,2.28,-37.75,12.06,15.56,-8.68,2.85,0.13,-38.47,6.40,-10.89,4
-8.09,-2.89,2.28,-43.47,11.64,19.35,-8.63,2.78,0.24,-56.72,-1.64,-16.51,4
-8.20,-2.08,2.44,-38.77,-0.31,-0.75,-8.54,0.97,1.22,-32.93,-21.53,-17.59,4
-10.35,-0.53,3.32,-31.24,4.78,-19.92,-9.95,1.10,1.12,-14.48,-27.07,-17.98,4
-11.94,3.05,2.56,-22.56,-14.80,-12.38,-13.55,0.17,-0.79,55.56,-14.92,-0.35,4
-10.07,3.35,2.27,-16.55,-21.51,5.47,-9.16,0.39,-0.19,181.08,-34.44,31.73,4
-8.50,1.75,2.78,25.95,-13.50,1.37,-10.77,0.59,2.56,-43.55,-23.25,25.46,4
-7.90,2.15,1.95,18.26,-5.14,5.14,-7.65,-0.75,4.05,-32.71,2.58,16.55,4
-7.41,1.74,1.33,2.27,-9.08,8.27,-7.73,0.39,3.71,-30.25,78.86,0.17,4
-7.50,1.78,2.30,-3.55,-8.28,11.68,-8.34,0.60,2.98,-61.35,59.08,-30.08,4
-8.64,1.19,2.15,-7.38,-5.53,10.30,-9.33,0.85,3.23,-35.59,11.43,-14.55,4
-8.61,0.81,2.48,-5.73,-9.31,7.98,-9.88,0.51,3.57,-11.04,7.56,1.63,4
-8.73,1.00,2.73,6.20,-11.44,2.76,-10.37,0.76,3.48,4.20,3.48,-12.82,4
-9.72,1.30,2.80,9.52,-3.92,-7.56,-10.94,1.06,3.08,10.22,6.63,-11.48,4
-8.48,1.72,2.03,13.08,7.91,-14.29,-9.06,0.97,2.94,45.72,-20.85,-2.33,4
-8.22,2.01,2.10,15.05,8.30,-15.98,-8.91,1.28,3.36,42.39,-28.95,-0.50,4
-8.17,2.05,1.82,14.66,6.86,-16.41,-8.98,0.72,3.53,28.89,-21.47,-0.83,4
-7.66,2.32,1.57,13.83,6.54,-14.32,-8.74,0.81,3.24,36.44,-21.44,-1.02,4
-6.46,1.46,-1.26,23.15,28.31,-18.76,-8.20,1.43,2.31,25.37,-10.06,4.11,4
-8.15,1.85,1.28,19.31,30.34,-8.20,-9.13,1.85,1.52,16.10,1.66,-2.43,4
-11.53,0.04,1.90,12.73,28.31,5.25,-11.46,2.27,0.19,-0.78,26.25,-7.11,4
-12.63,-0.99,3.07,27.04,9.66,10.84,-13.26,1.85,0.16,-58.15,3.68,-29.04,4
-9.24,-0.65,2.69,-13.12,-5.52,-6.24,-9.09,2.20,-1.25,-38.67,-1.28,-8.87,4
-7.39,-0.94,1.58,-6.98,-10.00,-1.32,-8.87,1.60,-1.25,-36.08,21.07,-8.99,4
-7.00,-1.39,1.96,-17.93,2.69,-1.79,-7.27,1.78,0.07,-18.37,5.48,-10.95,4
-7.93,-2.26,1.86,-9.78,-2.69,-6.73,-8.26,1.10,0.58,-43.27,26.55,-10.81,4
-8.46,-1.20,1.60,-1.34,-9.17,0.32,-9.64,1.61,-0.30,-4.06,0.23,-4.21,4
-8.69,-0.88,1.58,-1.58,-10.51,6.72,-9.06,1.68,0.30,4.66,-16.63,2.55,4
-8.78,-0.14,1.57,-7.20,-7.21,5.26,-9.14,1.58,0.61,-4.24,-4.29,9.50,4
-9.57,-0.14,1.31,-10.53,-5.38,-0.17,-9.12,1.36,0.64,-12.81,1.42,-0.23,4
-8.82,-0.73,2.22,-9.84,-6.54,-4.41,-9.84,1.78,0.04,-18.38,8.71,-0.53,4
-8.75,-1.33,2.01,-11.25,-3.42,-5.04,-9.35,1.58,0.10,-9.53,8.81,9.42,4
-8.38,-1.33,2.25,-14.67,-3.14,-1.65,-9.37,1.73,-0.23,12.31,-2.31,9.83,4
-8.33,-1.42,2.39,-21.15,-1.90,2.72,-8.84,2.27,-0.28,4.04,-2.69,4.96,4
-8.30,-1.85,2.38,-30.58,7.38,8.32,-8.95,2.22,0.17,-39.29,6.32,-11.56,4
-8.14,-2.20,2.08,-34.47,7.37,6.13,-8.72,1.95,0.66,-51.38,0.13,-14.69,4
-7.72,-2.62,2.04,-32.37,11.46,4.73,-8.69,1.73,0.81,-61.87,-9.28,-12.16,4
-8.10,-2.85,1.93,-21.95,11.27,1.78,-8.86,1.01,0.14,-43.18,-20.40,-15.44,4
-11.97,-0.46,2.25,-34.89,-21.54,-10.46,-12.06,1.16,-1.41,-108.21,-19.63,-10.36,4
-11.11,2.62,4.07,-26.39,-35.77,-1.66,-11.35,-0.36,-1.76,-42.27,-0.07,-23.41,4
-10.67,3.07,3.08,-27.27,-19.59,4.34,-10.95,0.19,1.56,-35.18,8.42,-17.95,4
-9.94,1.50,2.97,-11.34,-5.65,6.82,-12.06,-1.40,1.45,-25.86,37.23,2.42,4
-7.67,2.27,1.23,5.05,6.40,21.08,-8.10,-0.70,2.27,120.55,4.67,43.50,4
-7.66,2.28,1.35,-1.98,6.60,22.16,-8.04,0.47,2.89,112.75,-26.97,32.63,4
-6.76,1.19,0.07,12.95,0.85,20.02,-8.65,0.14,4.38,35.78,-20.08,19.26,4
-8.10,1.56,1.52,-4.04,-0.47,23.37,-9.73,0.60,4.70,-20.41,8.59,1.41,4
-8.45,2.46,1.82,-3.06,-10.98,22.51,-9.14,-0.55,2.29,-96.41,22.35,-16.85,4
-8.76,2.83,2.28,-5.45,-12.62,20.51,-9.88,-0.93,2.19,-60.76,3.47,-13.69,4
-9.46,2.41,2.28,-0.75,-9.89,13.13,-10.82,-0.97,2.31,-12.96,-11.65,-11.15,4
-9.15,2.44,2.54,2.20,-8.91,-3.92,-9.77,-0.67,2.46,35.74,-28.32,-4.08,4
-7.87,2.76,1.54,16.80,-1.36,-24.59,-8.72,-0.08,2.86,50.27,-14.59,-4.37,4
-7.90,2.97,1.69,21.40,-1.89,-27.05,-8.91,-0.05,2.84,52.20,-14.58,-0.77,4
-8.08,2.97,1.54,19.20,0.05,-26.76,-8.75,-0.34,2.57,57.79,-18.09,5.34,4
-7.65,3.10,1.50,15.69,-1.30,-21.77,-8.27,-0.10,2.90,57.47,-19.82,6.40,4
-8.22,3.17,1.63,7.99,4.16,-18.58,-8.68,0.54,2.89,28.98,6.50,-8.89,4
-8.42,3.01,1.96,8.51,7.02,-15.92,-9.10,1.09,2.41,12.69,18.89,-8.37,4
-10.46,1.57,2.20,6.57,10.96,-9.89,-11.09,1.74,0.77,-0.31,35.53,3.22,4
-13.68,0.34,3.44,20.07,13.59,-5.22,-12.76,3.30,0.87,-43.21,9.12,1.53,4
-8.56,-0.82,1.82,19.24,-5.82,-8.53,-8.56,0.36,0.28,-6.29,14.52,20.34,4
-9.07,-0.64,1.83,9.09,-5.47,-9.53,-9.15,1.49,-0.73,27.91,11.13,14.97,4
-7.64,-0.79,1.83,-4.00,-7.36,-8.60,-7.19,1.96,-0.74,32.79,-4.41,-2.30,4
-7.85,-1.12,1.87,-3.82,-8.89,-14.75,-7.69,1.75,-0.09,6.95,6.92,-5.18,4
-8.95,-0.89,2.39,-11.23,-8.63,-12.92,-9.33,2.00,-0.30,16.18,21.18,-22.82,4
-8.62,-0.42,2.18,-13.68,-11.61,-10.90,-9.22,2.25,-0.02,19.44,16.01,-15.70,4
-8.82,-0.20,2.18,-16.49,-11.54,-12.31,-9.09,2.08,0.17,11.67,8.27,-6.95,4
-9.11,-0.60,2.58,-15.05,-10.62,-15.55,-9.28,1.98,0.61,4.35,13.91,0.98,4
-8.85,-1.64,3.11,-8.70,-5.66,-12.25,-10.27,1.77,0.14,-18.51,13.11,0.17,4
-8.14,-1.52,2.99,-9.34,-2.12,-6.24,-10.10,1.65,-0.27,-10.54,7.89,6.63,4
-8.13,-1.50,2.91,-16.34,4.19,-1.07,-9.15,1.66,-0.48,8.24,-5.66,15.28,4
-8.25,-1.76,2.89,-22.58,5.02,3.88,-8.97,1.99,-0.72,9.05,-4.85,8.98,4
-8.38,-2.34,2.32,-24.19,13.05,5.55,-8.83,2.06,-0.57,-40.13,10.17,-6.34,4
-8.21,-2.56,2.20,-26.06,10.79,5.84,-8.73,2.26,-0.76,-34.36,0.82,-5.40,4
-8.09,-2.61,2.26,-26.31,10.76,6.47,-8.52,2.22,-0.43,-22.80,-13.21,0.22,4
-8.11,-2.71,2.20,-26.53,12.32,7.05,-8.87,2.37,-0.66,-19.05,-20.52,1.41,4
-9.00,-2.48,2.00,-22.31,14.63,5.03,-8.71,2.07,-1.49,21.68,-10.31,-1.75,4
-11.29,-1.17,1.15,-25.81,12.76,-7.80,-10.37,1.41,-0.63,24.27,-12.87,17.60,4
-10.72,0.73,2.27,-26.41,-12.42,2.53,-11.75,0.43,0.51,24.41,-11.00,10.15,4
-11.41,2.25,2.80,-30.34,-4.05,1.47,-10.23,0.00,2.54,19.95,-26.78,-14.21,4
-8.21,1.54,2.14,-11.15,-14.67,19.25,-9.19,-0.51,3.52,-51.33,2.44,-20.16,4
-7.25,2.13,1.74,-6.57,-3.02,18.73,-7.97,-0.80,2.83,-46.08,30.65,-1.46,4
-6.84,2.40,1.10,-9.53,5.11,18.63,-7.24,-0.71,2.32,-26.31,1.92,-13.73,4
-8.33,2.46,1.43,-12.75,-0.45,17.45,-7.52,-0.24,2.45,-13.52,14.89,-4.73,4
-9.05,0.96,1.94,7.49,-7.87,4.58,-9.87,-0.23,1.91,-36.39,26.35,-6.38,4
-8.62,0.78,1.68,20.89,-5.42,-0.57,-9.13,0.13,1.94,-19.08,16.67,-0.95,4
-8.69,1.25,1.60,24.77,-8.88,0.64,-9.45,-0.28,1.71,1.94,6.73,14.82,4
-8.57,1.94,1.41,20.01,-13.72,4.62,-9.89,-0.42,1.89,34.60,-10.66,16.32,4
-8.60,2.33,2.54,-2.01,-11.61,-5.89,-9.49,0.29,2.76,3.55,-0.92,-16.56,4
-8.45,1.67,2.19,6.65,-5.36,-15.05,-9.43,0.06,2.70,-20.85,13.85,-28.63,4
-8.59,2.18,2.17,17.30,-2.07,-24.30,-9.61,-0.73,2.78,-6.34,9.11,-26.10,4
-8.04,2.29,2.11,23.19,-5.65,-26.34,-9.26,-1.36,2.97,64.32,-15.01,-1.53,4
-7.74,2.46,1.99,16.57,2.05,-22.23,-8.70,0.11,1.97,65.82,-34.08,11.08,4
-7.68,2.63,1.89,12.12,7.00,-17.03,-8.57,0.19,2.13,39.06,-20.79,4.21,4
-8.36,2.24,1.75,8.07,12.11,-11.50,-8.60,0.79,1.67,3.64,13.83,-2.58,4
-10.38,1.06,2.48,7.57,17.19,-5.74,-9.61,1.57,0.51,-22.01,33.31,-2.40,4
