-9.36,1.70,2.39,-124.38,2.81,45.37,-9.75,0.78,3.28,-100.11,-29.25,32.27,5
-9.10,1.80,2.09,-108.18,24.21,33.56,-10.25,0.68,2.85,-111.06,-32.81,42.74,5
-9.64,2.01,1.56,-103.68,8.53,36.06,-10.46,0.24,2.65,-97.66,-29.04,40.07,5
-9.03,2.12,1.59,-98.41,14.87,33.68,-9.86,0.52,2.55,-90.02,-18.39,42.73,5
-8.59,1.97,1.59,-99.37,15.05,29.31,-8.85,0.44,2.63,-97.86,-6.23,58.22,5
-8.84,1.63,2.03,-98.27,13.60,26.37,-9.03,0.40,2.73,-105.57,-1.69,58.11,5
-9.56,0.54,2.16,-87.31,18.83,19.24,-9.66,0.44,3.05,-110.66,-6.37,50.76,5
-8.59,-0.27,2.58,-77.62,12.11,11.89,-9.60,0.43,3.50,-94.24,-13.39,50.07,5
-8.49,0.21,2.85,-52.33,6.89,6.43,-9.43,1.69,3.01,-76.67,-14.07,44.65,5
-8.20,1.26,2.57,-66.30,12.67,14.96,-8.59,2.08,3.24,-65.62,-2.04,43.67,5
-8.19,1.50,2.01,-105.92,30.50,21.37,-7.77,2.66,3.57,-81.15,27.15,41.47,5
-8.11,1.41,1.12,-138.91,34.18,27.82,-7.64,2.54,4.05,-106.53,42.57,36.69,5
-8.90,1.60,0.32,-170.66,3.93,58.23,-9.16,1.88,5.11,-149.07,29.76,25.67,5
-11.31,0.72,-0.34,-168.97,6.18,50.89,-8.99,1.95,4.29,-141.98,40.06,36.53,5
-9.15,0.57,0.67,-153.34,-6.54,49.00,-10.24,1.41,4.25,-150.47,24.93,46.79,5
-9.85,1.05,0.48,-150.08,10.22,48.76,-10.03,1.38,4.40,-153.09,11.60,39.04,5
-8.53,2.04,0.67,-158.75,2.76,52.08,-8.31,1.03,3.08,-156.67,18.98,50.60,5
-8.27,2.45,1.75,-177.43,9.75,43.45,-8.28,1.05,2.38,-156.00,17.54,56.80,5
-10.61,-0.24,1.11,-174.87,17.88,39.22,-10.21,1.31,2.23,-169.34,34.56,49.56,5
-9.25,-0.99,3.23,-178.88,8.11,41.81,-9.85,2.11,2.32,-166.81,20.56,31.01,5
-7.85,-0.25,2.04,-154.76,14.08,53.24,-9.93,2.91,1.86,-152.67,6.88,17.05,5
-8.58,-0.69,0.68,-162.87,21.06,56.43,-8.50,3.11,1.96,-140.33,13.37,23.88,5
-7.93,-0.91,1.28,-176.83,21.18,57.78,-8.79,2.91,2.00,-152.89,19.16,29.21,5
-8.92,-1.14,1.60,-180.72,32.69,53.13,-8.76,2.81,2.19,-185.21,20.61,24.78,5
-9.94,0.43,0.56,-190.27,40.49,67.69,-8.15,2.69,2.52,-178.98,-2.45,24.22,5
-10.21,-0.00,2.47,-170.05,-2.79,61.20,-10.36,2.26,2.79,-169.50,-15.60,37.50,5
-9.02,1.37,2.16,-150.73,14.08,59.67,-11.09,2.54,2.37,-161.41,-17.89,48.24,5
-9.26,1.30,1.94,-154.15,13.48,54.76,-10.40,3.27,3.20,-145.69,-36.40,56.78,5
-7.83,2.17,1.16,-159.89,23.68,46.76,-9.34,4.33,2.05,-136.08,-11.50,102.56,5
-9.79,1.03,0.59,-163.53,28.13,43.24,-10.39,4.71,1.71,-111.13,-3.65,121.73,5
-8.44,-3.29,0.68,-164.25,-1.96,41.56,-13.29,7.47,2.40,-71.60,-7.77,150.23,5
-10.22,-2.42,1.48,-138.84,14.92,24.44,-11.66,8.01,1.47,-56.58,-18.40,184.20,5
-7.67,-0.63,1.74,-82.11,21.85,29.16,-9.75,10.10,-1.22,25.97,-26.56,250.13,5
-8.20,-0.60,1.21,-76.59,27.02,23.47,-8.12,9.43,-0.24,24.13,-33.43,250.13,5
-8.55,-0.70,1.19,-72.78,20.07,20.92,-4.97,7.69,-1.88,20.21,-23.05,250.13,5
-9.50,-1.59,2.25,-62.06,21.79,9.11,-2.68,6.39,-1.90,5.61,19.77,250.13,5
-9.54,1.10,1.12,-48.40,14.40,18.63,-1.74,5.05,-0.93,2.68,186.21,139.55,5
-9.74,1.29,1.41,-38.74,-25.10,22.88,-3.18,4.36,4.33,-20.98,250.13,102.31,5
-9.40,1.47,0.76,-47.33,12.28,9.88,-1.46,-4.65,-9.17,-16.94,250.13,75.02,5
-8.75,2.44,0.29,-62.87,-1.80,13.69,-0.86,4.94,15.98,33.80,81.90,-4.92,5
-9.85,2.42,2.43,-59.23,25.64,22.70,-0.04,0.67,2.80,-23.40,63.35,-110.65,5
-10.27,0.53,1.54,-69.65,12.41,27.06,-1.95,1.96,6.34,-2.28,171.34,-184.39,5
-8.73,0.49,2.37,-73.96,6.73,14.03,-4.63,5.99,6.73,7.00,228.21,-250.14,5
-10.65,-0.84,2.00,-80.44,-3.44,19.62,-7.53,12.99,4.31,112.13,237.69,-250.14,5
-9.37,-0.03,2.61,-92.26,3.58,30.69,-14.45,11.17,6.61,-144.78,31.37,-125.06,5
-8.17,0.55,1.85,-112.31,4.23,25.33,-12.32,5.11,7.46,-241.73,-11.38,-98.38,5
-8.49,-0.68,1.85,-121.15,29.96,25.06,-8.86,3.55,6.56,-147.98,59.70,-47.21,5
-8.20,0.22,1.62,-130.29,24.42,24.61,-8.87,1.63,7.14,-69.15,57.18,-28.33,5
-11.00,0.76,0.11,-133.43,8.15,37.89,-10.29,3.63,4.42,-2.13,2.15,16.11,5
-8.95,1.03,2.13,-154.36,-7.82,47.26,-10.35,2.98,3.87,-106.93,9.36,20.79,5
-10.89,0.83,0.97,-157.61,-3.14,46.79,-10.00,1.02,4.10,-43.52,14.49,22.37,5
-9.07,0.61,1.72,-144.63,5.38,47.53,-11.29,3.21,2.74,-159.98,-22.76,52.95,5
-8.08,1.30,0.37,-140.24,13.02,44.05,-8.52,0.69,2.08,-207.08,17.02,40.53,5
-9.09,1.58,0.79,-138.73,16.66,40.98,-8.42,0.56,2.25,-136.56,-1.93,49.20,5
-9.34,1.59,1.05,-143.31,3.26,37.76,-8.64,1.27,1.87,-104.08,-7.02,46.48,5
-8.85,1.26,0.91,-151.95,10.02,39.02,-9.38,1.71,1.71,-148.22,21.45,29.58,5
-10.01,-1.94,2.12,-147.47,12.58,37.11,-9.67,1.77,2.44,-149.16,1.49,39.00,5
-9.12,-1.17,2.29,-125.95,0.02,40.63,-10.70,1.68,2.51,-172.43,2.67,24.15,5
-8.50,-0.26,1.64,-126.43,19.33,46.39,-10.09,1.48,2.54,-162.20,-0.47,14.64,5
-8.30,-0.11,1.02,-133.14,25.13,43.96,-8.31,1.16,2.50,-119.70,-3.69,25.29,5
-9.43,0.18,2.17,-138.98,17.05,39.31,-9.94,2.47,2.85,-161.05,5.15,15.11,5
-9.21,2.42,1.60,-139.59,7.40,49.85,-10.44,2.02,2.67,-187.12,0.47,12.21,5
-10.18,1.48,0.80,-155.13,13.12,45.73,-9.15,1.66,3.09,-168.44,-3.00,25.34,5
-9.65,1.75,1.24,-140.95,-1.87,41.41,-9.99,0.78,3.08,-136.52,-9.98,37.92,5
-9.35,1.77,0.17,-147.72,9.40,45.05,-9.60,0.87,3.35,-118.98,-7.31,52.53,5
-8.24,1.99,0.53,-150.61,8.51,46.97,-8.47,1.13,2.91,-127.08,1.67,58.27,5
-8.06,1.94,1.07,-161.46,7.80,46.06,-8.55,1.07,1.84,-144.86,-2.21,69.95,5
-8.76,1.96,1.22,-165.73,18.30,44.35,-8.96,0.83,1.15,-163.55,5.31,73.38,5
-9.07,-1.71,1.90,-168.98,22.97,23.18,-8.30,1.78,1.22,-167.80,13.01,33.89,5
-8.66,-2.84,1.05,-144.95,-5.60,23.51,-8.86,1.81,0.13,-145.53,19.21,32.33,5
-8.14,-1.16,1.70,-137.46,5.74,36.01,-10.28,2.21,0.84,-127.12,9.36,18.92,5
-8.27,-1.66,1.46,-140.80,19.41,40.96,-9.05,3.26,2.23,-121.04,8.36,7.22,5
-8.85,-1.07,1.34,-148.83,21.60,39.43,-9.05,3.06,2.24,-161.05,14.98,25.89,5
-13.10,-0.37,0.56,-135.94,13.93,35.25,-11.07,2.91,2.42,-170.88,7.18,29.52,5
-8.62,0.73,2.05,-148.95,11.56,56.34,-11.02,3.24,3.35,-173.95,-20.50,45.08,5
-10.16,0.29,1.80,-142.77,-0.73,49.85,-10.52,3.20,3.32,-157.99,-9.50,73.88,5
-9.78,1.06,2.12,-108.56,4.96,43.11,-12.57,5.41,3.96,-120.59,-32.25,151.47,5
-8.39,1.47,1.72,-96.26,7.30,46.65,-14.26,7.14,5.19,-118.68,-37.92,185.85,5
-7.65,1.61,1.48,-91.94,24.26,35.79,-14.32,6.58,6.22,-86.11,-25.11,250.13,5
-8.34,1.72,1.48,-81.54,21.08,24.69,-15.61,8.90,5.16,-42.18,-32.65,250.13,5
-8.31,-0.56,1.54,-70.06,10.03,18.99,-7.48,7.78,1.65,-61.53,-175.82,250.13,5
-9.45,-1.14,2.78,-74.09,14.21,7.95,-3.82,3.82,1.00,-49.05,-183.08,250.13,5
-9.30,-1.76,2.38,-41.53,0.08,2.38,0.07,3.03,-0.59,-28.94,-155.63,250.13,5
-8.23,-0.68,1.41,-23.30,18.81,-7.79,3.13,2.11,-2.20,0.69,-126.08,195.70,5
-10.18,-0.85,0.80,-5.94,21.83,-12.38,4.38,0.91,-1.13,29.56,154.85,56.74,5
-9.23,0.10,1.07,-12.69,1.18,-1.79,3.06,1.82,5.52,13.35,250.13,18.05,5
-9.38,-0.53,0.54,-14.21,-8.63,9.05,19.62,15.58,19.62,20.85,-76.89,5.20,5
-9.15,0.29,2.05,-2.31,-1.07,-3.24,6.81,5.80,8.36,2.14,20.31,-29.60,5
-8.91,0.47,1.98,14.96,4.85,-1.42,2.61,0.85,8.70,23.23,-32.70,-39.40,5
-10.20,0.16,0.24,10.53,-2.99,-3.83,1.35,-0.26,7.11,11.56,-41.28,-106.23,5
-8.94,0.78,1.23,12.29,-4.15,-3.07,-0.04,-0.36,3.86,71.36,-20.98,-235.00,5
-9.12,0.32,1.19,14.26,3.14,-11.29,-2.36,2.36,3.28,126.86,82.23,-250.14,5
-9.26,-0.06,0.95,7.15,0.45,-2.24,-6.85,10.80,2.44,-70.17,144.47,-250.14,5
-9.33,-0.13,1.17,0.38,-7.51,-1.16,-11.18,8.15,1.50,-38.50,220.52,-250.14,5
-8.88,0.59,1.18,-8.74,-15.58,5.60,-15.85,9.04,5.07,-205.95,162.44,-250.14,5
-9.72,0.17,0.57,-4.85,1.05,6.90,-16.62,3.76,11.21,-108.15,77.31,-179.27,5
-8.69,0.77,1.28,3.19,-9.70,-1.11,-9.07,2.97,8.15,239.97,-7.92,-20.66,5
-8.97,0.80,1.95,0.79,-10.63,-0.17,-8.52,2.06,8.31,107.65,26.58,-12.15,5
-8.93,1.27,1.59,-15.89,-11.92,5.73,-7.63,1.61,5.13,-51.73,24.80,-35.15,5
-9.10,1.06,1.50,-46.02,-16.22,15.06,-9.38,0.98,3.91,-54.37,-3.10,-30.18,5
-8.66,-0.18,2.21,-79.15,4.82,25.38,-10.09,2.66,3.63,-105.15,21.59,-19.67,5
-8.16,-0.10,2.33,-84.94,5.34,30.45,-10.21,2.35,3.81,-133.52,-1.67,-9.51,5
-8.38,-0.14,1.68,-98.50,23.27,30.09,-8.97,1.63,3.97,-111.19,-12.49,19.28,5
-8.56,0.07,1.40,-98.73,26.18,30.93,-9.10,1.54,4.27,-81.44,-2.49,13.47,5
-9.98,3.62,1.26,-118.76,27.72,39.11,-8.82,2.33,3.33,-92.55,-39.56,41.14,5
-10.72,1.95,0.51,-137.31,-2.01,42.07,-9.91,1.16,2.88,-131.95,-8.75,49.18,5
-9.15,1.79,0.85,-135.21,11.95,34.01,-10.51,0.97,3.00,-134.05,-2.24,46.05,5
-9.13,1.75,0.48,-142.42,10.52,39.85,-9.14,1.14,2.07,-166.25,-15.09,53.09,5
-9.03,1.95,0.18,-161.94,6.56,43.95,-8.54,1.52,2.04,-165.87,20.89,48.63,5
-8.32,2.11,0.52,-172.98,3.60,47.65,-8.34,1.71,1.83,-189.25,17.31,49.59,5
-11.31,2.31,0.39,-199.75,21.15,47.35,-9.08,1.78,1.43,-170.70,38.30,46.17,5
-8.58,-1.46,2.78,-231.86,0.66,55.30,-10.98,3.97,2.10,-183.04,35.73,28.59,5
-6.63,-0.61,1.69,-207.27,28.98,69.52,-10.19,4.44,0.75,-250.14,-7.76,26.73,5
-8.61,-0.17,0.83,-228.09,57.11,66.48,-9.47,4.06,1.31,-245.58,-17.76,16.91,5
-10.04,-0.03,-0.03,-236.13,37.95,74.38,-10.83,4.39,1.55,-219.47,-20.49,14.08,5
-10.68,0.87,-0.46,-237.64,36.83,70.99,-10.65,4.46,0.28,-213.42,-19.56,18.77,5
-13.89,1.42,-1.54,-243.71,18.12,57.02,-9.72,3.31,-0.37,-211.71,-8.28,68.26,5
-7.80,1.64,2.56,-217.18,-20.02,78.31,-11.63,4.46,-0.22,-225.37,-18.50,56.64,5
-9.09,3.15,-0.35,-237.41,31.64,70.98,-9.76,3.94,-1.04,-235.57,-11.11,70.51,5
-9.61,1.88,-1.48,-250.14,10.58,78.07,-9.27,3.95,-1.83,-250.14,6.92,87.17,5
-9.91,-4.50,-0.23,-250.14,-7.44,85.71,-12.13,5.45,-3.54,-250.14,40.99,65.33,5
-9.16,-3.18,1.07,-250.14,17.60,76.95,-11.20,5.62,-4.17,-250.14,21.63,43.06,5
-9.04,-2.55,0.98,-250.14,22.11,79.45,-11.23,5.18,-3.47,-250.14,2.27,36.78,5
-7.37,-0.83,-1.00,-234.72,52.18,79.16,-10.04,4.98,-1.60,-250.14,-13.22,56.29,5
-9.99,-1.74,0.81,-183.31,29.85,57.05,-10.57,5.96,1.07,-205.97,-19.27,95.09,5
-9.62,1.76,3.13,-151.09,8.05,42.41,-13.15,7.02,1.57,-184.29,-34.67,128.67,5
-11.13,0.56,2.64,-108.92,5.92,39.96,-16.48,8.78,3.15,-156.45,-38.26,192.77,5
-8.29,0.62,2.02,-53.88,9.90,18.91,-19.62,7.66,3.92,-104.01,-64.17,250.13,5
-9.81,1.46,0.49,-31.83,16.24,9.78,-16.83,8.35,2.80,-94.04,-165.09,250.13,5
-11.05,-0.89,1.61,-34.05,3.07,13.72,-9.96,3.37,1.05,-97.60,-221.80,250.13,5
-8.75,-0.08,2.80,-28.55,10.73,3.47,-3.55,-0.00,0.24,-58.53,-250.14,250.13,5
-8.97,-1.41,2.15,-31.61,6.60,2.66,2.08,-0.91,-2.64,1.81,-182.72,228.64,5
-9.89,-0.03,1.36,12.66,23.38,-12.40,6.51,-1.11,-3.95,15.28,114.40,16.85,5
-9.46,0.63,1.13,13.00,3.60,-5.05,5.04,-0.67,2.29,26.21,250.13,-29.25,5
-8.84,0.80,0.33,-0.47,0.29,0.53,-19.62,-1.98,19.62,230.34,-250.14,234.76,5
-10.07,1.57,0.53,-10.03,-2.31,-6.19,5.06,4.23,11.39,-68.53,73.05,-54.89,5
-8.97,0.13,0.53,31.34,11.24,-13.01,-0.77,-1.11,4.27,56.98,20.54,-174.40,5
-9.56,0.42,0.95,23.27,-6.97,-10.92,-1.63,-0.56,4.82,119.21,100.62,-250.14,5
-9.28,0.86,1.54,10.69,-14.56,-6.47,-4.65,3.33,3.52,141.28,163.52,-250.14,5
-8.97,0.76,1.15,7.80,-3.24,-6.44,-7.22,7.55,-0.78,244.38,143.80,-250.14,5
-8.90,0.01,0.82,13.28,-11.72,0.24,-16.94,9.65,5.18,-130.89,120.92,-250.14,5
-9.13,0.25,0.76,20.72,-13.16,7.23,-19.62,7.75,8.65,-161.66,-19.18,-212.46,5
-9.78,0.90,0.57,22.65,-14.92,2.24,-13.24,0.68,11.60,-3.60,16.18,10.91,5
-8.84,1.75,1.18,13.45,-19.47,3.53,-7.54,0.30,7.93,135.69,66.85,-22.08,5
-8.25,1.73,1.91,-61.87,-21.87,21.44,-7.44,1.51,6.54,-98.28,-12.76,12.40,5
-8.33,0.90,1.65,-106.94,-12.92,32.53,-8.12,2.51,6.18,-69.41,31.38,10.81,5
-7.93,0.85,2.93,-133.23,-2.23,41.21,-9.66,4.35,4.77,-123.72,24.85,6.69,5
-7.74,1.47,2.10,-160.89,37.70,43.47,-9.64,4.01,4.61,-174.79,-16.90,43.09,5
-8.07,3.20,0.60,-224.60,35.45,53.39,-8.95,3.30,5.70,-133.24,-23.78,37.64,5
-8.53,3.53,-1.07,-243.68,41.67,59.54,-9.68,4.98,5.26,-141.80,-42.76,57.50,5
-12.21,1.03,-2.11,-250.14,38.84,50.35,-10.27,4.40,2.71,-155.10,-18.23,81.08,5
-9.59,1.20,0.26,-250.14,-5.20,72.87,-12.66,5.75,0.00,-250.14,-17.00,68.44,5
-9.07,1.29,-1.20,-250.14,7.82,85.47,-9.49,5.36,-2.09,-250.14,9.79,87.23,5
-8.79,2.05,-0.74,-250.14,15.09,84.76,-8.38,5.36,-2.17,-250.14,15.87,79.22,5
-12.50,-1.12,-2.24,-250.14,30.39,74.87,-10.51,5.30,-2.13,-250.14,35.11,81.35,5
-8.95,-3.01,1.96,-250.14,3.29,77.40,-11.45,6.61,-1.68,-250.14,17.95,63.78,5
-8.97,-1.23,-0.56,-240.39,46.55,68.41,-10.48,4.48,-0.95,-240.12,6.01,76.94,5
-10.63,-0.65,0.47,-230.05,45.04,65.50,-10.70,4.22,-0.65,-228.02,3.52,77.16,5
-10.28,0.48,0.01,-233.54,34.02,69.08,-10.92,4.02,-0.26,-237.11,-2.63,65.92,5
-9.20,0.55,0.17,-221.98,30.14,61.36,-10.65,3.63,0.74,-250.14,-2.25,57.02,5
-11.09,1.62,0.91,-196.30,-12.34,50.66,-11.70,2.00,-0.73,-190.37,-1.99,73.37,5
-8.19,2.71,1.31,-198.17,3.54,56.02,-11.20,3.37,0.03,-164.72,-5.83,64.28,5
-9.96,1.72,-0.62,-224.08,17.21,56.86,-9.86,3.02,-0.50,-166.98,20.98,80.05,5
-8.32,1.14,0.11,-230.35,11.00,62.40,-9.72,2.95,-0.66,-206.37,45.67,91.67,5
-9.44,-0.02,0.33,-234.99,12.68,73.27,-10.26,3.04,-0.93,-225.93,48.15,71.17,5
-9.92,-0.51,0.77,-240.74,10.01,69.31,-9.79,3.46,-0.83,-228.18,45.63,54.77,5
-9.13,-3.40,1.62,-224.76,2.13,51.46,-9.81,3.16,-0.79,-225.21,53.80,49.18,5
-8.44,-2.43,2.14,-178.21,21.60,35.93,-9.98,3.40,-1.22,-181.62,27.58,43.41,5
-9.11,-1.29,1.48,-117.35,10.29,38.20,-10.67,4.44,2.99,-120.04,7.47,85.58,5
-10.32,-0.74,1.52,-93.47,9.73,31.85,-11.44,5.27,4.07,-104.68,-2.30,109.85,5
-9.40,0.61,2.73,-66.23,-13.95,30.89,-13.18,6.47,7.52,-78.71,-22.22,158.02,5
-8.52,0.94,2.42,-47.96,-0.59,13.81,-14.65,7.22,7.91,-49.92,-43.12,219.18,5
-8.56,1.65,1.31,-23.53,20.76,1.92,-12.67,9.16,6.40,-34.11,-156.02,250.13,5
-8.72,1.35,1.02,-28.93,21.88,5.32,-8.59,6.03,3.75,-69.37,-193.59,250.13,5
-10.12,0.14,1.53,-21.70,30.49,6.99,-3.94,2.58,1.53,-56.38,-211.01,250.13,5
-9.30,-0.24,1.36,-6.37,8.07,1.40,-0.43,1.11,1.11,-41.01,-184.49,213.96,5
-8.92,0.22,0.80,9.02,3.21,-3.02,6.86,0.10,-1.73,3.56,-14.73,53.39,5
-9.28,0.61,1.36,14.03,6.73,-3.95,7.83,1.32,-1.77,18.92,65.62,8.93,5
-9.20,0.88,1.23,7.09,6.73,-2.96,7.78,2.77,-0.36,26.41,161.29,-16.33,5
-9.58,0.56,1.00,7.90,5.61,-6.15,5.66,4.11,4.40,28.29,250.13,-4.08,5
-9.30,0.68,0.57,2.94,-0.58,-9.89,3.73,4.22,9.49,-59.45,-3.17,-54.16,5
-8.80,0.06,0.86,12.80,-2.22,-8.37,3.44,3.03,7.47,-12.63,104.18,-93.75,5
-9.10,0.46,1.07,14.92,2.31,-10.21,2.31,2.12,4.26,45.16,-37.74,-80.40,5
-9.47,0.34,0.66,13.87,-4.98,-11.01,1.41,1.36,6.46,65.23,7.40,-145.56,5
-8.93,0.29,1.16,9.95,-5.90,-3.73,-2.62,7.68,2.12,144.13,113.57,-250.14,5
-9.17,0.21,0.84,8.70,-9.76,-2.66,-6.27,7.67,1.30,103.05,83.30,-250.14,5
-9.10,0.33,0.86,1.60,-8.48,-1.15,-10.53,12.57,3.36,-57.84,73.89,-250.14,5
-9.41,0.55,0.98,-6.72,-16.89,1.46,-13.70,10.18,5.89,-118.55,68.28,-242.48,5
-9.09,1.09,0.90,-2.55,-19.09,5.11,-11.42,-0.02,8.66,-22.06,18.77,-112.55,5
-8.90,0.86,1.67,-5.36,-13.29,-1.49,-10.81,0.25,7.45,133.27,17.27,-58.27,5
-9.19,0.92,1.67,-9.41,-10.53,-1.47,-10.03,3.75,7.00,118.18,31.31,-41.07,5
-9.21,0.84,1.55,-16.74,-11.79,1.84,-9.40,2.82,6.33,53.73,28.57,5.93,5
-8.48,-0.03,2.39,-56.61,-7.74,18.48,-8.76,0.29,4.19,-106.44,16.20,8.24,5
-9.02,-0.42,2.73,-72.85,-2.27,21.46,-9.01,1.43,4.16,-78.27,7.82,6.62,5
-7.39,0.32,2.57,-70.85,7.72,28.44,-9.82,2.51,4.55,-111.44,-9.37,11.97,5
-7.99,0.46,1.81,-93.84,29.33,27.99,-8.03,2.21,4.18,-123.18,5.87,14.39,5
-10.55,3.42,-0.42,-171.12,39.45,37.26,-9.26,4.88,5.99,-63.26,-17.05,38.54,5
-10.62,1.99,-0.27,-199.08,16.08,47.02,-10.35,3.97,4.35,-195.62,-13.57,55.79,5
-11.03,1.29,-0.85,-207.93,0.77,52.22,-10.45,2.72,2.42,-211.20,6.40,59.36,5
-9.40,1.10,0.12,-213.01,10.03,58.48,-10.86,3.72,2.00,-232.76,-16.29,68.50,5
-8.90,1.92,-1.23,-250.14,12.47,72.92,-8.35,4.96,0.46,-250.14,17.53,65.49,5
-8.33,2.51,-0.75,-250.14,2.39,79.67,-8.19,5.33,-0.61,-250.14,19.31,68.61,5
-12.29,1.05,-1.94,-250.14,28.28,81.54,-10.51,5.83,-0.94,-250.14,36.57,69.32,5
-8.85,-4.34,1.56,-250.14,-2.41,84.92,-11.72,7.33,-1.20,-250.14,30.27,54.40,5
-8.04,-1.00,0.21,-247.61,47.82,75.32,-9.94,5.99,-2.11,-250.14,-17.52,50.56,5
-10.62,-1.07,0.51,-237.21,36.25,71.54,-10.78,5.45,-1.94,-247.90,-12.18,53.39,5
-10.23,0.23,0.87,-236.41,24.20,71.96,-11.29,4.82,-1.37,-247.15,-10.20,48.93,5
-8.10,0.91,-0.30,-232.14,23.48,67.18,-9.86,4.21,-0.45,-250.14,-17.43,61.76,5
-8.35,2.03,1.21,-206.73,-12.01,71.82,-12.18,2.39,0.13,-191.60,-6.95,72.29,5
-10.07,2.18,-0.48,-220.61,24.82,65.41,-10.55,2.76,0.08,-188.90,1.14,66.76,5
-8.59,1.75,-0.16,-234.18,3.35,70.52,-9.56,2.25,-0.41,-208.02,22.42,81.61,5
-8.02,1.19,-0.02,-240.98,18.98,63.31,-8.62,1.86,-0.61,-227.13,40.75,88.92,5
-10.10,-0.76,1.01,-193.46,15.15,53.98,-10.07,2.64,-0.83,-203.87,31.05,28.63,5
-9.71,-2.21,0.98,-187.10,4.12,42.77,-9.24,2.65,-0.89,-187.07,30.37,19.62,5
-8.37,-1.83,1.90,-156.27,-0.84,32.67,-9.91,2.07,-0.73,-162.34,21.89,22.84,5
-8.14,-1.88,1.71,-134.53,16.14,31.43,-9.78,2.00,0.51,-143.42,8.85,30.26,5
-8.57,-0.93,2.12,-92.62,11.95,26.53,-9.85,1.59,3.16,-105.55,0.83,35.59,5
-10.90,0.17,1.78,-81.50,5.04,17.27,-10.35,1.11,3.09,-92.85,1.66,48.69,5
-7.76,0.30,2.05,-62.53,-16.02,25.81,-11.52,2.14,4.71,-100.92,-16.69,65.69,5
-9.84,1.50,1.93,-64.10,0.64,18.66,-9.86,1.86,5.68,-116.77,-28.21,96.71,5
-8.37,1.85,1.60,-40.06,4.50,10.94,-12.68,6.90,9.01,-8.21,-44.67,213.71,5
-8.23,1.30,1.35,-48.92,15.83,7.74,-12.55,8.41,7.84,25.39,-67.37,250.13,5
-12.12,-0.10,1.11,-40.85,31.18,2.62,-13.12,11.30,6.40,-12.83,-99.50,250.13,5
-8.30,-0.59,1.42,-23.04,5.57,2.28,-8.54,9.82,4.46,-41.53,-156.10,250.13,5
-8.60,0.09,1.87,1.35,5.19,1.08,0.51,1.75,-0.17,-52.31,-148.41,226.05,5
-8.73,-0.30,1.20,-2.39,4.73,-1.06,3.29,0.94,-1.07,-42.20,-117.95,154.08,5
-9.12,-0.05,0.98,-7.80,7.84,0.47,5.44,0.70,-2.52,7.34,-44.33,90.47,5
-9.33,0.19,1.16,-6.12,8.78,-1.28,6.08,1.39,-1.98,19.56,67.55,41.60,5
-9.05,0.32,0.76,11.72,-0.05,-1.39,-19.62,-13.93,19.62,250.13,-250.14,154.78,5
-10.16,1.77,0.96,5.51,-2.40,-5.51,3.78,6.19,14.07,-69.64,84.57,-65.06,5
-8.93,0.23,1.08,0.92,-3.56,-4.03,3.25,2.82,8.14,-10.31,192.48,-110.95,5
-9.18,0.66,1.21,3.95,6.47,-7.84,1.67,0.61,2.88,38.84,5.27,-141.82,5
-8.96,0.36,0.87,0.62,3.63,-6.85,-4.30,5.54,2.96,179.53,117.96,-250.14,5
-9.08,0.46,1.21,-1.26,-2.99,-3.99,-5.75,10.96,3.13,95.94,133.12,-250.14,5
-9.24,-0.20,0.86,1.57,-9.02,1.92,-10.80,8.69,1.55,63.66,127.38,-250.14,5
-8.46,0.83,1.24,-3.72,-2.12,-2.02,-12.04,8.54,4.58,-155.96,97.79,-250.14,5
-9.37,0.69,0.71,1.56,-12.09,2.64,-12.32,1.77,6.96,-97.49,5.65,-53.86,5
-8.97,1.13,0.81,-8.96,-12.91,2.50,-9.92,-2.86,8.78,48.03,33.47,-23.95,5
-8.90,0.57,1.59,-11.15,-14.80,7.64,-9.31,0.56,7.47,177.41,61.37,-19.89,5
-8.99,0.33,1.36,-14.89,-11.92,5.78,-9.03,2.04,5.71,65.85,-5.15,0.77,5
-8.31,0.13,2.37,-46.84,-4.23,16.31,-9.58,2.39,4.81,-79.88,10.81,4.37,5
-8.38,0.12,1.88,-62.08,18.97,14.37,-9.77,1.71,4.41,-82.49,-20.13,20.23,5
-9.48,0.06,1.43,-72.50,14.11,20.92,-8.88,1.29,4.44,-71.20,-9.63,18.25,5
-8.81,0.89,1.60,-86.60,19.88,26.99,-9.51,1.03,4.78,-68.98,-11.88,16.13,5
-9.88,2.39,0.80,-122.95,1.73,32.21,-8.84,1.83,4.07,-55.67,-11.81,48.31,5
-9.54,2.21,0.43,-129.55,4.11,34.26,-10.00,1.59,3.78,-88.39,-8.98,50.88,5
-9.68,2.06,0.41,-142.63,10.89,37.32,-9.05,2.04,2.74,-153.58,-5.40,52.92,5
-9.28,2.38,-0.17,-167.67,3.92,41.60,-8.60,2.63,2.12,-170.69,22.23,55.66,5
-9.38,3.59,-0.73,-250.14,0.96,75.78,-8.49,4.65,0.89,-250.14,55.91,79.73,5
-12.85,-1.19,-1.74,-250.14,32.72,78.08,-12.15,4.48,1.44,-250.14,76.34,69.95,5
-9.13,-1.96,2.01,-250.14,16.15,76.40,-9.45,5.14,-0.00,-250.14,43.28,45.95,5
-8.82,-3.92,-0.32,-250.14,17.32,78.34,-9.79,4.75,-0.47,-250.14,32.92,57.94,5
-9.52,-0.84,-0.33,-228.96,38.25,76.07,-10.55,5.07,-0.30,-243.48,-28.57,23.15,5
-9.09,0.13,-0.31,-226.95,27.18,74.51,-10.02,4.33,-0.54,-221.88,-19.34,37.13,5
-8.50,1.13,-0.27,-212.92,35.79,59.69,-8.95,4.39,0.27,-225.48,-19.22,53.00,5
-12.56,2.41,-0.95,-213.49,21.73,48.52,-10.04,3.38,-0.31,-213.58,-16.85,65.69,5
-10.04,3.03,-0.96,-224.97,19.84,59.95,-10.31,2.85,-0.12,-200.92,0.52,81.88,5
-8.66,2.41,-0.49,-236.32,17.24,65.04,-10.17,2.65,-0.14,-207.78,12.80,95.02,5
-8.53,2.07,-0.80,-250.14,24.53,57.31,-8.64,2.57,-0.51,-229.15,35.16,94.72,5
-10.50,-0.13,-1.91,-250.14,9.41,60.56,-9.37,2.04,-1.39,-231.00,58.57,83.37,5
-10.20,-2.42,0.78,-207.47,-10.49,56.55,-9.64,2.81,-1.46,-231.28,20.20,21.80,5
-7.13,-2.00,1.58,-184.04,-0.44,59.11,-10.10,2.55,-0.05,-207.69,9.44,26.23,5
-8.20,-0.50,0.53,-164.15,36.60,51.71,-9.41,2.81,0.55,-177.68,5.52,35.75,5
-9.41,-0.17,0.71,-151.24,15.74,55.95,-9.62,2.79,0.98,-153.18,9.62,44.58,5
-9.41,2.23,2.91,-129.73,6.97,36.98,-9.72,3.68,2.76,-157.74,-0.63,91.24,5
-10.08,2.40,1.71,-119.89,-4.58,32.46,-11.41,3.04,3.87,-175.50,-9.81,108.02,5
-9.34,1.63,1.86,-94.88,9.15,20.52,-12.79,3.60,5.69,-113.39,-20.94,144.53,5
-7.90,1.34,2.21,-74.15,9.08,13.48,-14.30,5.80,6.28,-86.97,-23.95,194.88,5
-9.96,1.09,2.08,-60.50,21.12,14.02,-15.65,9.77,5.02,-0.74,-119.56,250.13,5
-9.12,-2.34,1.81,-57.45,0.05,14.71,-11.85,9.84,3.20,-27.82,-178.24,250.13,5
-8.71,-1.10,1.79,-28.39,6.87,-1.19,-5.30,5.10,2.03,-79.43,-250.14,250.13,5
-8.52,-1.62,2.05,-12.63,0.15,-0.38,0.14,0.74,-1.99,-82.73,-210.89,250.13,5
-10.25,-0.15,1.63,9.74,13.69,-23.97,5.33,-0.47,-6.10,1.60,113.53,60.66,5
-9.38,0.69,0.14,5.50,2.15,-10.75,3.15,0.78,1.08,47.40,233.28,3.13,5
-9.20,0.83,0.05,-12.29,-11.07,9.13,-19.62,-1.28,19.62,218.84,-72.48,97.21,5
-9.72,1.98,0.86,-11.06,2.18,4.76,3.83,7.03,11.38,-36.40,81.35,-83.17,5
-9.55,0.73,1.32,20.35,11.01,-10.83,-1.56,-0.68,2.71,159.11,79.05,-250.14,5
-9.35,0.84,1.27,5.85,-11.23,-5.73,-4.75,3.18,1.64,109.47,193.04,-250.14,5
-8.96,0.54,0.90,-3.68,-10.15,-2.27,-8.75,9.17,-0.45,250.13,90.31,-250.14,5
-9.06,-0.03,0.92,0.21,-17.13,-0.59,-14.46,6.84,3.05,-152.27,53.53,-250.14,5
-10.22,-0.24,0.45,22.69,-9.84,4.49,-13.52,-0.20,10.60,-72.79,63.31,9.12,5
-8.50,0.90,1.11,28.85,-21.20,2.66,-6.81,1.70,7.86,-45.31,90.18,-18.98,5
-9.10,1.75,0.93,-11.75,-26.95,13.26,-8.98,1.69,11.58,-13.03,43.68,65.84,5
-7.45,1.38,2.54,-79.95,-18.71,29.13,-4.79,4.87,10.46,-138.94,10.17,25.35,5
-8.58,2.42,2.04,-208.07,41.09,56.75,-9.75,1.47,7.56,-214.66,-34.27,42.61,5
-8.26,3.77,0.57,-250.14,41.55,69.52,-8.76,2.61,6.95,-188.66,-13.08,36.35,5
-11.11,3.73,-2.63,-250.14,50.70,81.97,-9.90,5.10,6.29,-167.94,-30.08,44.31,5
-12.94,1.61,-2.56,-250.14,43.76,78.04,-9.57,7.48,4.16,-250.14,-44.08,57.82,5
-9.95,1.59,-1.41,-250.14,27.07,84.55,-10.25,8.81,-0.15,-250.14,-32.85,62.03,5
-7.86,0.33,-2.16,-250.14,13.26,84.08,-8.74,7.99,-1.36,-250.14,-20.33,80.68,5
-8.97,0.07,-2.50,-250.14,33.43,91.79,-8.84,8.29,-1.21,-250.14,5.56,70.96,5
-10.05,-3.69,0.20,-250.14,26.48,86.19,-11.77,8.97,-1.66,-250.14,8.18,55.49,5
-7.02,-0.63,1.04,-246.32,30.66,85.93,-10.75,7.14,-1.43,-250.14,-23.00,57.21,5
-8.61,1.49,-0.80,-250.14,53.62,79.69,-9.36,6.10,-1.52,-227.25,-18.91,70.38,5
-10.27,1.47,-1.34,-244.66,37.73,79.08,-10.31,4.62,-1.14,-204.54,-7.07,77.11,5
-9.80,1.94,-0.67,-245.66,33.96,76.00,-10.26,3.81,-0.87,-206.85,-4.80,78.02,5
-8.79,1.83,2.06,-219.11,4.74,69.11,-11.91,2.55,-0.55,-230.79,-0.85,53.42,5
-9.33,2.39,-0.02,-214.65,25.18,65.17,-10.13,2.76,-0.69,-214.89,4.94,60.80,5
-8.29,1.51,-0.27,-214.74,16.68,63.14,-9.39,1.69,-0.90,-192.56,17.72,82.12,5
-7.72,1.94,-0.41,-217.92,22.02,58.85,-8.57,2.07,-0.56,-200.55,38.92,84.54,5
-8.58,-3.18,2.39,-181.77,-4.01,44.50,-11.60,3.35,0.25,-195.19,43.95,39.84,5
-10.78,-1.87,0.71,-174.38,17.05,31.97,-9.47,3.46,-0.62,-183.66,43.79,29.26,5
-7.80,-1.75,1.88,-139.55,-11.30,50.31,-10.51,3.07,0.37,-171.27,19.95,32.60,5
-7.74,-1.13,1.08,-118.01,33.61,37.67,-9.70,3.08,1.82,-137.59,13.55,54.20,5
-9.71,-1.44,1.74,-85.66,32.56,21.18,-9.72,4.71,4.42,-83.40,10.37,103.27,5
-8.82,1.12,1.90,-49.60,-9.38,20.30,-10.61,5.97,6.71,-92.30,-0.85,117.52,5
-9.82,1.07,1.96,-52.07,0.64,12.55,-12.09,6.49,7.24,-82.18,-20.95,163.81,5
-8.57,2.44,2.07,-34.90,-0.40,10.87,-15.00,7.68,7.49,-53.28,-75.95,199.54,5
-8.91,1.13,1.73,-35.05,29.47,-1.43,-9.03,8.49,3.77,-40.64,-184.05,250.13,5
-10.10,0.75,2.10,-27.46,26.03,6.11,-5.65,5.70,2.95,-49.73,-211.49,250.13,5
-9.31,-0.88,1.87,-19.97,7.85,4.30,-0.99,2.95,1.09,-33.97,-202.56,231.63,5
-8.56,-0.38,1.90,-19.39,3.23,-0.95,2.38,1.27,-1.00,-19.83,-152.00,162.08,5
-9.13,-0.40,0.68,5.92,8.30,-8.69,5.43,1.80,-3.79,12.75,154.50,28.52,5
-9.11,-0.43,1.05,5.50,0.52,-5.88,3.35,1.84,1.49,23.56,250.13,-13.30,5
-9.42,-0.02,0.68,5.08,-3.46,-3.68,-19.62,-19.62,19.62,249.61,-198.66,32.16,5
-9.64,1.11,1.57,-5.81,-1.31,-1.39,0.69,3.27,7.31,-4.25,90.30,-119.20,5
-9.11,1.25,1.62,13.17,5.39,-11.95,-3.08,2.00,4.06,149.98,44.27,-249.98,5
-9.49,0.84,0.83,8.68,-12.25,-8.12,-6.67,6.09,4.78,112.98,129.21,-250.14,5
-9.38,0.28,0.96,4.48,-10.53,-3.47,-9.13,11.23,1.31,114.84,48.28,-250.14,5
-8.98,0.85,1.34,4.96,-24.10,2.07,-13.98,9.40,2.59,-21.69,62.53,-250.14,5
-10.02,1.31,0.98,-1.99,-30.15,10.74,-15.12,4.47,9.84,-183.85,11.80,-130.38,5
-8.44,1.27,1.24,-27.06,-39.56,24.48,-11.75,-0.57,7.95,4.08,63.04,-28.31,5
-7.98,0.33,3.08,-52.72,-21.21,25.90,-8.09,2.46,9.30,189.47,83.32,-35.92,5
-8.04,0.02,3.35,-71.08,-14.29,30.66,-9.68,7.22,8.19,11.27,24.76,2.34,5
-8.68,0.44,3.09,-106.95,21.79,32.20,-9.34,1.61,4.74,-151.53,-0.17,-2.46,5
-8.67,1.16,2.74,-111.98,23.50,35.63,-10.59,1.48,3.91,-100.29,-33.47,10.28,5
-7.64,2.83,1.44,-125.69,28.07,46.08,-10.13,2.17,3.77,-99.86,-56.44,30.62,5
-9.48,2.49,0.84,-160.42,24.84,45.17,-8.47,1.75,2.58,-138.92,-30.69,49.74,5
-9.25,2.19,0.29,-202.06,21.11,60.55,-9.34,2.45,2.21,-191.18,-18.73,57.18,5
-7.78,2.05,-0.15,-224.11,10.62,70.88,-8.69,3.13,1.38,-219.56,30.72,68.04,5
-8.34,1.67,-0.15,-232.55,24.82,74.89,-8.12,3.40,0.62,-239.66,25.62,58.23,5
-10.99,1.00,0.32,-245.13,16.60,79.08,-9.97,3.83,0.13,-250.14,14.35,51.79,5
-9.72,-3.09,0.50,-250.14,25.95,64.51,-9.56,4.15,-1.32,-250.14,18.15,32.11,5
-8.32,-2.58,2.28,-220.84,7.29,65.08,-10.23,3.79,-1.20,-246.19,-1.41,25.27,5
-8.59,-0.40,1.23,-226.53,48.10,63.95,-9.82,4.76,-0.16,-219.46,-25.00,14.54,5
-10.15,-0.20,0.02,-222.74,34.83,62.69,-10.72,4.39,0.26,-237.96,-11.69,12.47,5
-9.59,2.31,-1.20,-217.66,36.08,60.29,-8.52,3.31,0.56,-212.57,-28.26,73.93,5
-12.17,1.62,-1.44,-221.50,-2.14,50.77,-9.67,0.68,2.24,-96.79,-8.89,68.76,5
-9.07,2.02,1.49,-213.59,-8.28,57.63,-11.38,3.13,-0.36,-204.34,-23.74,61.49,5
-9.66,2.76,-0.70,-226.34,25.58,58.42,-10.31,3.76,-0.82,-223.23,10.28,57.19,5
-9.69,0.78,-0.96,-250.14,6.80,63.97,-9.12,2.50,-0.91,-250.14,32.94,69.70,5
-11.43,-1.43,-0.11,-250.14,11.23,58.50,-10.49,2.32,-1.21,-238.37,36.21,53.33,5
-9.42,-3.05,0.89,-209.71,-5.02,58.62,-10.49,3.29,-0.92,-231.27,18.81,22.53,5
-10.34,-2.66,0.47,-192.54,9.34,40.29,-9.80,2.84,-2.33,-204.75,6.32,19.25,5
-8.31,-0.59,0.61,-140.47,25.66,38.02,-9.28,2.72,0.01,-178.60,2.37,38.77,5
-9.39,-0.63,0.91,-136.53,10.31,39.96,-9.23,1.29,0.28,-153.25,14.13,43.70,5
-9.20,-0.90,1.03,-121.69,11.01,37.86,-10.18,1.49,1.89,-133.44,5.35,33.82,5
-8.46,-0.58,0.91,-117.18,23.73,32.94,-9.84,1.34,2.81,-125.71,-4.79,35.93,5
-8.01,0.93,1.34,-89.72,8.74,31.38,-11.14,1.44,5.81,-58.05,-54.51,60.80,5
-10.78,1.19,0.34,-79.30,2.88,22.37,-9.41,2.88,4.13,-74.15,-24.44,71.90,5
-7.67,1.20,1.08,-64.60,11.34,19.52,-10.27,4.10,4.39,-70.97,-8.80,102.27,5
-9.25,3.08,1.08,-68.33,11.63,10.73,-10.82,4.89,6.25,-79.34,-9.55,150.50,5
-12.62,-0.03,0.06,-48.87,0.43,13.56,-11.56,8.20,4.59,7.33,-54.54,250.13,5
-9.00,-1.07,2.17,-45.74,-11.50,10.04,-9.69,9.14,4.48,12.73,-86.31,250.13,5
-9.23,-1.33,2.32,-32.11,-15.65,4.63,-6.49,8.47,3.32,0.34,-108.73,250.13,5
-8.77,-0.53,1.25,-7.55,-8.61,2.87,-3.27,7.53,2.87,-17.98,-123.85,250.13,5
-8.92,-0.94,1.54,3.59,11.72,-19.18,4.97,2.21,-3.45,1.71,-65.16,153.69,5
-9.87,0.61,1.19,5.82,6.68,-17.69,6.24,2.52,-4.07,4.15,42.95,106.70,5
-8.59,-0.00,0.98,-5.35,6.40,-5.84,4.34,3.02,-0.57,-14.21,187.50,45.73,5
-9.30,0.15,0.95,0.90,4.94,-5.11,1.97,2.17,4.10,-17.92,250.13,18.27,5
-9.23,0.23,1.79,11.18,12.50,-14.54,1.47,-0.64,4.08,19.00,186.34,-143.37,5
-9.28,0.31,0.97,0.28,0.76,-7.67,0.11,-0.27,3.67,24.81,38.76,-179.50,5
-9.35,0.06,0.77,-1.24,1.98,-5.22,-1.60,0.97,4.45,68.93,93.99,-250.14,5
-9.48,-0.12,0.91,-1.42,-6.43,-4.39,-4.78,4.65,2.38,120.69,103.72,-250.14,5
-9.04,0.23,0.94,7.66,-10.27,0.46,-14.60,9.37,2.48,-140.79,46.66,-250.14,5
-8.94,0.04,0.87,-2.85,-1.85,2.69,-18.01,6.97,3.31,-228.80,126.08,-211.04,5
-10.32,0.26,0.56,-2.46,-10.98,6.15,-15.62,1.78,11.29,-250.14,-6.31,-55.62,5
-9.07,1.05,0.85,-14.27,-24.16,7.40,-9.62,-7.22,10.08,78.39,92.91,20.47,5
-8.94,0.38,1.90,-14.44,-12.76,4.56,-8.11,2.10,6.23,14.52,3.98,-4.31,5
-8.57,0.05,2.17,-36.67,-8.63,10.34,-9.16,0.63,4.42,8.23,20.73,0.77,5
-9.07,-0.10,2.01,-65.48,-6.99,15.79,-8.43,3.19,3.67,-9.36,5.51,-5.63,5
-8.04,0.11,2.69,-79.30,-0.73,24.05,-10.08,3.82,4.48,-81.98,-14.24,29.80,5
-8.48,1.73,1.48,-134.16,24.95,39.63,-8.93,0.95,5.10,-68.63,-25.21,7.88,5
-11.50,2.65,-0.38,-161.11,22.08,48.02,-9.55,3.03,4.82,-47.28,-32.14,32.81,5
-9.20,2.10,0.50,-187.94,20.72,52.24,-9.46,2.00,4.27,-109.91,-16.48,41.17,5
-11.69,2.38,-0.90,-196.60,-0.80,58.26,-10.37,4.54,2.09,-179.85,4.60,64.66,5
-8.61,2.04,-1.45,-250.14,5.42,72.84,-7.95,4.08,0.78,-250.14,33.28,48.82,5
-8.34,2.44,-1.09,-250.14,6.47,80.08,-8.33,4.28,0.08,-250.14,31.88,52.49,5
-10.78,0.65,-2.33,-250.14,12.37,89.02,-10.58,5.42,-0.50,-250.14,43.27,44.52,5
-10.95,-3.21,-0.26,-250.14,3.61,92.61,-10.83,7.50,-0.33,-250.14,46.23,25.09,5
-6.86,-1.60,0.91,-250.14,38.52,99.31,-10.30,7.51,-2.23,-250.14,-42.56,18.24,5
-9.28,-0.48,-0.78,-250.14,36.95,95.89,-10.79,6.79,-2.75,-250.14,-43.30,30.01,5
-9.40,0.04,-1.00,-250.14,23.37,100.66,-11.19,6.55,-2.81,-250.14,-32.47,41.82,5
-9.45,1.14,-0.59,-250.14,38.53,88.33,-10.28,6.33,-2.45,-250.14,-34.49,49.89,5
-11.46,1.84,0.71,-250.14,-22.94,82.32,-12.77,5.50,-3.21,-250.14,-10.81,71.87,5
-9.20,3.36,0.20,-250.14,24.85,88.32,-11.41,6.80,-3.70,-250.14,-21.42,68.53,5
-9.16,2.87,-1.64,-250.14,17.22,90.05,-10.00,5.64,-4.07,-250.14,1.40,99.58,5
-8.19,-0.01,-3.66,-250.14,26.50,74.50,-8.10,4.57,-5.45,-250.14,55.63,110.30,5
-11.38,-3.43,1.84,-210.32,-4.36,53.15,-11.83,7.10,-5.19,-250.14,-1.79,61.93,5
-9.65,-2.98,1.74,-169.80,-27.10,48.74,-12.08,7.22,-1.70,-224.81,-22.03,113.39,5
-6.41,-1.70,1.86,-131.62,7.91,33.53,-13.32,7.51,0.62,-167.75,-32.34,152.92,5
-7.55,-0.89,1.06,-111.40,11.37,28.92,-13.33,7.16,2.04,-92.81,-5.79,218.47,5
-8.84,2.04,3.19,-45.11,-0.76,7.31,-16.84,8.57,5.97,-61.78,-70.28,250.13,5
-11.85,1.04,1.23,-25.01,-0.02,5.02,-15.56,8.13,5.27,-93.18,-137.18,250.13,5
-9.19,1.72,1.64,-15.32,0.53,10.29,-9.74,5.30,3.92,-91.20,-228.17,250.13,5
-7.14,1.83,3.31,-24.76,-3.42,9.60,-3.16,2.12,2.30,-41.61,-249.34,250.13,5
-10.01,-0.66,2.32,-9.52,0.05,2.24,6.08,-1.37,-2.88,-8.92,-96.00,104.67,5
-8.58,-0.92,1.76,-8.36,-8.11,-3.15,7.30,-1.00,-5.18,21.49,23.93,17.72,5
-8.06,-0.67,1.67,0.34,-10.20,-1.27,6.03,0.46,-3.32,60.88,175.60,-40.02,5
-8.98,-0.29,2.28,19.90,9.79,-9.29,3.92,2.81,0.06,69.66,250.13,-55.08,5
-8.60,1.00,1.99,7.37,25.90,-12.46,0.50,1.73,9.02,-7.56,41.85,-184.25,5
-9.28,0.34,1.24,8.35,8.00,-9.96,-0.35,0.97,2.58,43.95,111.09,-250.14,5
-8.81,0.63,1.85,13.56,0.60,-7.18,-2.51,2.47,0.66,169.19,3.06,-250.14,5
-9.56,0.54,1.24,12.93,-6.70,-8.37,-6.81,6.20,4.38,52.33,123.89,-250.14,5
-8.55,0.19,1.09,12.36,-11.79,6.12,-17.19,7.95,1.95,-225.71,61.88,-250.14,5
-9.70,0.31,1.20,9.56,-13.77,15.14,-19.62,6.61,7.46,-133.15,8.41,-204.55,5
-9.75,1.05,0.91,-14.02,-17.60,14.85,-11.26,0.35,12.65,-109.56,57.28,46.76,5
-7.79,0.31,2.85,-46.20,-16.48,22.14,-8.82,2.00,8.99,-81.38,134.84,-15.08,5
-8.27,0.71,2.35,-124.31,23.23,35.56,-8.83,1.06,9.10,-164.49,21.18,38.12,5
-8.84,0.80,1.98,-152.88,24.00,38.65,-8.64,0.88,7.06,-108.07,6.43,21.79,5
-8.82,1.52,1.74,-167.10,27.70,48.03,-9.61,2.09,6.04,-121.37,-50.19,34.62,5
-9.71,1.26,0.05,-165.70,15.36,56.35,-11.71,1.05,5.52,-182.07,-22.45,13.64,5
-8.98,1.95,0.14,-195.04,-10.56,71.47,-10.78,4.16,3.08,-116.65,-28.05,32.24,5
-9.87,2.56,-0.37,-217.18,23.02,69.13,-8.76,6.30,2.47,-158.14,-10.35,41.62,5
-7.94,2.48,-0.49,-240.10,5.55,75.85,-7.99,6.28,0.61,-213.80,7.74,68.57,5
-8.58,2.56,-0.30,-250.14,19.31,76.20,-7.98,5.60,-1.29,-247.80,27.07,72.24,5
-10.29,-2.32,0.46,-250.14,13.34,92.22,-11.09,7.26,-1.38,-250.14,36.26,45.95,5
-10.33,-5.31,0.42,-250.14,11.93,85.88,-11.04,4.73,-2.07,-250.14,40.08,41.31,5
-7.19,-2.14,1.74,-250.14,23.77,87.02,-9.84,5.64,-0.76,-250.14,11.73,30.40,5
-8.13,-0.46,-1.36,-250.14,49.25,86.65,-8.65,5.85,-0.33,-240.26,-5.39,26.87,5
-11.34,0.00,-0.32,-231.92,35.16,60.13,-9.09,3.80,0.11,-226.76,-3.56,24.37,5
-8.62,0.53,1.00,-209.85,-6.85,56.37,-11.64,3.01,0.51,-220.56,-24.30,20.74,5
-10.77,0.19,-0.85,-215.46,35.35,41.25,-8.78,-2.22,2.72,-153.25,-29.66,0.60,5
-10.37,1.42,1.24,-186.65,-31.73,58.05,-11.13,4.18,-0.29,-195.32,-15.78,28.05,5
-8.31,1.58,-0.12,-222.38,2.79,67.46,-8.46,3.24,0.29,-195.10,21.61,76.02,5
-9.29,0.76,-0.23,-226.92,7.12,65.13,-8.34,2.67,-0.34,-212.93,51.92,70.71,5
-11.36,-0.77,1.25,-230.30,8.69,54.10,-9.07,3.32,-0.79,-226.94,35.91,59.73,5
-9.33,-3.76,1.40,-189.14,-16.77,56.06,-10.68,3.90,-0.80,-250.14,19.82,24.40,5
-6.60,-0.75,2.85,-139.00,-0.44,46.30,-10.54,4.83,0.91,-159.16,-14.75,42.92,5
-7.98,-0.80,0.01,-124.52,28.83,35.99,-9.14,4.28,1.64,-127.66,-7.27,86.18,5
-9.07,-0.83,0.63,-120.56,10.82,37.81,-10.32,4.56,3.50,-98.24,4.74,117.71,5
-8.77,-1.36,1.65,-101.79,13.52,30.64,-10.76,5.47,4.92,-93.80,2.91,135.04,5
-9.70,0.20,1.06,-47.25,1.73,13.29,-13.86,7.48,7.15,-29.68,-92.41,250.13,5
-8.48,1.80,1.85,-42.60,-11.62,8.92,-11.72,9.05,4.22,-8.25,-145.11,250.13,5
-8.86,1.36,1.81,-34.98,5.54,3.92,-7.81,7.81,2.85,-35.48,-204.97,250.13,5
-7.34,1.22,1.37,-20.78,16.04,0.46,-3.85,5.88,1.91,-16.95,-222.55,250.13,5
-9.86,-1.32,1.86,-24.63,2.45,4.74,4.20,2.06,-0.99,10.05,-82.28,142.33,5
-8.00,-1.11,1.69,-29.82,6.25,-4.76,5.11,3.57,-4.82,39.58,47.59,80.79,5
-8.36,-1.17,1.24,-8.37,6.81,-6.38,2.90,2.91,-2.22,10.04,243.37,40.17,5
-8.70,-0.73,1.83,10.02,0.69,-5.37,-0.24,4.29,3.11,10.94,250.13,26.25,5
-8.90,-0.54,0.06,6.50,15.85,-7.65,1.21,2.75,7.93,28.14,172.27,-159.66,5
-9.69,-0.26,0.81,15.91,19.35,-9.98,1.06,2.42,0.68,8.04,-38.39,-161.91,5
-9.65,0.10,0.66,2.11,8.47,-3.58,-0.82,3.94,5.90,126.17,-32.41,-197.00,5
-9.38,-0.33,0.48,5.63,-1.58,-6.69,-2.14,4.53,5.47,53.02,109.25,-250.14,5
-8.93,0.00,0.73,25.60,-10.98,-3.40,-9.93,6.38,2.96,8.44,132.15,-250.14,5
-9.00,0.84,0.69,23.84,-12.02,-0.71,-10.26,9.24,3.82,-64.28,68.14,-250.14,5
-9.37,-0.02,0.37,13.10,-15.08,5.72,-13.34,6.12,5.72,-156.23,34.12,-235.72,5
-9.88,0.64,0.76,3.09,-25.58,13.44,-13.65,4.75,8.73,-141.26,33.12,-83.44,5
-8.48,0.43,2.50,-89.04,-16.39,30.76,-8.06,4.28,9.38,32.79,35.95,9.14,5
-7.54,0.78,2.50,-117.94,2.85,33.95,-7.80,3.11,8.93,-92.71,-0.63,-0.49,5
-8.54,0.37,1.54,-152.36,20.30,40.85,-8.42,0.68,6.99,-144.63,24.53,-22.37,5
-8.31,0.89,1.05,-170.02,22.97,50.98,-9.83,2.01,5.11,-156.72,3.81,-20.10,5
-10.01,1.58,0.56,-220.90,21.57,51.55,-8.59,2.28,3.46,-194.28,-7.46,60.24,5
-10.55,1.81,-1.59,-210.12,-1.94,51.44,-10.78,2.25,3.00,-191.11,-6.27,53.48,5
-9.38,1.92,-0.06,-226.40,20.03,55.59,-9.72,3.66,3.27,-209.08,-31.26,68.69,5
-9.43,2.02,-1.47,-250.14,10.68,61.44,-8.96,2.94,2.69,-240.91,-2.62,57.90,5
-10.00,-0.42,-0.98,-250.14,8.95,76.05,-9.45,4.85,0.44,-250.14,1.22,46.23,5
-11.06,-2.63,-1.11,-250.14,-2.65,75.02,-11.56,5.94,0.03,-250.14,19.60,25.16,5
-9.31,-3.14,1.23,-250.14,10.59,69.58,-9.19,6.40,-0.82,-250.14,6.08,17.80,5
-8.96,-2.51,0.74,-238.53,0.13,65.27,-10.01,5.36,-0.87,-243.14,-4.74,21.08,5
-8.95,0.09,-0.40,-218.64,10.34,70.40,-9.65,4.24,0.91,-236.50,-15.21,13.56,5
-8.84,0.36,-0.07,-218.86,32.84,59.07,-9.68,3.52,1.27,-234.05,-25.97,26.29,5
-11.84,1.25,0.42,-205.56,36.48,42.09,-10.11,2.88,1.01,-215.87,-25.82,31.14,5
-9.00,1.37,1.27,-226.78,1.14,48.73,-10.35,2.66,0.56,-202.98,-37.30,38.63,5
-10.57,2.29,-0.20,-196.99,25.76,39.92,-11.00,2.06,-0.52,-158.92,-32.82,55.52,5
-8.75,0.95,0.23,-215.79,-2.74,59.06,-10.78,2.10,0.89,-166.17,-22.14,71.81,5
-8.04,-0.12,0.08,-223.73,15.30,60.30,-8.90,2.96,0.54,-174.72,11.89,74.71,5
-8.88,-0.91,0.41,-208.73,-0.78,59.37,-9.24,3.75,-0.91,-205.18,13.21,71.02,5
-10.59,-2.33,-0.92,-174.89,4.66,36.10,-8.93,5.39,-0.32,-144.67,21.15,71.11,5
-8.47,-1.05,2.58,-151.19,-20.56,53.02,-9.03,6.17,1.90,-151.93,4.87,81.14,5
-7.66,-0.35,0.31,-138.11,2.19,31.56,-9.47,5.71,2.38,-125.82,13.40,108.97,5
-8.89,-1.30,0.35,-143.44,7.51,33.09,-9.30,7.69,3.69,-94.85,-3.15,145.07,5
-10.95,-0.24,1.05,-98.29,17.42,9.48,-13.22,10.31,6.60,-74.58,-13.17,223.22,5
-10.51,-1.45,1.50,-97.51,-4.11,10.55,-12.79,9.86,5.69,-39.71,-26.71,250.13,5
-7.58,-0.21,1.11,-59.86,-12.52,14.54,-13.14,10.80,6.57,-61.15,-91.76,250.13,5
-10.82,0.72,0.37,-45.61,-13.98,13.04,-11.63,8.08,4.19,-79.68,-129.63,250.13,5
-7.56,0.63,2.44,-53.82,-1.19,15.74,0.68,1.52,1.69,9.18,-199.08,241.58,5
-9.05,0.02,1.02,-45.42,-3.13,17.34,3.06,0.71,0.51,11.05,-161.26,193.85,5
-9.56,-0.31,0.85,-40.39,2.98,17.15,6.33,-0.55,-3.09,28.38,-104.93,116.73,5
-9.14,-1.03,1.77,-42.47,4.61,16.96,7.29,0.19,-5.46,80.22,13.41,40.60,5
-8.33,-1.58,2.07,-13.18,3.88,1.31,0.62,6.00,3.38,84.66,250.13,-40.77,5
-8.56,-1.27,1.27,-17.67,-12.22,1.94,-19.62,-18.39,19.62,250.13,-250.14,168.08,5
-9.58,-0.04,2.07,-25.82,7.00,-3.44,5.02,6.57,9.38,-73.92,95.77,-76.40,5
-9.73,-1.00,2.34,22.20,0.29,-9.89,4.28,3.03,5.04,5.53,171.96,-147.54,5
-9.07,0.36,1.52,2.23,-8.93,3.82,-0.34,3.31,4.85,35.75,24.80,-237.24,5
-8.50,0.68,1.54,-9.17,-0.15,3.15,-3.09,5.56,3.46,156.15,24.50,-250.14,5
-9.09,-0.11,1.63,-2.19,-5.21,2.01,-4.55,8.55,3.00,-18.14,103.36,-250.14,5
-9.21,1.08,1.60,-6.44,-15.07,0.28,-9.87,15.29,3.60,100.57,86.25,-250.14,5
-8.78,0.26,1.83,-3.80,-5.95,5.85,-10.80,2.48,1.83,-93.65,27.43,-250.14,5
-8.90,-0.03,1.80,0.01,-5.78,10.15,-14.58,2.46,4.27,-121.51,64.29,-237.18,5
-9.45,0.73,1.66,3.46,-11.40,-0.07,-13.90,1.85,7.29,-88.17,4.76,-135.37,5
-8.58,0.94,1.46,-3.30,-14.50,0.90,-11.23,0.96,5.97,35.50,76.75,-35.29,5
-8.41,0.78,2.63,-8.36,-9.12,6.24,-9.41,1.83,4.72,68.61,21.36,79.45,5
-8.38,0.90,2.42,-7.91,-5.06,5.70,-8.10,-2.43,6.38,-40.75,-2.83,9.62,5
-8.57,0.81,2.37,-13.20,-3.10,4.07,-7.82,-3.99,4.84,-53.98,-0.74,-18.24,5
-8.78,0.67,2.51,-14.63,-0.07,2.66,-9.71,-0.85,3.19,16.53,-26.53,-16.76,5
