-8.93,1.39,1.42,-10.62,-9.14,0.88,6.31,-3.17,-6.30,39.11,-14.83,107.95,1
-8.46,0.89,2.05,-4.11,-0.92,-6.77,7.97,-3.87,-6.19,21.88,37.26,-53.06,1
-7.95,0.99,2.07,7.22,0.57,-8.79,5.04,-0.94,-3.54,-51.05,89.95,-202.11,1
-8.38,1.47,1.78,8.40,7.99,-4.68,-0.52,3.43,0.77,-34.24,147.98,-250.14,1
-12.21,0.14,0.55,-22.92,5.34,0.90,-7.93,19.62,15.26,-9.23,0.48,-38.88,1
-9.86,-0.09,2.53,-4.93,-15.43,-7.47,-4.11,19.62,10.38,104.41,-91.70,67.95,1
-6.98,0.06,2.19,11.68,-10.04,-17.65,-1.40,16.85,4.07,5.53,-167.36,197.14,1
-7.93,1.21,1.71,9.56,-2.28,-17.21,-0.14,6.29,0.18,2.25,-143.89,239.51,1
-8.68,0.89,2.01,-9.81,2.93,1.95,6.55,-3.72,-6.56,57.98,-21.76,72.17,1
-8.24,0.54,1.44,-7.78,10.03,-2.28,8.16,-4.03,-6.64,43.40,34.69,-68.18,1
-7.74,1.02,1.60,2.12,7.92,-1.14,5.31,-1.10,-3.65,-31.73,121.74,-203.58,1
-8.61,1.49,1.60,5.43,-5.39,10.54,-0.56,3.80,2.47,-47.53,175.66,-250.14,1
-12.04,0.81,0.19,-21.82,-5.02,7.73,-11.07,19.62,12.43,-64.82,20.53,-81.89,1
-8.46,0.53,1.65,-14.77,-23.21,-2.85,-4.07,19.62,11.34,96.08,-70.11,54.92,1
-6.70,0.70,2.66,0.42,-13.77,-13.58,-0.50,17.76,4.56,40.53,-137.66,192.24,1
-9.05,1.57,1.48,-1.30,-7.87,-14.17,0.01,8.58,2.24,-7.99,-145.11,250.13,1
-8.05,0.80,2.18,-17.16,6.39,-0.89,5.68,-4.08,-6.46,103.24,-47.28,126.70,1
-7.75,0.31,2.04,-3.86,12.93,-4.34,7.14,-4.51,-6.88,36.92,19.61,-26.52,1
-7.78,1.02,2.01,7.98,9.66,-7.62,5.15,-2.52,-4.99,-63.34,110.34,-192.71,1
-8.08,1.18,1.63,12.30,10.24,2.40,0.14,2.87,0.86,-53.33,154.73,-250.14,1
-11.10,0.25,0.13,-12.95,-6.47,1.36,-8.85,19.62,11.64,-66.04,57.65,-86.98,1
-7.59,-0.21,1.40,3.73,-21.49,-11.95,-3.65,19.62,10.93,67.50,-107.98,70.10,1
-7.81,1.22,1.90,6.59,-10.85,-15.89,-0.40,15.34,4.00,18.21,-101.66,198.79,1
-10.19,1.89,1.43,-4.56,-11.73,-8.09,0.64,7.60,-0.07,39.68,-143.82,250.13,1
-7.84,0.63,1.70,-10.10,-1.88,0.99,6.80,-3.76,-4.90,28.51,-46.71,106.84,1
-7.63,0.86,1.72,-6.03,2.31,0.73,8.23,-5.93,-6.56,27.22,38.28,-28.54,1
-8.37,1.34,2.05,0.01,4.69,2.71,5.57,-2.28,-4.28,-44.25,117.10,-193.06,1
-8.01,1.48,2.19,-1.52,13.58,6.22,0.69,2.78,0.48,-68.60,172.21,-250.14,1
-10.61,-0.47,0.19,-7.66,-14.07,-6.29,-7.37,19.62,10.37,-78.52,59.34,-59.73,1
-7.48,0.31,1.87,0.98,-25.61,-15.86,-2.37,18.94,11.96,23.37,-75.25,78.28,1
-8.10,1.24,2.30,2.58,-18.71,-14.85,0.19,12.88,6.38,20.29,-109.77,184.63,1
-10.12,1.43,1.74,-9.95,-8.74,-4.11,1.03,7.04,2.16,66.75,-146.50,216.79,1
-7.72,0.28,2.17,-8.11,3.66,0.25,6.91,-2.09,-5.08,23.37,-33.80,65.16,1
-8.00,0.69,1.67,-0.28,7.12,-1.70,7.38,-3.42,-6.32,-5.65,46.96,-64.02,1
-8.56,1.20,1.71,-1.08,11.17,3.75,4.76,-0.99,-4.80,-37.02,112.92,-201.91,1
-8.36,1.31,1.63,-0.42,14.79,8.50,0.11,5.28,0.81,-37.58,161.40,-250.14,1
-11.88,0.31,-0.02,-10.41,-15.52,0.02,-5.88,19.62,14.61,24.28,-14.82,7.43,1
-8.36,0.34,2.16,1.47,-30.21,-12.25,-1.23,17.93,8.75,78.78,-121.35,109.82,1
-7.78,1.15,2.75,1.43,-11.95,-13.77,0.72,10.87,3.30,46.23,-108.40,182.91,1
-9.22,1.23,1.83,-2.86,-6.36,-3.57,1.87,6.17,-1.22,51.89,-105.53,191.05,1
-8.12,0.91,1.86,-4.20,-2.71,0.41,6.91,-2.95,-6.32,24.53,-18.06,29.89,1
-7.75,1.02,2.05,-1.15,1.63,-1.25,7.18,-2.94,-6.13,-1.12,48.30,-86.56,1
-8.27,1.21,1.77,-1.46,10.99,1.11,4.66,0.39,-3.78,-35.74,109.41,-212.95,1
-8.25,1.16,1.76,0.79,14.89,6.36,-0.61,7.99,2.89,-20.71,137.70,-250.14,1
-10.38,0.51,0.96,-7.97,-14.28,-2.65,-4.94,19.62,11.44,-20.38,-19.04,25.67,1
-7.89,0.50,2.51,5.60,-23.16,-14.93,-0.91,16.95,8.27,42.31,-94.29,118.46,1
-8.41,1.09,2.03,5.07,-11.99,-16.27,0.70,10.23,1.31,6.27,-83.86,187.92,1
-9.34,1.47,1.61,0.57,-6.70,-4.76,2.35,4.63,-0.72,37.50,-114.95,182.97,1
-7.75,0.83,2.19,-3.43,-4.29,-3.60,7.74,-2.24,-5.40,12.21,-6.88,13.62,1
-7.53,0.80,2.39,2.79,7.24,-6.24,7.11,-1.87,-5.59,-14.30,46.28,-107.92,1
-8.31,1.26,2.00,1.46,14.63,0.47,3.70,1.05,-2.36,-37.37,109.19,-219.65,1
-8.27,1.33,1.70,-1.79,18.63,7.26,-0.53,10.32,4.56,-5.11,120.95,-231.98,1
-11.20,-0.35,0.60,-2.87,-21.85,-9.77,-2.96,19.62,8.83,53.37,-73.54,82.26,1
-8.10,0.27,1.44,9.02,-25.99,-17.76,-0.24,15.51,3.72,46.07,-108.33,169.69,1
-8.24,1.14,2.08,4.98,-17.53,-14.95,2.32,6.67,-0.30,20.66,-85.42,213.44,1
-8.91,1.55,1.82,-0.50,-12.48,-3.85,3.83,2.18,-2.64,54.55,-78.68,188.05,1
-7.55,0.55,2.47,-0.49,4.23,-4.35,7.32,-2.28,-5.44,-26.04,41.74,-89.08,1
-7.72,0.74,1.94,2.16,12.09,-3.17,5.21,-1.02,-4.00,-71.12,85.24,-183.35,1
-8.41,1.16,1.91,0.57,13.89,4.42,0.93,3.16,0.78,-40.08,129.12,-250.14,1
-9.22,1.45,1.11,1.24,22.17,10.31,-1.85,14.21,5.14,-33.37,106.82,-212.63,1
-8.49,0.09,2.31,4.13,-24.00,-10.66,-1.19,19.62,7.49,77.42,-114.92,117.25,1
-7.07,0.42,2.59,10.40,-19.41,-16.68,0.33,14.88,2.84,3.85,-123.56,207.05,1
-8.84,1.53,1.89,-1.53,-16.95,-13.16,1.04,5.54,-0.39,16.35,-120.44,244.81,1
-9.49,1.14,1.64,-4.24,-11.55,0.64,1.61,2.23,-2.98,36.73,-111.82,220.15,1
-7.47,0.41,2.29,4.73,4.92,-6.15,8.70,-4.95,-6.73,-9.56,46.01,-103.49,1
-7.94,0.91,2.18,4.96,12.17,-5.55,5.68,-2.66,-5.20,-39.79,122.34,-197.64,1
-8.50,1.17,1.74,0.59,14.47,3.97,0.74,2.02,-0.70,-28.76,162.24,-250.14,1
-9.55,1.39,1.74,-2.66,19.93,12.98,-4.18,12.23,5.74,-27.50,153.49,-250.14,1
-8.56,-0.03,2.32,2.95,-19.31,-10.06,-2.46,19.62,11.17,88.30,-97.89,90.18,1
-7.99,0.57,2.19,12.05,-17.88,-15.66,-0.68,16.26,4.69,34.85,-105.72,182.63,1
-9.31,1.63,1.93,1.20,-12.60,-9.60,0.39,6.78,0.61,11.68,-133.67,217.44,1
-9.05,0.86,1.44,-6.27,-2.24,0.00,2.11,1.40,-2.16,53.60,-128.32,186.85,1
-7.56,0.86,2.24,-0.61,8.21,-3.17,7.14,-3.07,-7.29,-16.11,61.94,-117.85,1
-8.07,1.18,2.05,-0.59,14.95,-0.39,4.03,-0.68,-4.67,-78.13,114.58,-216.90,1
-8.72,1.20,1.60,-2.04,18.54,6.59,-1.51,7.36,3.31,-35.94,136.01,-250.14,1
-11.83,1.09,1.02,-21.69,17.05,7.68,-5.36,19.62,6.21,-99.24,105.99,-175.76,1
-7.69,0.16,2.12,14.23,-18.92,-19.58,-0.59,16.68,4.51,38.60,-103.33,165.27,1
-8.77,1.17,2.02,6.92,-13.51,-14.68,0.81,9.49,0.77,11.50,-105.21,213.34,1
-9.89,1.37,1.18,-2.56,-9.17,-2.76,1.87,3.63,-0.92,47.21,-138.12,200.20,1
-8.68,0.41,1.96,-10.36,1.55,-0.26,5.70,-1.42,-6.30,56.04,-71.52,134.59,1
-7.99,1.13,1.82,2.24,12.33,0.27,4.94,-0.71,-5.52,-64.52,106.99,-175.02,1
-8.88,1.32,1.21,-2.18,12.69,6.50,1.64,2.35,-1.44,-45.66,142.94,-229.74,1
-9.86,1.42,1.11,-7.43,12.98,13.76,-1.84,14.04,6.67,-13.02,132.06,-201.19,1
-11.51,0.14,0.46,-17.40,-9.15,6.74,-6.36,19.62,8.01,-97.87,71.47,-86.34,1
-7.91,0.69,2.59,3.47,-13.35,-15.91,1.46,12.01,2.02,32.21,-98.42,171.37,1
-8.56,1.38,2.24,-4.27,-8.18,-7.73,2.09,7.03,-0.46,10.98,-92.92,192.02,1
-9.37,1.05,1.48,-7.73,2.08,1.86,3.07,3.21,-2.84,33.96,-99.56,155.77,1
-8.52,0.48,1.64,-7.16,0.51,-0.44,6.42,-0.27,-5.92,55.80,-38.24,84.62,1
-8.15,1.13,1.97,2.33,8.29,-0.76,4.18,-0.51,-3.37,-66.09,93.87,-203.56,1
-8.27,1.20,2.10,-3.08,14.95,5.90,0.43,2.10,0.55,-48.02,130.79,-250.14,1
-9.72,1.45,1.70,-7.59,27.02,15.29,-4.31,11.64,5.21,-59.87,156.18,-250.14,1
-12.88,-0.46,0.22,-21.18,-0.21,12.44,-10.77,19.62,11.26,-9.46,46.20,-117.57,1
-6.68,0.72,2.31,7.72,-14.59,-17.89,-1.40,14.38,1.85,-26.90,-129.19,235.89,1
-9.20,1.65,1.86,-4.24,-8.66,-13.44,-0.18,6.58,-0.96,-21.06,-119.34,250.13,1
-9.92,1.08,0.84,-6.04,-10.47,3.07,1.73,1.38,-3.70,35.63,-109.31,225.97,1
-8.33,0.55,1.93,-6.17,5.65,0.32,6.09,-3.15,-6.91,54.99,-19.31,103.53,1
-8.05,1.27,1.70,5.75,10.45,-0.69,3.48,-0.80,-3.07,-60.32,136.69,-206.89,1
-8.43,1.20,1.20,4.55,16.24,8.83,-0.22,3.19,1.23,0.53,146.50,-250.14,1
-11.49,1.79,1.55,-7.05,12.86,18.05,-3.56,15.89,5.41,27.69,119.66,-220.30,1
-11.79,-0.57,0.35,-12.08,-7.22,4.08,-8.56,19.62,11.52,6.98,31.75,-39.68,1
-7.70,0.71,1.55,5.27,-9.24,-17.31,0.09,10.17,1.89,-16.56,-109.24,226.76,1
-9.30,1.32,1.08,0.93,-10.37,-5.02,0.30,4.05,-1.45,-11.08,-116.82,233.56,1
-9.81,1.51,1.72,-10.77,-14.01,5.53,3.46,-1.29,-4.81,22.29,-98.30,171.38,1
-8.40,0.25,2.03,-6.39,-2.66,-1.36,6.93,-3.31,-6.60,54.24,-27.72,37.69,1
-8.16,1.41,1.41,4.44,13.87,2.54,2.84,1.16,-2.49,3.34,103.25,-240.02,1
-9.62,1.42,1.62,-1.53,17.13,6.74,-1.20,7.81,1.40,43.62,136.79,-250.14,1
-11.42,1.09,1.04,-2.40,-4.45,13.04,-5.32,19.62,4.06,-44.63,106.57,-208.67,1
-9.45,-0.44,0.87,-1.73,-17.04,-3.27,-6.73,19.62,11.56,-23.98,6.50,-13.41,1
-9.37,2.10,1.87,-0.60,-17.68,-8.77,-0.51,9.14,1.19,-14.30,-111.44,232.65,1
-9.82,1.67,1.85,-7.92,-5.25,1.78,1.07,4.03,-1.49,45.67,-133.46,215.34,1
-8.76,0.85,1.72,-10.14,6.66,0.92,4.19,0.82,-3.26,50.95,-90.23,159.66,1
-7.17,0.58,1.72,-4.97,5.24,-3.75,7.78,-3.91,-7.06,17.08,-0.82,32.04,1
-9.47,1.47,1.83,-6.08,26.05,4.27,2.58,1.86,-1.87,-18.16,130.11,-238.38,1
-11.96,0.92,1.94,-1.28,6.18,11.57,-1.56,11.84,6.34,1.28,107.93,-241.53,1
-9.32,-0.53,0.22,-1.19,-9.79,0.10,-6.21,19.62,5.82,-60.11,59.15,-139.68,1
-7.20,-0.02,1.30,3.93,-25.82,-11.34,-3.78,19.62,11.51,25.45,-63.16,79.73,1
-9.69,1.70,2.20,-8.19,-9.19,-1.98,1.71,6.33,-0.88,45.05,-114.95,226.66,1
-9.21,0.49,1.80,-11.86,4.96,-3.18,3.77,2.91,-2.48,23.71,-105.73,187.97,1
-7.53,0.28,1.73,-1.68,2.73,-7.60,6.39,-1.77,-5.13,-7.18,-37.36,99.47,1
-7.58,1.05,1.81,3.11,1.63,-6.05,7.38,-4.43,-6.53,-6.64,60.66,-43.10,1
-10.77,1.06,1.62,-2.53,17.27,11.03,0.29,5.83,1.27,3.91,142.54,-250.14,1
-11.08,0.22,1.58,-3.71,-0.36,4.19,-2.13,17.13,5.57,-26.98,107.97,-224.45,1
-8.35,-0.71,1.17,-3.27,-8.55,-10.76,-5.65,19.62,10.77,-110.22,48.50,-34.73,1
-7.13,0.43,2.26,10.74,-18.51,-14.15,-0.85,18.25,8.61,39.74,-98.38,129.18,1
-9.90,0.88,2.36,-11.19,4.99,0.26,2.83,4.23,-1.01,28.20,-142.69,190.02,1
-8.42,0.68,1.55,-9.66,14.13,-3.38,4.80,2.07,-2.56,19.35,-109.60,146.13,1
-7.69,0.61,1.43,-2.03,5.38,-3.44,6.98,-1.90,-5.25,-10.62,-20.98,61.66,1
-8.21,1.12,1.54,-6.78,3.58,1.56,7.41,-3.70,-6.49,16.32,70.19,-73.56,1
-10.84,0.74,1.86,-0.49,8.89,12.24,-1.35,9.05,4.55,-24.21,136.24,-250.14,1
-10.05,0.60,0.76,-10.85,-9.79,6.66,-3.48,19.31,5.30,-39.37,83.85,-196.06,1
-8.55,0.03,0.48,-9.63,-13.89,-9.37,-2.41,19.62,13.45,-4.40,19.73,9.22,1
-8.07,0.88,2.45,4.66,-23.04,-15.99,0.44,16.86,6.28,31.94,-99.43,160.75,1
-8.64,0.73,1.55,-15.11,10.73,0.43,3.08,3.04,-1.89,37.38,-136.65,171.59,1
-8.03,0.38,1.47,-12.76,10.79,2.32,5.99,-0.61,-5.68,35.37,-65.57,114.11,1
-7.91,0.68,1.30,0.65,3.16,-0.36,7.12,-3.45,-7.13,-11.16,57.02,-23.80,1
-8.37,1.46,1.85,3.55,10.38,5.07,5.25,-1.58,-4.88,-33.84,114.11,-163.83,1
-10.63,1.57,1.22,-9.77,12.50,4.99,-0.25,14.66,6.87,15.09,102.21,-174.96,1
-10.89,0.26,-0.01,-15.57,-2.96,-0.59,-3.41,19.62,7.81,-27.82,12.47,-60.93,1
-9.11,0.06,1.61,4.19,-17.50,-15.99,-1.72,19.62,9.89,-4.22,-33.92,92.78,1
-8.35,1.28,1.99,3.56,-15.44,-15.74,0.37,13.92,3.92,-42.45,-102.56,184.70,1
-9.20,0.63,0.90,-1.08,2.22,-2.41,4.57,1.17,-3.24,18.55,-89.87,149.23,1
-8.36,0.54,1.26,0.39,-3.08,-3.89,7.20,-3.16,-6.25,17.55,-21.75,76.31,1
-8.02,0.77,1.46,3.75,-5.66,-4.31,7.76,-4.97,-6.33,21.85,52.16,-56.95,1
-8.36,1.06,1.52,1.94,6.25,-1.57,5.04,-2.37,-4.47,26.59,107.53,-206.39,1
-9.88,1.59,0.85,-6.54,13.15,10.67,-5.44,19.62,6.34,-2.09,51.38,-199.30,1
-12.47,0.70,0.04,-26.75,2.50,8.15,-5.77,19.62,12.49,16.50,35.31,-37.42,1
-9.19,0.29,2.03,4.67,-20.21,-9.20,-1.04,19.62,8.96,28.89,-112.42,118.58,1
-8.22,1.38,1.96,1.44,-15.69,-17.80,-1.16,13.12,2.47,-44.79,-146.42,210.21,1
-9.07,0.86,1.08,-9.23,-0.37,1.07,3.62,0.06,-4.56,4.24,-81.87,166.47,1
-8.28,0.84,1.36,-10.11,-0.53,-2.52,7.17,-3.82,-6.71,17.07,-14.28,75.92,1
-7.97,0.58,1.85,-4.90,-0.79,-7.15,7.99,-5.98,-7.84,34.08,89.37,-84.34,1
-8.25,1.10,1.55,0.08,12.52,-3.60,4.53,-2.53,-5.75,20.19,153.07,-236.02,1
-10.87,1.20,0.31,-25.47,11.40,11.29,-7.21,19.62,6.92,-37.92,148.72,-166.45,1
-11.68,-1.19,0.53,-14.53,-7.91,1.34,-6.30,19.62,15.09,10.80,-51.98,24.80,1
-7.48,0.09,2.46,12.72,-19.76,-19.45,-1.98,17.11,6.88,-16.81,-137.20,129.82,1
-8.11,1.17,1.83,6.72,0.98,-14.85,-0.10,9.36,0.20,-11.56,-150.11,200.43,1
-9.31,0.48,0.98,-0.95,2.12,-1.60,5.20,-0.34,-5.44,-17.90,-77.79,113.96,1
-8.21,0.60,1.25,3.25,-9.89,0.07,8.61,-3.56,-7.51,4.69,13.56,26.53,1
-7.81,0.80,1.58,2.73,3.47,-1.95,7.53,-3.10,-5.96,3.40,77.21,-110.23,1
-8.50,1.39,1.15,1.61,13.01,5.94,3.21,0.47,-2.94,-40.27,130.92,-237.21,1
-11.42,0.91,-0.12,-21.02,-0.60,9.05,-7.59,19.62,8.03,-8.56,91.20,-99.91,1
-10.35,-0.02,0.68,-8.80,-14.50,-2.63,-4.24,19.62,12.28,57.71,-63.12,80.61,1
-8.05,0.88,1.83,2.57,-12.63,-15.40,-0.21,16.07,4.30,10.17,-115.42,193.14,1
-8.78,1.51,1.10,-1.74,-5.58,-11.84,0.83,6.59,0.06,-52.45,-135.22,229.79,1
-8.61,0.39,1.07,-5.68,-6.31,-5.00,8.16,-3.54,-7.02,6.47,16.26,35.22,1
-8.07,0.64,1.22,-1.31,-5.29,-4.88,7.92,-3.35,-7.01,-20.61,84.55,-74.39,1
-8.22,0.99,1.25,-1.85,9.81,0.25,4.40,-0.44,-4.18,-26.92,134.05,-187.69,1
-8.99,1.07,1.06,-0.51,16.47,7.63,-1.19,7.36,4.83,29.78,139.82,-223.19,1
-11.89,-0.10,-0.15,-3.76,-6.11,-2.63,-4.38,19.62,11.95,18.08,-56.17,60.62,1
-8.53,0.71,1.49,9.00,-17.49,-11.95,-1.14,16.00,5.51,-40.07,-134.18,142.37,1
-8.83,1.16,0.72,4.79,-9.47,-11.96,1.40,7.51,0.17,-40.01,-147.44,190.93,1
-8.93,1.66,1.00,1.40,-5.30,-5.27,3.30,2.78,-1.91,0.91,-112.78,170.57,1
-8.01,0.53,1.70,2.95,-1.18,-7.87,8.34,-3.64,-6.04,13.08,70.55,-86.42,1
-8.05,1.08,1.44,9.59,5.89,-3.81,4.30,-0.11,-3.12,-16.70,108.32,-205.64,1
-8.50,1.19,0.88,13.85,13.76,7.59,-1.26,10.27,7.46,38.24,105.62,-226.43,1
-9.72,1.17,-0.03,-2.34,12.15,11.61,-5.24,19.62,7.76,-36.34,76.76,-142.65,1
-7.97,0.75,1.90,11.61,-13.60,-14.05,1.16,12.83,3.83,-9.69,-140.24,179.09,1
-8.68,1.28,1.17,7.95,-6.27,-9.13,2.99,5.66,-0.37,-2.54,-114.08,206.85,1
-8.98,1.57,0.92,3.56,-1.77,-0.98,3.54,1.18,-2.77,-11.86,-96.61,164.48,1
-8.85,0.76,0.74,-2.76,-5.65,-1.69,7.99,-4.52,-7.25,24.15,-17.09,61.05,1
-8.19,1.62,1.11,7.88,8.11,2.89,2.62,1.73,-1.02,-16.48,119.74,-250.14,1
-8.84,1.99,0.81,2.78,10.96,11.93,-0.67,11.95,8.33,58.37,121.41,-226.15,1
-10.95,0.91,0.55,-17.90,11.14,11.90,-6.93,19.62,8.72,-26.49,86.02,-102.19,1
-11.52,-0.16,1.19,-5.85,-19.53,-3.20,-2.42,19.62,11.96,35.34,-65.37,59.44,1
-8.67,1.88,0.89,2.47,-7.56,-6.95,1.96,4.41,-0.75,-9.95,-116.92,190.12,1
-9.12,1.65,-0.05,-3.67,-6.17,2.93,3.44,0.57,-3.28,-1.95,-80.93,148.66,1
-9.12,1.03,0.80,-10.85,-6.16,2.34,7.65,-2.67,-6.31,28.74,-31.08,48.04,1
-7.94,0.74,1.42,-7.56,4.34,-3.95,8.51,-2.71,-5.95,9.75,52.19,-95.60,1
-8.91,1.82,1.23,-12.53,15.52,12.63,-1.65,12.27,6.35,49.80,143.37,-214.40,1
-11.28,0.67,0.27,-18.50,1.31,14.19,-6.14,19.62,5.75,-22.53,126.52,-112.30,1
-9.49,-0.01,1.31,-7.42,-12.69,-6.13,-2.91,19.62,12.88,29.82,-49.60,87.10,1
-7.50,0.69,1.78,9.37,-12.07,-16.82,1.13,15.24,5.05,-14.01,-90.05,191.66,1
-9.40,0.98,0.81,-14.37,1.43,-2.06,3.38,1.17,-1.44,-18.67,-80.69,145.07,1
-8.06,0.75,1.33,-2.60,1.23,-6.15,6.20,-2.21,-4.92,-8.72,-24.87,55.07,1
-7.87,1.12,1.21,-0.08,6.45,-7.80,7.34,-2.89,-5.05,6.02,37.11,-74.56,1
-8.39,1.59,1.05,-2.56,12.50,-1.09,5.62,-1.13,-4.23,7.50,96.11,-184.24,1
-11.59,-0.06,-0.02,-21.15,-0.23,4.66,-3.48,19.62,5.51,-22.60,152.15,-172.78,1
-9.41,-1.17,0.86,3.37,-18.36,-14.93,-4.62,19.62,13.28,39.09,-11.44,35.37,1
-7.99,0.46,1.62,6.47,-10.65,-18.44,0.51,19.03,6.03,-59.37,-92.49,181.02,1
-9.39,1.40,0.43,1.36,-8.44,-13.25,0.34,7.83,1.20,-36.90,-128.34,243.74,1
-8.31,0.27,0.98,-7.06,-2.57,-0.69,6.82,-4.72,-6.70,7.16,-13.26,61.34,1
-7.97,0.94,1.11,1.60,-3.58,1.26,8.33,-6.21,-6.37,-7.56,61.56,-92.26,1
-8.16,1.41,1.20,-4.33,7.72,5.27,5.21,-2.20,-3.62,3.99,113.21,-207.89,1
-8.09,1.40,1.19,-7.23,11.13,13.54,0.33,5.35,2.74,21.21,151.93,-250.14,1
-10.44,-0.55,0.82,-1.58,-9.60,-6.21,-4.59,19.62,15.10,4.72,-106.73,65.47,1
-7.60,0.62,1.20,21.62,-23.23,-15.35,0.15,15.22,5.89,-36.27,-125.40,173.08,1
-8.89,2.24,0.79,6.21,-11.50,-10.67,0.86,5.43,0.48,-0.21,-126.90,227.81,1
-9.59,1.63,0.71,-9.11,-8.47,3.76,2.28,0.71,-2.10,31.31,-122.58,187.63,1
-7.91,1.03,1.20,5.05,4.55,-5.34,7.49,-4.36,-6.18,-18.18,67.21,-135.11,1
-8.43,1.85,1.11,2.28,6.72,0.49,3.88,-0.28,-3.72,-24.79,123.56,-233.29,1
-8.45,1.85,0.85,-5.65,12.88,11.08,-1.77,9.89,5.25,33.02,148.61,-250.14,1
-10.86,1.20,0.22,-21.36,12.29,9.56,-5.77,19.62,5.58,-8.73,101.08,-165.86,1
-7.83,0.25,1.52,10.34,-12.71,-19.47,0.76,16.78,5.79,-39.67,-116.73,178.83,1
-8.56,1.46,1.27,8.69,-8.47,-13.85,0.86,7.77,1.05,-29.98,-131.42,219.69,1
-9.47,1.91,0.25,-3.66,-10.24,-1.93,1.72,1.99,-1.52,-2.78,-105.47,196.70,1
-8.82,0.68,1.21,-4.61,-8.08,1.69,5.16,-2.51,-5.82,9.89,-55.89,117.02,1
-7.71,1.11,1.56,4.93,7.56,-2.90,5.12,-1.56,-4.61,-28.52,107.32,-198.30,1
-8.27,1.70,1.03,1.57,11.56,4.76,1.41,3.63,-0.22,-2.18,136.46,-246.99,1
-9.26,1.58,0.87,-4.46,18.81,9.63,-1.33,14.43,5.59,49.37,113.21,-206.44,1
-12.82,0.31,1.04,-17.89,5.02,2.76,-6.13,19.62,13.06,13.52,17.46,-26.34,1
-8.38,1.10,1.41,8.07,-7.34,-14.93,1.40,9.36,1.32,-11.74,-121.76,209.38,1
-9.35,1.99,0.20,-1.84,-9.15,-3.57,1.91,4.06,-1.26,-7.70,-105.79,213.71,1
-9.09,0.93,1.39,-11.01,-5.21,2.24,3.18,0.41,-2.76,-21.79,-80.37,157.76,1
-8.39,0.78,1.27,-4.15,-7.79,-3.79,7.80,-5.17,-7.96,25.69,-6.51,37.65,1
-8.05,1.64,1.33,-2.34,6.98,3.24,2.75,0.97,-2.63,-23.43,131.22,-250.14,1
-8.62,1.33,1.17,-1.44,12.85,9.13,-1.33,11.22,7.99,39.77,110.47,-240.93,1
-10.44,1.10,0.36,-16.24,6.90,8.08,-4.76,19.62,7.05,-22.05,144.26,-155.74,1
-12.16,-0.13,1.27,-13.25,-13.14,-2.17,-2.72,19.62,12.94,55.42,-46.14,51.00,1
-8.77,1.43,1.36,0.73,-9.60,-11.30,0.96,6.09,-0.43,-36.27,-121.56,228.63,1
-9.64,1.84,0.09,-18.24,-10.29,-5.04,1.33,1.70,-2.08,-24.83,-97.47,201.98,1
-9.15,0.61,2.59,-18.98,-0.17,2.29,5.50,-3.16,-5.74,2.14,-58.95,121.47,1
-7.59,0.32,2.04,0.15,-10.43,-4.30,8.09,-4.67,-6.17,20.39,26.64,-28.66,1
-8.81,1.52,1.56,-13.72,20.19,4.50,0.53,2.89,-0.94,75.87,112.79,-250.14,1
-8.67,1.39,0.64,-0.58,25.06,12.68,-2.23,13.87,7.26,64.23,91.20,-250.14,1
-11.09,1.43,0.54,-12.67,0.44,6.89,-7.07,19.62,6.86,-53.75,68.89,-106.81,1
-11.39,-0.57,1.27,-10.33,-24.03,-6.54,-1.76,19.62,10.06,43.99,-46.37,91.49,1
-8.56,1.46,1.20,-4.21,-3.75,-6.40,1.04,4.95,-1.80,-35.97,-90.50,235.45,1
-8.89,1.32,0.96,-4.60,-6.38,6.17,2.57,0.71,-3.77,-31.56,-78.16,200.55,1
-8.93,0.71,1.54,-10.64,-12.15,0.69,6.73,-5.68,-8.23,-0.74,-8.93,101.02,1
-7.55,0.48,2.18,-5.51,-3.59,-6.40,7.54,-6.23,-7.19,34.32,58.16,-65.29,1
-8.35,1.25,1.20,-11.08,14.70,8.51,-1.59,8.69,4.41,38.73,116.47,-250.14,1
-9.63,1.56,1.86,-21.33,22.79,8.11,-4.56,19.62,3.05,30.96,49.63,-213.63,1
-12.85,-0.30,0.48,-27.92,-18.44,-2.43,-4.96,19.62,12.27,10.21,21.53,29.34,1
-8.16,-0.70,2.10,12.46,-19.67,-20.56,-0.63,19.62,4.80,11.44,-74.60,174.08,1
-9.24,1.08,1.09,0.02,-10.07,9.19,2.47,-0.14,-3.96,-40.00,-69.83,207.47,1
-9.58,0.32,1.84,-2.56,-13.79,3.47,5.19,-5.11,-7.64,-6.46,-24.60,134.24,1
-7.47,0.45,2.34,0.82,-4.76,-2.19,7.92,-6.67,-7.75,7.51,40.68,-44.35,1
-8.10,1.21,1.64,3.60,10.08,6.85,6.37,-3.65,-5.53,11.13,82.79,-200.29,1
-8.83,1.85,0.68,-16.22,33.39,12.95,-2.49,18.47,5.76,34.83,90.03,-226.98,1
-12.07,1.34,-0.67,-30.81,-5.12,6.95,-6.11,19.62,10.72,-55.68,39.02,-40.33,1
-10.11,-0.63,2.77,-9.08,-21.81,-9.42,-1.67,19.62,7.82,46.95,-79.15,125.69,1
-7.86,0.57,1.78,8.05,-10.33,-16.60,-0.20,13.27,2.23,9.62,-127.68,214.11,1
-9.79,0.88,1.42,-6.29,-20.32,1.24,4.28,-3.19,-5.91,-14.37,-61.63,148.53,1
-8.22,0.30,2.45,-3.53,-16.50,-4.43,9.07,-7.32,-9.54,36.88,9.51,24.56,1
-7.70,0.53,1.98,7.23,0.64,-0.92,8.04,-4.32,-5.82,9.31,52.50,-153.85,1
-8.11,1.90,1.82,6.02,10.95,4.63,3.68,0.32,-2.42,-37.08,118.79,-250.14,1
-10.97,1.43,0.12,-16.37,11.44,4.82,-9.89,19.62,8.33,-112.27,82.16,-103.49,1
-12.17,-0.17,1.45,-24.94,-26.71,-3.76,-3.24,19.62,13.79,59.78,-55.47,82.70,1
-8.54,-0.37,1.64,14.11,-4.79,-19.64,-0.47,17.30,4.24,38.03,-114.63,180.49,1
-8.02,1.34,1.20,11.74,-1.24,-13.20,-0.19,7.42,-0.87,4.67,-136.81,249.28,1
-8.48,0.59,2.12,-8.64,-10.32,-0.69,6.85,-5.53,-7.68,14.27,-14.30,85.34,1
-7.53,0.53,2.10,1.99,-4.44,-9.76,7.84,-6.33,-7.70,24.10,33.24,-55.24,1
-8.14,0.90,1.69,8.68,1.88,-7.68,5.92,-2.57,-5.84,-5.60,85.14,-211.28,1
-8.17,1.37,2.33,-0.41,14.31,3.04,0.63,3.30,-1.28,17.30,143.42,-250.14,1
-13.44,-0.60,0.58,-18.26,-1.52,4.04,-4.33,19.62,12.74,12.36,22.55,22.53,1
-9.45,0.17,2.65,18.73,-16.21,-14.66,-2.25,19.62,6.61,4.11,-78.54,138.56,1
-7.80,0.91,1.62,10.42,-0.60,-16.40,0.54,12.30,1.37,-31.31,-112.00,217.11,1
-9.28,1.53,0.70,3.24,3.15,1.58,2.20,4.51,-2.87,-42.63,-85.96,222.18,1
-8.09,1.34,1.19,-3.34,-9.24,-7.81,8.23,-6.35,-7.88,21.06,21.92,24.41,1
-7.76,0.88,1.45,-0.85,-1.42,-11.75,6.79,-4.66,-5.75,30.39,70.49,-91.85,1
-7.93,1.57,1.51,0.62,5.74,2.61,4.47,-1.03,-3.68,-4.47,101.16,-217.98,1
-8.29,1.82,1.92,-7.38,8.66,4.80,-0.42,6.49,2.74,39.03,106.64,-250.14,1
-12.85,-0.42,-0.10,-27.82,-10.18,0.23,-3.64,19.62,13.74,37.92,-4.87,41.41,1
-9.21,-0.18,1.67,-0.66,-20.63,-11.55,-0.52,19.39,5.76,-36.98,-79.25,151.18,1
-7.72,0.92,1.68,2.57,-12.53,-12.97,-0.18,9.15,1.07,-48.18,-101.18,228.76,1
-9.96,1.51,0.18,-14.15,-6.30,-2.40,0.52,2.66,-2.08,-10.87,-113.37,205.85,1
-7.27,0.48,1.87,-2.73,-11.20,-6.66,7.99,-4.55,-8.19,5.32,24.94,1.30,1
-7.76,0.80,2.05,0.65,-8.02,-5.58,7.63,-3.64,-7.70,-9.55,76.21,-103.06,1
-9.06,1.10,1.37,-20.63,10.45,7.56,4.50,-0.18,-5.31,31.88,114.11,-218.31,1
-8.63,1.66,2.10,-6.91,32.77,18.93,-2.19,13.12,4.97,78.05,95.54,-250.14,1
-11.37,-1.26,2.12,-14.64,-39.18,-18.26,-3.21,17.77,11.18,-10.77,-36.43,93.16,1
-7.74,-0.65,2.25,15.38,-16.29,-22.83,-2.13,15.67,7.35,24.12,-115.39,141.95,1
-8.95,1.24,1.88,10.26,-10.38,-5.88,1.03,10.08,1.58,15.75,-187.04,215.28,1
-9.33,2.00,1.53,3.30,-16.90,-0.17,4.33,3.22,-3.74,18.40,-125.99,213.47,1
-7.22,0.34,2.67,13.43,-6.27,-14.38,7.63,-6.14,-7.21,-10.43,79.21,-52.73,1
-7.73,0.50,2.22,8.83,5.43,0.50,5.90,-4.43,-5.51,26.64,96.66,-162.15,1
-8.06,1.31,2.16,2.87,20.08,3.19,1.49,1.03,-2.34,5.11,143.98,-250.14,1
-7.77,1.31,2.02,5.56,23.48,9.90,-4.69,9.99,7.64,-48.66,146.85,-250.14,1
-9.38,-0.21,1.66,10.31,-7.79,-13.50,-1.84,19.62,12.32,86.48,-126.39,93.19,1
-7.11,0.69,1.91,22.93,-9.27,-21.25,-0.53,18.60,6.21,29.55,-143.76,188.09,1
-9.08,1.95,0.89,-3.95,-5.95,-13.79,-0.35,7.83,-0.29,3.10,-152.64,250.13,1
-9.72,1.22,0.93,-9.21,0.05,3.09,1.48,1.40,-3.41,-1.37,-122.57,234.45,1
-7.46,0.78,1.74,-6.30,0.36,-7.28,8.00,-8.07,-8.33,-12.33,119.15,-117.06,1
-7.73,0.98,1.77,-9.52,7.19,0.47,4.03,-3.28,-4.14,-15.63,154.59,-212.88,1
-8.59,1.43,1.21,-11.90,19.88,10.15,-1.69,5.69,4.78,31.34,146.27,-250.14,1
-10.79,0.54,0.66,-23.75,13.44,9.82,-6.37,19.62,8.03,61.13,73.19,-192.31,1
-7.33,0.25,2.39,20.63,-16.50,-16.89,0.01,16.53,5.10,-0.29,-116.51,179.20,1
-8.85,1.70,1.64,5.35,-9.79,-11.68,0.77,8.89,0.52,-19.24,-131.06,243.93,1
-9.50,1.38,1.15,-2.44,-8.79,1.88,2.01,1.07,-2.99,-5.84,-121.67,227.66,1
-8.84,0.66,1.49,-10.63,-0.95,3.78,6.08,-3.82,-6.52,28.31,-80.16,127.25,1
-8.19,1.13,1.83,2.31,9.02,-1.50,4.86,-2.71,-5.91,-43.14,144.09,-230.81,1
-8.42,1.38,1.56,-2.79,17.50,5.18,0.09,1.28,-0.37,-50.49,165.37,-250.14,1
-8.34,1.59,1.43,-1.66,13.11,16.62,-4.56,11.42,9.15,-2.31,153.74,-250.14,1
-12.41,0.48,0.53,-25.24,15.89,3.29,-10.99,19.62,12.61,42.36,29.92,-80.95,1
-7.99,0.95,2.13,9.49,-17.96,-18.25,0.29,12.13,1.86,-13.51,-152.98,235.95,1
-8.77,1.66,1.35,-0.11,-0.39,-9.87,0.94,5.21,-1.62,5.80,-136.48,250.13,1
-9.76,0.94,0.66,-7.50,-0.25,2.54,2.77,-0.26,-4.96,3.35,-94.34,215.56,1
-8.10,0.66,1.56,-15.88,-3.81,-1.75,8.22,-7.94,-10.85,24.05,20.87,59.42,1
-8.13,1.31,1.63,-2.11,14.60,2.89,1.64,0.48,-1.44,-30.27,158.12,-250.14,1
-8.49,1.31,0.96,-2.95,17.40,12.58,-2.98,10.42,8.37,21.22,124.69,-250.14,1
-9.70,0.94,1.49,-16.71,22.36,13.18,-8.17,19.62,10.84,-85.27,49.88,-151.18,1
-12.81,-0.78,-0.43,-9.48,-17.21,0.27,-7.33,19.62,13.75,81.70,-83.69,37.79,1
-8.48,1.49,0.97,5.24,-10.63,-11.89,0.96,6.50,-0.16,-10.17,-146.60,233.80,1
-9.64,1.73,0.71,-4.60,-12.26,-0.47,1.96,1.58,-3.07,21.07,-132.19,217.58,1
-9.08,0.64,1.44,-13.92,-5.23,2.32,4.97,-2.98,-6.58,39.69,-92.71,132.46,1
-7.91,0.25,1.47,-4.75,-5.79,-2.26,8.36,-6.62,-8.71,32.60,23.04,-44.94,1
-8.49,1.27,1.34,-0.19,14.41,7.90,-1.84,4.48,1.78,9.44,157.50,-250.14,1
-8.37,1.95,1.23,11.85,12.42,21.44,-4.17,14.24,6.26,21.58,131.20,-250.14,1
-11.25,0.89,0.44,-19.17,12.05,11.92,-9.14,19.62,12.66,-28.43,45.02,-47.79,1
-10.99,0.45,1.65,3.24,-25.39,-1.55,-2.50,19.62,10.08,47.34,-104.24,97.92,1
-8.64,1.30,0.86,11.28,-6.27,-14.59,1.03,4.71,-2.10,-23.02,-108.18,231.31,1
-9.40,1.49,0.89,3.44,-9.15,-1.79,1.97,0.50,-4.51,-23.10,-94.65,205.19,1
-8.50,1.16,1.62,-11.63,-5.72,-1.03,7.76,-6.49,-10.32,41.58,-2.57,64.34,1
-7.69,0.40,1.71,4.15,-0.85,-7.81,7.32,-5.63,-7.22,-1.53,69.90,-115.95,1
-8.32,1.54,1.16,9.79,13.27,10.86,-2.89,12.04,9.64,82.27,109.49,-250.14,1
-9.51,1.46,1.01,-17.62,27.81,9.79,-7.57,19.62,9.62,-11.45,81.33,-157.66,1
-13.04,-0.54,0.47,-9.74,-10.15,-1.66,-4.72,19.62,13.81,36.15,-59.75,66.36,1
-8.48,-0.01,1.37,12.34,-12.73,-21.60,-0.99,17.24,3.83,-6.61,-120.34,181.08,1
-9.52,1.92,-0.03,3.35,-15.12,-2.08,1.62,0.16,-3.14,-18.45,-111.65,202.15,1
-9.09,0.92,1.21,-10.92,-11.69,5.24,6.39,-6.33,-8.88,38.20,-50.88,124.29,1
-8.07,0.71,1.43,-10.59,-5.81,0.72,8.08,-7.15,-8.84,42.58,32.75,-54.43,1
-7.41,0.63,1.71,-1.14,7.56,-1.38,5.60,-4.59,-7.41,-29.73,122.10,-249.20,1
-9.37,1.54,0.40,-23.80,17.86,13.91,-9.22,19.62,4.12,-34.38,161.89,-207.66,1
-12.26,0.05,0.67,-27.63,-2.37,3.54,-9.56,19.62,17.83,22.69,47.31,-13.34,1
-9.87,-0.76,2.02,-2.60,-22.54,-9.86,-2.10,19.62,10.03,12.01,-107.74,129.78,1
-7.73,-0.37,1.61,11.18,-7.34,-18.37,-0.38,11.92,2.48,4.69,-161.21,216.85,1
-10.02,2.25,1.58,-4.68,-16.53,17.56,3.82,-3.79,-7.27,-8.79,-97.80,167.11,1
-8.64,0.94,1.74,-10.37,-3.56,11.02,9.44,-6.33,-10.49,61.70,-19.28,42.55,1
-7.81,1.08,1.61,0.91,-0.02,0.02,8.70,-5.68,-7.19,-10.19,49.86,-139.52,1
-7.78,1.43,1.37,-1.97,5.54,-4.12,3.48,-1.67,-3.55,-54.97,155.12,-250.14,1
-10.27,1.90,0.87,-26.98,16.34,10.59,-12.54,19.62,8.74,-123.27,128.35,-203.66,1
-12.47,-0.59,0.05,-28.95,-5.38,-3.66,-12.76,19.62,18.01,20.78,13.58,-27.89,1
-8.58,-0.37,2.41,10.53,-21.09,-12.31,-1.69,19.62,9.59,74.56,-119.90,132.24,1
-7.78,1.10,2.30,9.80,-11.41,-14.91,0.33,12.55,1.61,64.96,-137.06,250.13,1
-9.63,0.74,0.98,-22.87,-5.61,5.72,1.71,-2.67,-4.39,-10.31,-64.53,179.98,1
-8.33,0.59,1.48,-21.33,-2.46,0.56,7.00,-7.50,-8.51,30.90,-16.30,47.13,1
-7.66,0.61,1.67,3.84,0.68,-1.76,7.27,-5.10,-6.84,-5.84,64.11,-146.68,1
-8.20,1.36,1.33,7.58,10.62,-3.18,3.29,-0.31,-3.53,-70.80,148.96,-250.14,1
-12.23,0.71,-0.34,-29.60,11.76,6.95,-10.34,19.62,10.28,-18.21,79.95,-78.20,1
-11.47,-0.93,1.20,-1.41,-20.77,-6.91,-5.18,19.62,13.97,63.91,-85.92,90.38,1
-6.98,0.29,2.35,10.20,-16.44,-20.60,-1.04,15.68,4.67,16.90,-132.04,206.27,1
-8.00,1.23,1.69,8.44,-2.66,-14.15,0.65,5.54,-0.59,-17.90,-87.37,247.41,1
-9.01,0.65,1.53,-5.34,-3.08,-5.63,7.35,-5.80,-8.57,37.08,-20.76,51.29,1
-7.87,0.44,1.72,7.08,-1.79,-9.73,7.13,-4.67,-6.22,8.34,32.23,-82.76,1
-7.88,0.65,1.53,11.56,10.98,-8.56,4.94,-1.34,-4.09,-45.08,89.68,-219.29,1
-8.72,1.25,1.38,13.71,8.58,4.56,-0.34,5.29,4.34,-27.37,126.13,-250.14,1
-11.60,0.70,-0.05,-17.77,20.39,7.71,-8.98,19.62,15.87,7.37,-23.44,-18.36,1
-11.03,0.19,0.82,1.18,-14.41,1.66,-2.14,19.62,9.92,76.17,-92.92,100.48,1
-9.03,0.74,1.17,3.71,-9.24,-16.65,-0.17,13.41,2.77,22.46,-133.14,213.85,1
-8.59,1.54,0.92,4.07,-13.11,-13.70,0.79,4.72,-1.18,16.86,-122.43,241.78,1
-8.27,0.92,1.34,-13.29,-6.69,-2.23,7.12,-4.78,-6.18,34.53,-25.76,53.84,1
-7.87,0.83,1.75,-2.95,-5.27,-1.39,7.73,-4.93,-6.71,34.45,33.03,-77.06,1
-8.07,0.96,1.76,-0.45,11.49,-1.20,4.49,-1.47,-4.57,-15.33,113.62,-219.98,1
-8.51,1.32,1.60,0.96,12.80,5.43,-0.56,3.81,0.82,-19.00,173.12,-250.14,1
-12.16,-0.77,-0.24,-5.49,-13.08,5.52,-7.42,19.62,12.13,-6.05,-4.34,37.55,1
-8.65,0.76,1.51,7.02,-15.74,-15.37,-2.16,18.57,7.49,-33.88,-100.12,167.96,1
-8.84,1.64,1.13,1.70,-15.42,-17.88,-0.68,9.86,0.85,-12.24,-141.25,229.82,1
-9.47,1.25,0.70,-8.45,-0.95,-5.27,0.77,3.65,-2.02,6.87,-112.74,226.31,1
-8.17,0.45,1.20,-7.32,-7.27,-5.29,7.64,-6.04,-8.51,38.82,44.44,-48.54,1
-8.01,0.92,1.42,3.89,6.04,-2.69,4.90,-2.72,-5.74,-30.59,113.59,-199.66,1
-8.42,1.65,1.05,0.34,10.72,9.63,-0.83,5.16,2.20,-3.63,130.60,-250.14,1
-8.62,1.50,0.11,0.00,13.53,14.09,-2.35,18.03,7.53,-36.53,157.29,-231.08,1
-9.39,0.48,1.43,4.20,-18.86,-8.84,-1.46,19.62,7.12,8.25,-109.17,136.65,1
-8.72,0.38,1.40,6.98,-12.32,-19.86,0.68,13.14,2.72,38.18,-150.79,221.14,1
-8.83,1.36,1.01,1.60,-16.62,-16.18,0.50,5.05,-2.18,0.03,-120.61,250.13,1
-8.98,1.23,1.01,-1.63,-10.95,-4.24,1.98,-1.44,-5.22,-31.88,-106.08,199.68,1
-7.94,0.47,1.80,2.97,-4.12,-4.01,7.24,-3.71,-6.50,-43.09,68.28,-143.14,1
-7.97,1.08,1.49,4.12,8.57,-2.63,4.56,-0.76,-3.43,-66.08,130.50,-237.88,1
-8.38,1.64,1.22,8.50,14.28,5.99,-0.74,5.56,5.43,-5.37,128.47,-250.14,1
-8.17,1.23,0.13,-5.08,14.05,15.36,-5.16,17.86,5.24,-10.97,125.59,-223.13,1
-9.45,-0.03,1.40,9.03,-12.18,-12.88,-1.06,19.62,6.32,8.16,-118.89,164.02,1
-8.51,0.86,1.34,11.09,-20.19,-19.41,-0.55,11.57,1.89,-22.41,-116.15,229.33,1
-9.05,1.50,1.06,-0.55,-9.07,-16.91,0.88,3.29,-1.78,9.60,-106.70,229.19,1
-9.11,1.08,0.90,-2.51,-4.16,2.76,3.81,-1.03,-5.07,29.19,-77.92,178.76,1
-8.09,0.98,1.59,-0.78,7.57,-5.93,5.81,-3.07,-4.62,-15.50,102.25,-180.85,1
-8.57,1.41,1.36,-1.18,12.17,0.79,2.10,1.16,-1.44,3.55,129.51,-250.14,1
-8.28,1.00,0.76,-3.48,16.39,11.73,-2.16,12.78,7.91,54.63,116.57,-250.14,1
-11.26,0.67,0.52,-15.86,16.79,8.37,-8.36,19.62,8.61,-65.66,102.78,-113.33,1
-7.83,0.66,1.67,10.29,-10.52,-16.37,0.14,9.78,1.34,-7.77,-117.44,201.57,1
-9.21,1.66,0.90,-3.90,-2.50,-13.40,0.81,4.14,-1.84,25.31,-100.66,210.56,1
-9.41,1.38,0.43,-0.85,-5.52,0.21,3.06,0.22,-4.84,19.85,-102.34,157.96,1
-8.33,0.78,0.98,-8.07,-1.37,-0.53,8.53,-4.36,-8.23,33.92,-17.92,38.49,1
-8.84,1.23,0.87,0.03,11.47,1.61,1.98,2.29,-2.02,-7.76,137.98,-245.50,1
-8.42,0.91,0.80,-3.66,17.76,10.31,-2.09,12.73,4.99,77.53,152.38,-231.82,1
-9.30,0.81,0.25,-7.20,20.10,9.89,-6.31,19.62,8.66,-55.98,154.89,-101.99,1
-12.82,0.58,0.19,-5.11,-7.15,-1.72,-3.34,19.62,12.73,-67.63,-40.59,92.63,1
-9.07,1.55,0.28,-4.21,-2.85,-7.62,0.18,5.86,-1.24,10.15,-120.64,209.38,1
-9.14,1.26,0.17,-2.28,-8.58,2.64,1.28,2.17,-3.24,-10.13,-97.73,184.90,1
-8.57,0.73,1.03,-2.53,-11.76,0.89,5.88,-3.64,-7.18,39.88,-57.06,103.79,1
-8.27,0.92,1.35,-2.04,-12.36,-3.20,8.61,-5.47,-7.52,35.09,19.46,-45.55,1
-8.10,1.57,1.39,-1.30,6.71,12.21,-1.54,5.02,4.54,-6.37,132.56,-250.14,1
-8.95,1.80,1.06,1.15,21.06,13.97,-2.46,15.55,8.59,-3.81,163.06,-250.14,1
-13.35,-0.60,-1.13,-21.68,-14.24,2.21,-10.22,19.62,12.44,-17.22,34.19,-34.30,1
-8.39,0.34,1.30,6.93,-22.76,-20.55,-2.19,19.62,8.80,33.47,-125.00,136.92,1
-9.35,1.41,0.64,-4.24,-4.63,-0.87,2.08,2.75,-3.05,7.34,-100.75,212.65,1
-9.23,0.50,1.24,-9.26,2.44,1.63,4.59,-2.07,-6.79,8.00,-54.12,159.52,1
-8.16,0.65,0.90,-8.56,-9.98,-2.50,7.76,-5.15,-6.95,5.90,32.94,15.60,1
-7.91,0.53,1.47,-3.24,4.55,-5.13,7.38,-4.76,-5.75,-28.31,98.24,-141.92,1
-9.15,1.60,1.00,-5.01,18.05,17.40,-3.10,18.80,8.05,5.33,102.60,-217.88,1
-12.90,-0.07,0.54,-26.44,3.91,3.65,-9.00,19.62,13.71,-54.98,51.72,2.16,1
-9.08,-0.03,1.91,4.62,-17.48,-12.77,0.52,19.62,9.74,18.03,-84.03,135.15,1
-7.27,0.56,1.49,9.53,-8.65,-19.31,0.72,10.27,2.34,-4.34,-109.94,214.66,1
-8.90,0.69,1.20,-10.14,-16.08,9.00,5.87,-4.19,-8.10,58.89,-59.95,119.79,1
-7.79,0.94,1.45,-4.32,-6.13,0.96,7.62,-6.22,-7.10,42.43,10.89,-48.19,1
-7.69,0.89,1.42,4.55,3.64,-4.76,5.78,-3.57,-5.09,-38.32,86.72,-213.23,1
-8.52,1.70,1.22,-0.53,8.13,2.82,0.70,1.90,-0.27,-29.29,134.79,-250.14,1
-13.08,0.48,0.74,-32.30,-7.66,-4.39,-5.18,19.62,15.70,10.85,24.08,44.98,1
-9.38,-0.70,2.71,-7.74,-17.32,-18.05,1.82,19.62,6.88,-3.89,-87.61,174.21,1
-6.96,-0.55,1.36,12.33,0.11,-31.33,0.50,9.98,-0.02,-22.82,-113.74,245.68,1
-7.92,0.96,0.78,8.94,11.00,-20.06,-0.79,2.37,-1.54,-48.53,-92.76,245.79,1
-8.28,0.32,2.45,-2.98,-10.40,1.72,5.96,-5.96,-5.57,47.70,-4.11,-48.09,1
-7.59,0.45,1.90,5.57,11.51,-7.74,6.85,-4.15,-4.30,4.89,9.63,-185.63,1
-7.78,0.86,1.19,19.40,2.14,-0.82,3.37,0.95,-1.18,-10.79,76.15,-250.14,1
-8.56,1.42,0.77,1.07,15.45,10.12,-2.31,12.84,5.59,58.44,116.73,-250.14,1
-10.10,-0.16,2.78,-0.08,-18.95,-5.29,-0.31,19.62,8.98,20.79,-91.21,116.46,1
-6.65,-0.12,1.55,11.05,-12.90,-24.41,-0.07,15.39,3.35,-23.85,-117.72,232.07,1
-7.96,1.55,2.29,-4.54,-4.52,-20.24,-0.73,5.13,-0.97,-58.58,-100.60,250.13,1
-10.42,2.16,0.81,-12.99,-44.18,7.21,-0.40,0.02,-2.67,-28.69,-81.05,242.23,1
-6.71,0.40,2.37,-1.50,20.50,-12.73,8.35,-5.42,-6.01,-42.01,42.14,-165.30,1
-7.70,0.63,1.50,1.55,23.76,-12.15,4.97,-2.67,-3.59,-52.12,129.71,-245.98,1
-7.72,1.22,1.74,-1.21,24.79,7.28,-1.56,6.33,2.99,-4.53,176.69,-250.14,1
-12.63,0.51,-0.07,-14.37,27.35,19.70,-7.44,19.62,7.63,-20.46,132.48,-190.90,1
-7.18,-0.04,1.53,17.74,-2.22,-19.17,1.75,11.41,4.47,-24.02,-163.27,221.44,1
-9.35,1.79,0.51,12.55,1.80,-3.39,1.47,3.59,-0.90,-2.00,-85.97,247.92,1
-10.89,1.66,0.25,-8.21,-9.60,14.69,0.77,0.97,-1.91,13.13,-119.24,208.47,1
-8.67,0.31,1.38,-9.82,-14.33,1.13,5.70,-6.05,-7.30,40.49,-68.02,96.69,1
-8.06,1.49,1.74,-5.88,6.68,4.04,5.21,-2.30,-2.94,-39.79,57.66,-250.14,1
-8.08,1.53,1.48,-11.72,8.59,12.56,1.13,2.19,-0.35,-48.19,128.35,-250.14,1
-8.71,0.65,0.49,-6.27,24.71,16.45,-4.28,13.47,7.47,-15.96,142.30,-250.14,1
-13.42,0.06,0.39,-27.09,-2.35,4.66,-11.74,19.62,12.17,-78.73,65.01,-68.82,1
-7.25,0.78,1.25,28.66,-13.20,-21.84,0.50,11.01,1.90,36.55,-96.15,237.61,1
-9.44,2.51,1.14,1.39,-2.06,-12.44,0.40,3.56,-1.39,41.11,-113.28,250.13,1
-9.35,1.32,1.33,-17.35,-11.50,9.99,1.89,0.46,-3.71,39.91,-97.22,197.93,1
-8.45,0.92,1.42,-18.64,-9.53,9.32,6.38,-4.16,-6.86,-5.66,-20.98,81.40,1
-8.19,1.45,1.34,-4.95,13.18,2.91,4.80,-0.80,-3.82,-59.49,117.07,-224.24,1
-8.10,1.20,1.15,-7.34,14.26,12.19,0.39,4.05,1.15,-17.75,156.91,-250.14,1
-9.53,1.64,0.86,-3.08,16.18,21.50,-3.14,19.20,5.85,10.18,116.66,-205.24,1
-13.23,-0.19,0.49,-28.50,-14.50,10.94,-6.21,19.62,14.03,5.01,-7.17,18.72,1
-7.89,0.98,1.84,1.03,-6.89,-16.92,1.02,7.01,-0.26,-47.89,-79.41,250.13,1
-9.01,1.93,0.65,-5.70,-2.54,-5.26,1.50,0.19,-2.43,-114.95,-75.89,217.97,1
-8.73,1.45,1.57,-12.86,-4.70,8.29,5.32,-6.32,-6.78,14.87,-46.42,117.53,1
-8.17,1.13,1.32,-16.90,-6.76,4.10,7.04,-5.50,-6.57,38.24,18.30,-54.67,1
-8.56,1.45,1.37,1.31,12.99,1.27,-1.14,4.41,2.90,36.28,134.87,-250.14,1
-8.79,1.61,0.63,1.27,14.32,15.47,-5.06,14.20,6.81,127.02,94.42,-248.40,1
-11.77,0.75,0.75,-18.43,15.00,10.47,-9.58,19.62,9.47,-0.56,63.10,-41.80,1
-10.36,-0.23,2.19,-3.69,-20.02,-4.75,0.29,19.62,5.77,27.39,-82.34,126.72,1
-8.14,1.60,1.72,8.79,-1.05,-16.41,1.13,2.83,-2.67,-88.41,-78.38,242.02,1
-10.08,1.96,-0.76,3.22,-18.85,-0.34,2.09,-2.71,-5.27,-49.92,-52.73,190.53,1
-8.91,0.79,1.43,-12.78,-1.27,2.40,7.34,-7.07,-8.76,43.22,11.18,29.10,1
-7.59,0.82,1.57,6.01,-1.73,-3.61,7.06,-5.70,-6.39,-8.44,64.56,-167.11,1
-8.38,2.01,0.40,0.42,12.66,14.73,-4.41,11.98,7.09,54.29,127.29,-250.14,1
-10.97,0.85,0.18,-16.19,13.88,13.42,-13.17,19.62,8.10,-7.34,68.64,-132.42,1
-12.41,0.38,2.18,-21.05,-18.65,-1.69,-4.27,19.62,11.78,77.27,-92.17,71.07,1
-8.73,-0.66,2.27,13.70,-7.30,-21.09,0.36,18.49,4.44,-12.56,-120.34,176.62,1
-9.92,2.11,-0.84,3.99,-12.92,5.96,1.36,-0.44,-3.35,-25.02,-81.64,214.34,1
-8.94,1.22,2.29,-8.30,-19.95,8.20,4.74,-5.01,-6.61,30.79,-46.25,125.08,1
-8.32,1.29,1.25,-8.09,-1.75,-0.53,7.12,-5.05,-5.16,38.47,8.10,-51.18,1
-7.19,0.83,1.30,5.40,2.63,-3.43,6.20,-3.15,-4.22,-48.55,67.43,-204.48,1
-8.53,1.95,0.08,7.58,12.78,21.63,-7.55,19.16,5.78,30.35,102.25,-239.45,1
-13.15,0.53,0.78,-13.53,17.50,6.14,-11.55,19.62,9.98,11.29,52.76,-44.08,1
-10.22,0.34,2.54,11.20,-27.50,-12.03,-1.26,19.62,7.83,1.55,-85.54,126.35,1
-6.96,0.59,1.96,17.29,-14.64,-29.33,0.63,12.93,2.14,-16.34,-123.75,228.73,1
-9.01,1.34,1.63,-11.73,-9.48,5.72,3.61,-2.91,-5.73,26.02,-68.60,165.09,1
-8.35,1.27,1.87,-16.08,-3.95,7.05,7.61,-5.26,-7.33,54.79,-7.53,42.60,1
-7.63,0.67,1.99,-2.01,0.57,-3.59,7.03,-4.28,-5.27,-15.37,52.67,-129.99,1
-7.91,1.21,1.71,4.95,11.24,-3.83,3.30,-0.71,-2.33,-67.85,115.73,-250.06,1
-10.90,1.19,0.64,-22.15,14.82,14.65,-11.27,19.62,8.49,26.32,65.79,-113.69,1
-13.93,-0.03,0.93,-24.31,-13.62,2.19,-4.76,19.62,11.79,50.69,-11.04,35.85,1
-8.18,0.20,1.83,3.55,-11.73,-18.40,0.30,19.62,3.86,3.89,-81.20,170.50,1
-7.92,1.14,2.01,9.80,-3.76,-22.56,0.54,8.88,-1.05,-22.02,-88.07,240.08,1
-8.50,0.92,1.59,-3.35,-9.95,4.43,5.74,-6.73,-7.62,46.24,-33.32,100.58,1
-7.99,0.78,1.59,0.54,-9.55,-0.75,7.06,-5.79,-6.02,57.29,14.24,-45.98,1
-7.13,0.94,2.05,5.08,4.02,-3.02,5.68,-2.62,-3.64,-48.50,61.49,-203.74,1
-7.97,1.69,1.77,6.99,14.70,4.27,1.22,2.57,0.54,-35.43,110.61,-250.14,1
-14.35,-0.34,-0.02,-26.80,1.42,7.75,-6.85,19.62,9.79,51.99,14.94,15.53,1
-9.16,0.23,2.54,5.31,-20.53,-11.16,0.03,19.62,5.81,-19.91,-41.10,117.64,1
-7.00,0.66,1.70,10.41,-8.40,-14.82,1.19,11.84,1.48,-49.39,-80.35,205.45,1
-8.25,2.05,1.24,-5.04,-2.98,-11.19,1.53,4.35,-0.70,-41.78,-69.44,224.79,1
-8.02,0.90,1.63,-18.07,-3.38,3.31,7.38,-4.52,-7.33,43.34,-14.85,31.01,1
-7.40,0.70,1.99,-3.66,1.83,0.85,6.75,-4.25,-5.59,7.07,37.54,-109.39,1
-7.87,1.33,1.43,-0.54,13.21,3.21,3.73,-0.42,-3.83,-46.85,113.53,-233.98,1
-8.59,1.60,1.16,-2.98,11.79,13.79,-1.62,8.74,4.41,26.56,140.59,-250.14,1
-12.24,0.99,1.53,-20.05,-15.54,5.11,-4.14,19.62,11.43,34.36,-61.67,78.53,1
-8.87,0.63,2.07,2.41,-17.32,-9.72,-0.59,18.75,4.92,-3.34,-93.92,158.93,1
-7.63,1.29,2.07,11.02,-12.35,-20.99,0.47,8.39,0.68,-42.65,-95.79,226.98,1
-8.73,1.84,0.78,7.89,-6.21,-13.82,1.23,1.43,-2.53,-60.69,-78.62,196.49,1
-7.72,1.32,1.85,-0.91,-8.80,-2.40,6.68,-4.51,-4.94,13.92,15.05,-82.92,1
-7.36,1.15,1.81,2.31,6.14,-8.82,5.28,-1.91,-4.10,-19.32,64.15,-189.40,1
-8.04,1.61,1.69,10.73,8.62,-0.95,0.38,4.94,1.98,22.20,95.46,-250.14,1
-8.65,1.69,0.78,4.46,15.08,9.38,-3.23,18.47,3.77,-0.63,73.05,-214.41,1
-8.30,1.24,2.50,7.57,-12.49,-13.56,0.33,18.45,4.34,6.65,-91.98,148.71,1
-8.36,1.42,1.82,6.24,-6.18,-19.79,1.87,10.55,1.00,-8.53,-89.95,213.33,1
-8.98,1.54,1.11,3.44,2.18,-15.47,2.21,3.70,-1.77,-30.34,-78.09,210.92,1
-9.04,1.54,0.83,-5.27,0.63,-2.31,4.76,-2.96,-6.08,4.01,-46.31,132.10,1
-7.85,1.01,1.31,-1.98,5.26,-2.82,4.61,-1.29,-3.36,-62.00,96.56,-185.27,1
-8.09,1.45,1.06,-2.02,14.41,0.03,1.74,1.84,-0.71,-17.02,117.84,-240.91,1
-8.53,1.89,0.51,-8.88,13.02,13.19,-1.71,12.87,4.08,56.21,107.33,-216.18,1
-12.50,0.72,1.22,-28.76,12.92,11.40,-6.45,19.62,8.13,32.77,48.41,-45.37,1
-8.04,0.41,1.63,10.27,-8.45,-15.90,0.47,11.41,2.47,-29.69,-85.12,193.22,1
-8.41,1.38,1.26,7.82,-5.44,-14.42,0.70,5.77,-0.12,-39.46,-72.03,205.49,1
-9.31,2.03,0.84,3.66,-11.11,1.52,2.46,-0.43,-4.23,-12.40,-76.20,170.60,1
-8.75,1.01,1.00,-4.57,-8.25,3.72,6.48,-4.06,-6.88,42.21,-23.77,35.48,1
-7.89,1.95,1.61,0.54,0.85,4.13,2.29,0.53,-2.11,-14.39,95.56,-244.63,1
-8.63,2.10,0.90,-9.11,10.82,9.17,-1.87,8.07,2.51,116.26,119.19,-250.14,1
-10.09,1.80,0.59,-17.12,9.64,12.57,-6.20,19.62,-0.05,90.82,96.47,-147.84,1
-12.38,-0.28,1.00,-16.98,-32.56,2.24,-2.67,19.62,11.07,-45.57,-0.56,50.08,1
-8.14,1.79,2.01,2.91,-7.34,-18.14,0.05,6.75,0.25,-62.46,-98.21,190.99,1
-9.99,2.50,0.33,1.17,-18.24,-4.34,0.57,3.58,-2.24,-31.88,-79.40,189.07,1
-9.03,1.56,2.00,-12.79,-2.91,5.58,4.19,-0.64,-6.19,20.34,-80.02,110.05,1
-7.75,0.97,1.59,-6.70,-1.69,-0.05,7.01,-1.89,-5.86,28.04,-13.36,-27.08,1
-8.44,1.86,1.36,-7.02,11.57,6.59,1.23,3.69,-0.85,12.16,124.05,-235.43,1
-8.87,1.70,0.91,-1.08,13.97,14.13,-1.65,12.78,4.95,41.63,130.22,-224.37,1
-11.34,1.17,0.94,-10.36,10.74,9.38,-7.97,19.62,7.20,-28.98,96.53,-83.06,1
-11.03,1.23,1.63,-7.89,-29.29,-2.79,-3.16,19.62,10.16,2.75,-89.20,91.18,1
-8.33,1.84,1.13,7.27,-9.53,-17.68,0.23,4.90,-0.70,-38.21,-96.73,202.17,1
-9.09,2.10,1.51,6.32,-12.44,-2.02,2.09,0.24,-4.37,-2.98,-92.78,161.50,1
-8.24,1.59,1.88,-4.44,-5.66,0.66,6.55,-3.24,-7.71,60.21,-29.46,40.90,1
-7.49,1.24,2.21,2.87,-5.53,-7.36,6.33,-2.40,-5.62,-49.14,43.13,-119.31,1
-8.73,1.97,0.75,1.55,0.07,6.06,-1.66,10.61,3.24,-4.20,128.92,-221.12,1
-9.44,0.99,1.53,-7.32,4.77,3.85,-8.11,19.62,11.89,-17.76,94.37,-101.10,1
-12.46,1.02,2.45,-22.59,-14.54,-10.52,-3.47,19.62,13.96,1.25,-74.78,53.29,1
-8.74,-0.56,2.21,12.62,-2.01,-20.76,0.13,15.23,6.57,20.72,-140.85,126.84,1
-8.80,1.83,0.99,-0.53,-21.08,4.27,2.00,2.03,-4.00,38.08,-89.73,186.94,1
-8.61,1.11,2.00,-6.27,-4.83,8.66,5.45,-2.82,-7.17,69.64,-57.69,114.67,1
-7.89,1.17,2.07,-2.41,-5.31,1.88,6.75,-3.08,-5.99,14.18,13.91,-49.27,1
-7.35,1.12,1.98,0.96,9.24,0.94,4.80,-0.91,-4.27,-89.59,63.13,-185.44,1
-10.05,1.70,0.49,-22.53,20.54,6.67,-6.73,19.62,7.11,-12.06,123.82,-149.34,1
-12.88,0.30,1.32,-20.17,-20.74,-0.18,-6.57,19.62,12.45,13.79,-31.34,36.77,1
-8.33,0.20,2.26,11.99,-20.15,-21.47,-0.55,17.86,5.72,-43.92,-138.40,151.00,1
-7.99,1.44,2.35,8.97,-9.85,-25.11,0.50,8.65,2.12,-55.65,-134.50,216.84,1
-9.11,1.01,2.37,-17.84,-1.56,-2.56,7.29,-2.68,-7.10,63.92,-30.00,67.83,1
-6.81,0.74,2.23,-5.79,-0.64,-5.73,7.59,-3.11,-6.25,30.33,44.55,-64.66,1
-6.51,0.53,2.58,0.93,17.99,-4.47,4.79,-1.38,-5.35,-15.43,120.91,-191.21,1
-7.97,1.14,1.66,5.76,17.60,2.65,0.12,3.78,1.93,-39.42,122.52,-250.14,1
-11.91,-2.27,1.85,-28.38,-14.26,-1.53,-6.78,19.62,12.76,85.82,-38.78,45.18,1
-8.34,-0.81,2.35,8.10,6.46,-9.76,-0.46,19.62,4.84,3.36,-108.76,161.50,1
-7.35,0.97,1.26,14.31,6.82,-8.33,-0.23,10.17,-0.01,-23.12,-79.34,238.99,1
-11.40,2.76,-0.18,-16.88,-3.43,5.24,0.67,3.57,-0.97,-17.08,-78.09,224.17,1
-7.30,0.85,1.64,1.20,0.26,0.80,7.14,-5.34,-6.27,16.08,48.77,-44.29,1
-7.90,1.28,1.20,-6.48,6.64,8.13,6.07,-4.72,-5.58,6.97,71.77,-157.32,1
-8.66,1.77,2.23,-16.82,7.87,20.24,1.93,1.15,-1.16,42.27,105.49,-250.14,1
-8.22,1.50,0.88,-15.47,19.43,17.56,-2.44,13.10,8.26,15.50,127.18,-250.14,1
-12.54,0.12,0.64,-17.47,-21.48,2.26,-3.14,19.62,8.13,58.26,-54.68,105.94,1
-9.23,0.25,2.00,10.85,-8.50,-20.50,-0.28,18.05,5.40,12.73,-138.70,183.38,1
-7.42,1.19,1.40,16.55,-8.63,-19.65,1.49,6.84,0.75,-58.06,-107.95,220.14,1
-8.14,2.01,1.26,8.18,-4.49,-6.83,2.28,0.71,-2.30,-26.28,-87.29,185.73,1
-7.61,0.64,2.51,-2.86,-3.82,-4.84,5.75,-3.61,-6.01,29.87,46.35,-116.80,1
-7.94,0.99,1.77,3.80,8.02,-0.15,3.38,-0.41,-3.12,16.98,75.24,-241.68,1
-8.01,1.47,2.03,5.39,16.08,8.50,-2.51,9.01,4.27,50.18,90.05,-250.14,1
-8.37,1.88,0.51,-3.05,19.79,17.30,-7.79,19.62,5.54,-45.09,99.60,-193.31,1
-8.87,1.22,1.92,7.85,1.09,-13.50,-0.62,15.38,3.50,7.52,-120.53,187.79,1
-7.92,1.53,1.28,6.73,0.32,-11.37,0.62,7.40,-0.28,-36.11,-112.02,222.35,1
-8.78,1.76,0.54,4.63,2.45,-2.76,1.27,1.49,-1.88,-54.78,-87.14,188.21,1
-8.66,1.64,1.42,-2.43,-10.95,5.99,5.18,-4.81,-8.18,34.19,-44.53,99.44,1
-7.77,1.61,1.95,3.49,6.18,4.15,2.76,0.25,-0.77,-78.30,92.96,-250.14,1
-8.25,1.78,1.38,-1.95,17.54,8.47,-3.34,6.31,3.75,53.61,96.47,-250.14,1
-9.64,2.00,0.30,-14.63,14.32,15.15,-9.95,19.62,4.39,51.29,104.89,-171.11,1
-13.45,0.50,0.78,-16.26,-15.07,2.21,-5.99,19.62,11.40,50.63,-10.34,61.98,1
-8.46,1.76,1.29,5.27,-0.62,-12.40,0.86,5.38,0.43,-50.73,-132.05,220.40,1
-9.42,1.72,0.41,2.34,-1.79,0.62,1.38,0.44,-2.86,-14.90,-87.67,181.52,1
-8.73,1.48,1.44,-6.43,-6.92,2.36,4.84,-4.30,-7.51,47.25,-41.05,79.61,1
-7.64,1.54,2.01,0.08,-16.21,0.32,5.01,-3.93,-5.73,-17.73,42.73,-97.07,1
-8.38,1.98,1.33,-5.74,9.29,8.04,-3.84,9.42,7.38,42.73,116.92,-250.14,1
-9.12,1.88,0.44,-29.91,13.28,10.02,-9.01,19.62,8.29,-6.27,77.14,-127.18,1
-13.13,0.51,2.19,-17.00,-11.69,-2.26,-4.52,19.62,11.63,80.89,-75.16,72.81,1
-8.69,1.10,2.37,10.74,-11.44,-17.40,-1.65,19.54,4.52,20.92,-117.73,188.41,1
-8.64,1.73,1.22,7.45,-5.98,-1.76,3.76,-2.77,-6.77,8.00,-27.76,175.81,1
-8.35,1.76,1.34,-0.16,-13.95,0.31,7.48,-5.65,-8.25,13.54,36.25,38.33,1
-7.63,1.35,2.26,-1.71,2.26,-3.10,6.03,-2.88,-4.75,-12.90,96.83,-114.24,1
-7.77,1.92,1.91,-0.56,9.69,-4.43,1.78,0.87,-0.74,-36.37,128.81,-210.09,1
-8.82,1.81,0.69,-9.06,7.92,5.68,-10.00,19.62,10.65,-31.40,71.74,-101.54,1
-13.39,1.47,1.57,-30.18,-7.46,-6.45,-6.04,19.62,13.46,68.00,-38.42,22.66,1
-9.68,-0.37,2.27,7.96,-11.18,-18.63,-1.71,19.62,5.08,62.03,-134.08,125.65,1
-7.81,0.94,1.11,21.21,-19.56,-21.85,0.70,11.43,0.15,-12.92,-143.88,201.29,1
-8.23,1.28,1.37,-5.89,-13.82,6.37,6.65,-2.52,-6.44,37.56,-22.47,103.01,1
-7.89,1.26,1.98,-12.21,-6.92,1.68,7.85,-3.76,-7.11,27.85,32.77,-12.21,1
-7.30,1.14,2.27,3.29,2.21,-4.60,5.02,-1.38,-3.51,-41.83,89.42,-153.88,1
-7.75,1.89,1.92,3.39,12.01,2.03,0.12,3.56,1.04,-16.13,123.44,-230.45,1
-13.17,0.83,0.67,-16.42,1.39,4.25,-6.47,19.62,11.60,60.51,-29.19,26.62,1
-9.86,0.82,2.35,3.98,-6.15,-15.54,-1.00,19.62,5.17,-11.41,-98.58,143.63,1
-8.13,1.06,1.89,15.85,-3.64,-18.56,1.30,9.51,0.43,-31.87,-113.37,205.26,1
-8.82,1.94,0.83,4.55,2.27,-7.86,2.08,3.42,-1.92,-16.27,-75.34,197.66,1
-7.76,1.40,1.72,-4.49,-3.24,-8.47,6.38,-3.69,-5.44,19.28,44.03,-62.53,1
-7.66,1.16,1.62,-0.59,12.92,-8.19,4.75,-0.78,-3.55,-21.15,90.30,-181.60,1
-8.40,1.87,0.98,5.66,14.59,0.11,0.12,6.78,3.70,34.11,87.53,-239.83,1
-8.83,1.63,0.20,-11.54,15.08,5.73,-4.41,15.77,4.69,-50.73,101.60,-202.49,1
-9.65,-0.09,1.76,0.04,-0.14,-12.11,-0.03,18.42,5.80,29.81,-125.35,141.79,1
-7.57,0.69,1.11,15.61,-11.85,-16.63,2.09,9.12,1.06,-16.64,-115.33,197.63,1
-8.97,2.16,0.16,0.58,-4.18,-10.04,2.19,2.60,-1.74,-7.51,-83.21,186.89,1
-9.04,1.53,1.26,-10.48,-21.56,4.90,4.18,-1.86,-5.68,11.42,-48.91,136.23,1
-7.51,1.19,1.67,-4.08,4.50,-1.24,3.99,-0.17,-3.08,-38.77,97.66,-217.20,1
-7.94,1.83,1.18,-7.05,9.18,6.84,-1.16,4.82,1.80,36.55,132.05,-250.14,1
-8.97,2.05,1.71,-7.62,8.73,15.73,-5.57,16.56,4.49,-9.41,135.62,-230.73,1
-11.35,0.93,1.27,-23.52,10.31,5.10,-8.30,19.62,12.01,-26.40,17.83,-39.38,1
-8.07,1.00,1.30,15.86,-14.91,-19.60,0.63,11.66,0.62,-34.31,-121.95,217.56,1
-9.30,1.96,0.17,-0.94,-9.92,-6.11,1.14,4.81,-1.62,-37.33,-104.21,219.06,1
-8.52,1.19,2.20,-7.19,-9.94,6.70,3.69,-0.59,-4.83,-16.10,-61.99,165.40,1
-8.08,1.28,1.71,-12.97,-5.79,2.71,7.98,-4.68,-7.68,40.16,12.99,27.00,1
-8.30,1.55,1.64,-10.14,19.56,5.71,-0.35,3.58,0.84,10.97,155.40,-250.14,1
-9.00,1.64,1.20,-4.87,18.73,13.72,-3.72,14.79,5.70,11.57,139.82,-224.89,1
-13.47,0.51,0.15,-24.27,13.29,0.89,-9.56,19.62,15.18,-19.89,59.44,-32.54,1
-9.71,0.18,1.74,8.68,-9.69,-15.31,-2.71,19.62,10.35,43.60,-127.24,112.61,1
-8.80,1.77,0.60,-1.73,-4.53,-3.59,1.95,3.49,-1.47,-8.68,-114.17,203.74,1
-9.18,1.10,1.37,-4.53,-5.58,3.84,4.30,-1.18,-4.70,9.05,-90.08,155.89,1
-8.27,1.18,1.05,-12.51,-6.34,-1.15,7.76,-5.36,-9.09,49.04,19.19,23.12,1
-7.83,0.92,1.98,-1.53,-2.73,-0.82,6.09,-3.71,-6.16,-16.72,94.16,-147.56,1
-8.46,1.64,0.73,1.82,17.65,13.12,-3.86,12.14,5.79,43.63,121.24,-241.49,1
-11.13,0.88,0.68,-14.56,26.77,1.56,-11.18,19.62,11.15,14.67,104.82,-85.58,1
-10.75,-0.25,1.37,5.96,-22.99,-7.77,-3.98,19.62,8.92,94.95,-76.29,108.48,1
-8.50,0.89,1.58,15.08,-6.69,-23.47,0.27,15.05,2.35,-48.89,-115.98,208.49,1
-9.33,1.19,0.67,0.09,-9.69,0.55,3.95,-2.14,-5.12,-8.09,-54.11,159.95,1
-8.25,1.28,1.36,-16.02,-16.34,1.15,6.67,-5.72,-8.70,45.10,4.66,65.55,1
-8.15,0.64,1.67,-2.73,-9.87,-2.90,5.59,-3.81,-5.54,-1.43,58.17,-107.88,1
-8.00,1.28,1.58,1.32,6.62,-2.81,2.32,-0.37,-3.02,-49.52,108.46,-241.96,1
-9.24,0.92,-0.23,-13.46,19.50,10.43,-10.35,19.62,9.16,-35.45,82.62,-120.98,1
-13.76,0.17,0.56,-18.91,-6.69,1.84,-6.33,19.62,14.46,20.11,-25.56,49.00,1
-9.22,0.32,1.85,6.39,-9.95,-10.04,-0.83,18.16,5.64,12.07,-117.28,154.65,1
-8.12,1.02,1.35,14.83,-15.34,-15.55,0.78,8.96,-0.09,11.57,-127.75,221.01,1
-8.56,1.30,1.77,-9.52,-15.77,6.68,6.05,-4.74,-8.23,33.31,-2.61,75.79,1
-7.86,1.20,1.77,-9.43,-6.53,1.40,5.90,-4.23,-6.20,18.52,43.83,-54.56,1
-7.55,0.86,1.80,-1.22,6.07,-4.28,4.09,-1.43,-3.80,-53.76,98.63,-195.35,1
-8.40,1.61,1.38,2.53,12.01,2.05,-0.39,4.15,1.65,8.29,129.38,-250.14,1
-11.37,1.72,0.92,-37.15,23.72,-2.93,-7.52,19.62,15.19,-2.44,-16.57,24.08,1
-11.75,0.34,0.79,-7.27,-9.03,-5.37,-1.07,19.62,8.95,-20.15,-101.44,119.05,1
-8.81,-0.17,1.04,4.99,4.07,-29.95,-0.08,12.18,2.18,-19.08,-115.11,194.09,1
-8.19,1.52,0.61,7.44,0.08,-16.86,0.01,4.43,-0.97,-1.26,-110.75,220.52,1
-8.15,0.88,1.87,-10.31,-27.73,-3.45,7.38,-5.40,-7.64,60.91,30.63,-12.64,1
-7.26,0.52,2.00,-11.70,-3.24,-9.90,4.76,-2.82,-5.25,-11.40,76.92,-175.85,1
-7.45,0.79,1.53,-2.47,8.90,2.56,-0.07,2.76,-0.21,-16.98,113.78,-250.14,1
-8.87,1.35,1.38,-10.48,1.58,15.72,-3.24,11.62,5.09,26.83,135.74,-250.14,1
-11.93,0.19,1.15,-7.97,-10.71,-4.39,-2.05,19.62,5.17,-49.94,-92.94,133.09,1
-9.01,-0.22,1.54,8.98,-7.31,-17.82,0.11,12.16,0.52,-43.91,-119.60,209.32,1
-8.78,1.22,0.56,-0.05,-8.95,-10.59,0.31,5.05,-1.37,-35.91,-85.48,224.22,1
-8.77,1.35,1.08,-8.02,-30.53,0.21,1.96,0.15,-3.35,-10.53,-68.20,180.21,1
-7.47,0.69,2.39,1.80,-4.45,-0.45,5.37,-3.22,-5.78,9.92,67.09,-163.28,1
-8.89,1.14,1.83,-10.75,6.35,8.75,1.04,0.78,-2.82,63.05,88.76,-250.14,1
-8.31,1.51,1.49,-13.02,23.85,19.19,-2.08,13.22,5.97,66.56,121.91,-250.14,1
-8.10,0.65,0.43,-5.54,14.25,12.15,-6.96,19.62,7.03,-122.78,139.79,-168.00,1
-8.44,0.29,2.07,15.44,-8.85,-16.04,-1.30,17.89,4.17,4.52,-161.90,190.57,1
-7.84,1.57,1.46,11.74,-9.03,-15.53,1.05,7.57,-0.45,-31.20,-104.47,224.80,1
-8.62,1.17,1.35,6.91,-6.12,-4.13,1.66,2.21,-3.57,-5.51,-100.91,211.82,1
-8.25,0.87,1.84,7.17,-21.27,2.50,4.92,-4.00,-8.66,-15.27,6.92,108.42,1
-8.03,1.70,2.22,5.17,18.14,5.05,2.06,0.33,-2.35,-5.24,82.05,-241.72,1
-7.75,1.65,1.60,-1.01,18.62,8.03,-1.79,9.80,6.22,42.39,97.88,-250.14,1
-9.08,1.51,0.86,3.79,15.37,5.99,-7.01,19.62,6.22,-39.06,105.03,-166.20,1
-14.35,-0.90,-0.83,-6.52,-5.86,-7.89,-6.84,19.62,10.70,39.29,-18.90,44.81,1
-8.36,1.79,1.34,4.78,-3.21,-11.17,1.39,6.20,-0.85,-22.54,-111.97,219.99,1
-8.89,1.37,0.84,-0.99,-0.65,-2.72,1.86,1.91,-1.93,-36.56,-76.90,194.73,1
-8.38,1.22,1.37,-15.42,-8.64,2.08,4.64,-3.61,-6.21,5.14,-32.32,107.10,1
-7.69,0.93,1.64,-16.02,1.40,-0.80,5.82,-4.49,-6.49,61.32,29.49,-37.81,1
-8.62,1.30,1.22,-9.42,17.81,10.47,-1.55,6.71,2.24,26.92,114.16,-250.14,1
-8.69,1.50,0.22,-0.31,16.49,17.23,-2.71,18.34,6.56,-60.37,171.08,-245.25,1
-13.59,0.11,0.54,-28.70,4.25,1.05,-9.09,19.62,13.60,-19.76,25.41,-8.75,1
-9.55,-0.23,1.77,5.20,-21.79,-10.82,-1.53,19.62,8.05,3.13,-87.99,132.57,1
-9.35,2.17,0.40,-4.79,-7.50,-9.11,1.42,2.78,-1.48,-1.31,-87.58,216.47,1
-9.26,1.08,1.18,-11.99,-16.22,0.75,2.74,-1.27,-4.79,23.08,-59.32,172.76,1
-8.43,0.76,1.54,-16.59,-5.64,-3.67,6.13,-4.97,-7.64,55.21,11.92,29.45,1
-7.51,0.66,1.71,-3.37,0.57,-6.50,5.87,-3.97,-5.44,-3.60,65.86,-146.75,1
-8.67,1.15,0.77,-4.08,6.28,10.82,-3.30,13.39,7.18,35.27,110.78,-250.14,1
-8.90,0.69,0.78,-11.04,16.86,9.27,-9.39,19.62,8.44,-68.87,114.24,-157.96,1
-13.45,-0.44,0.76,-8.70,-12.85,-3.64,-5.86,19.62,13.96,35.87,-46.38,57.93,1
-8.81,-0.60,1.90,20.23,-8.70,-19.55,-0.59,18.79,5.67,-16.95,-128.72,168.98,1
-9.88,2.01,-0.40,11.27,-11.73,-3.16,1.82,-0.26,-5.29,-9.22,-88.11,201.14,1
-9.22,0.78,2.28,-0.70,-11.47,5.00,4.86,-3.90,-8.22,49.09,-45.60,118.51,1
-8.17,0.77,1.58,-1.69,-2.15,0.07,6.45,-4.99,-7.44,19.78,29.85,-59.73,1
-7.18,0.91,1.80,5.30,9.38,-1.44,4.65,-2.24,-4.20,-42.31,100.55,-202.12,1
-8.98,2.05,1.17,-13.34,18.03,17.60,-6.10,19.62,7.15,-58.15,124.44,-198.78,1
-13.46,0.02,0.56,-21.02,15.32,3.73,-9.02,19.62,16.20,-78.84,38.26,-17.72,1
-10.20,-0.54,2.45,14.31,-14.55,-13.52,-2.53,19.62,11.50,12.89,-111.34,110.51,1
-7.03,0.48,1.37,21.01,-3.54,-20.11,0.12,11.45,3.72,6.04,-156.78,193.44,1
-9.37,1.49,1.02,-13.43,-23.23,9.98,2.84,-1.79,-6.55,24.68,-73.82,152.34,1
-8.42,0.57,1.31,-21.75,-0.02,1.33,6.39,-5.40,-9.28,43.07,-15.34,34.87,1
-7.64,0.44,1.31,-1.01,2.98,-2.27,6.45,-3.67,-5.70,11.40,54.37,-148.34,1
-8.22,1.20,1.07,1.63,6.77,2.06,2.86,0.44,-2.48,-36.67,145.91,-250.14,1
-11.45,0.84,0.20,-23.39,17.85,14.04,-11.39,19.62,13.05,-18.86,84.55,-76.17,1
-13.01,-0.07,0.41,-19.15,-19.34,-0.47,-5.09,19.62,15.09,16.68,-47.52,82.76,1
-8.17,0.28,1.76,8.42,-9.06,-20.69,-1.65,15.86,6.19,-5.30,-126.66,190.58,1
-8.39,1.43,1.12,6.63,-4.81,-17.84,-0.34,5.60,-0.94,2.92,-149.20,234.79,1
-8.92,1.12,0.96,-8.94,-9.03,3.59,6.16,-4.60,-9.47,0.11,-13.34,60.51,1
-7.81,0.86,1.93,-4.47,-14.03,-0.11,5.99,-3.90,-5.68,-6.13,55.10,-65.13,1
-7.94,1.14,1.45,-1.71,6.65,2.89,5.31,-1.94,-4.33,-6.15,116.18,-194.32,1
-8.49,1.13,1.49,-2.31,4.26,12.82,-0.49,4.14,2.24,53.06,146.81,-250.14,1
-13.39,0.76,-0.04,-22.30,13.44,13.82,-8.47,19.62,15.28,22.95,13.22,-22.19,1
-10.01,1.18,2.10,0.55,-18.36,6.30,-2.22,19.62,10.10,13.82,-89.36,103.50,1
-8.33,1.20,1.83,9.54,-3.92,-10.69,-0.38,13.24,2.90,-24.92,-124.94,195.09,1
-8.34,2.26,0.41,2.30,4.02,-9.23,-0.26,5.68,-2.00,0.40,-118.69,224.72,1
-8.57,1.51,0.84,-7.71,-8.87,1.12,5.70,-4.94,-7.19,19.20,11.73,57.62,1
-8.11,1.67,1.12,-5.69,-14.02,0.67,5.95,-4.59,-5.70,19.41,67.95,-59.18,1
-8.13,1.71,1.48,-7.51,9.40,-0.82,4.48,-1.83,-4.18,1.73,105.69,-202.46,1
-8.06,1.78,1.11,-1.89,7.44,6.67,-0.96,6.05,1.91,45.91,139.05,-250.14,1
-12.22,0.24,-0.32,1.44,-27.40,-1.83,-7.44,19.62,14.38,-20.56,-8.18,21.42,1
-8.13,0.93,1.13,12.57,-15.06,-21.21,-1.34,18.76,8.45,-15.82,-100.45,143.34,1
-7.75,1.94,1.53,7.74,-6.64,-22.60,0.40,10.26,2.07,-15.98,-127.09,221.35,1
-9.45,2.12,0.27,1.79,-2.42,-9.55,1.55,3.65,-1.48,-3.30,-116.33,223.15,1
-7.80,1.31,0.70,-10.04,1.70,-3.68,6.42,-4.55,-6.60,31.17,28.02,-22.45,1
-7.45,1.60,1.45,-0.71,3.89,-6.22,6.20,-4.05,-5.36,-31.52,92.85,-152.15,1
-8.21,2.04,0.88,-7.55,12.71,-0.85,2.10,0.85,-2.61,-39.45,153.56,-248.74,1
-8.52,1.93,0.21,-9.23,9.00,11.64,-2.89,12.49,8.26,24.10,144.95,-238.61,1
-9.30,-0.09,1.75,-10.10,-21.06,-14.30,-2.26,19.62,10.60,-8.26,-101.13,125.85,1
-7.28,-0.23,1.03,7.33,-3.83,-24.34,0.23,14.06,4.54,-16.79,-117.17,201.25,1
-8.50,0.79,0.60,16.90,1.64,-22.38,0.42,5.59,-0.36,-37.44,-114.08,241.43,1
-11.96,2.84,-1.21,-0.30,-12.38,-5.04,1.51,-0.64,-3.43,-24.11,-100.35,194.03,1
-7.36,0.41,1.00,13.78,4.87,-10.62,6.92,-4.36,-5.02,-38.56,45.51,-154.19,1
-7.72,0.96,0.49,14.17,6.26,-5.60,4.14,-2.38,-2.95,-79.20,117.68,-250.14,1
-8.40,2.38,0.66,12.96,10.36,9.14,-2.04,3.69,4.02,-3.72,170.27,-250.14,1
-8.52,2.00,-0.23,-12.57,7.11,19.95,-7.72,19.29,7.38,22.40,132.06,-242.05,1
-8.46,0.03,1.15,1.94,-7.86,-17.34,-1.44,17.65,5.41,28.63,-128.52,173.68,1
-7.77,0.93,0.96,9.36,-7.50,-18.05,-0.58,9.92,0.88,3.72,-132.27,244.46,1
-9.45,1.95,-0.78,-3.91,-9.01,-7.86,-0.51,3.68,-1.14,-11.50,-108.47,244.63,1
-9.23,0.87,0.87,-8.87,-14.30,2.98,2.39,-1.87,-4.49,6.95,-84.54,173.43,1
-7.89,0.76,1.59,5.08,4.15,-0.56,5.75,-2.84,-4.95,-3.16,94.81,-192.83,1
-8.60,1.55,1.05,0.66,9.95,9.08,1.01,1.55,-1.14,1.65,136.27,-250.14,1
-8.82,1.51,0.37,6.31,16.64,16.63,-4.78,13.77,7.76,46.62,136.35,-250.14,1
-9.38,1.39,-0.23,-10.08,11.80,9.49,-12.95,19.62,10.58,-66.52,75.76,-95.95,1
-8.96,0.84,1.16,5.75,-14.56,-17.92,-0.22,11.97,3.01,13.37,-138.88,217.12,1
-8.30,1.66,1.01,5.27,-8.08,-16.05,0.02,4.93,-0.96,7.30,-126.87,236.92,1
-8.71,1.46,0.45,0.64,-15.12,1.01,2.32,-1.95,-5.92,4.83,-76.50,184.87,1
-8.24,1.35,1.00,-10.67,-8.92,0.81,6.39,-5.73,-8.11,53.12,8.79,36.51,1
-8.09,1.48,1.42,-0.80,7.01,7.37,-0.17,2.09,0.72,7.44,134.50,-250.14,1
-8.15,1.41,0.47,2.68,10.00,12.44,-4.68,13.63,6.03,67.97,128.08,-250.14,1
-11.93,1.14,0.60,-19.68,19.36,1.63,-10.87,19.62,11.12,-16.27,64.60,-68.07,1
-10.12,0.89,2.00,15.34,-19.44,-7.52,-3.55,19.62,10.23,-32.55,-78.85,113.11,1
-9.06,1.57,0.37,2.44,3.47,-8.37,0.34,2.99,-1.15,-10.53,-125.27,219.31,1
-8.66,1.39,0.22,-2.83,-3.23,1.08,3.42,-3.89,-7.04,45.37,-66.39,154.82,1
-8.14,1.08,0.96,-5.02,-12.22,-3.34,6.09,-5.10,-7.12,17.34,34.82,-21.82,1
-7.78,1.28,1.52,-2.53,3.50,-5.56,5.16,-3.34,-4.42,-50.17,100.30,-172.14,1
-9.09,1.76,0.39,-13.69,18.24,9.34,-7.91,19.62,8.22,27.08,107.18,-203.62,1
-13.12,-0.29,-0.50,-21.27,-7.45,-0.15,-8.95,19.62,13.25,16.18,4.46,7.27,1
-9.07,0.17,1.72,12.16,-14.30,-17.92,-1.31,19.62,7.68,-64.42,-99.37,152.70,1
-8.80,1.43,1.30,10.87,-7.08,-22.36,-0.05,9.47,1.75,-51.54,-136.47,215.97,1
-8.20,0.99,0.64,-9.54,0.34,0.62,5.79,-4.36,-7.59,78.68,-13.37,73.01,1
-7.96,0.95,1.09,-1.58,-5.57,-2.18,5.91,-3.37,-5.28,-11.45,60.66,-83.35,1
-7.97,1.20,1.12,-3.81,8.30,0.98,3.32,-1.47,-2.28,-72.25,108.23,-201.01,1
-8.44,1.60,0.76,-5.17,10.13,9.92,-1.53,4.53,3.39,50.31,119.33,-250.14,1
-12.00,-0.39,0.63,-1.09,-23.25,-0.60,-4.31,19.62,11.07,-37.15,-61.66,68.24,1
-8.32,0.23,1.35,12.60,-0.98,-23.39,-0.28,15.98,5.48,-55.79,-108.42,163.98,1
-8.32,1.44,1.16,9.56,6.26,-17.51,0.08,6.73,1.38,-35.31,-131.48,201.19,1
-9.07,1.53,-0.51,-0.32,-12.77,-2.16,1.20,1.41,-1.51,16.98,-98.79,170.85,1
-9.45,1.07,0.89,-12.96,-6.55,-1.94,5.06,-2.60,-5.98,38.92,32.01,-117.75,1
-8.44,1.27,0.39,-0.68,9.55,6.24,3.05,-0.34,-4.13,7.98,57.68,-213.64,1
-6.97,1.38,0.97,-13.12,8.11,12.12,-1.43,7.58,3.03,-0.73,106.45,-250.14,1
-9.16,1.62,-0.91,-25.73,-3.38,14.03,-4.55,18.54,4.86,-87.02,115.26,-175.40,1
-10.23,0.41,1.70,5.76,-30.28,-16.18,-1.79,18.27,6.12,-4.19,-119.71,160.26,1
-8.95,-0.07,1.09,19.35,-21.42,-17.03,0.80,10.56,0.58,25.06,-129.96,206.41,1
-8.61,1.48,-0.43,3.50,-37.64,6.10,0.91,4.34,-1.73,5.31,-79.68,198.17,1
-7.78,2.02,1.97,-11.30,-41.82,8.18,2.82,0.28,-3.17,-5.84,-77.07,169.98,1
-8.36,0.71,2.62,-1.83,3.20,1.48,3.59,-4.01,-7.75,35.70,52.88,-148.34,1
-8.72,1.57,2.50,-5.21,9.02,17.85,1.12,0.58,-4.31,35.08,44.92,-250.14,1
-6.52,1.88,2.98,-2.00,24.39,17.96,-1.99,13.93,5.66,-51.96,141.62,-250.14,1
-7.10,1.18,-0.21,-1.85,29.82,3.79,-6.42,19.62,7.87,-161.09,112.11,-110.42,1
-8.58,0.57,2.48,30.92,-2.11,-8.92,-2.03,18.43,7.45,-0.07,-211.05,173.73,1
-7.53,1.29,2.24,21.59,2.02,-7.73,0.63,9.71,0.67,-27.77,-148.49,210.31,1
-8.42,2.20,0.99,4.34,6.17,3.94,0.58,4.07,-2.72,27.48,-109.81,227.71,1
-9.24,1.56,0.29,-10.89,-8.50,-0.34,2.80,-2.24,-6.12,-10.31,-27.78,168.02,1
-6.53,1.48,2.88,-9.69,14.25,-6.86,4.94,-3.44,-4.94,-14.99,110.97,-184.85,1
-8.45,1.67,1.75,-11.95,16.42,-8.00,0.84,0.19,-1.67,-61.25,138.73,-250.14,1
-8.54,1.71,2.35,-18.17,27.66,10.81,-3.33,11.84,6.63,68.39,77.86,-250.14,1
-11.43,1.28,0.22,-37.04,10.39,7.15,-7.79,19.62,11.67,4.18,31.02,-109.17,1
-7.79,0.79,2.67,17.15,-9.68,-13.95,0.23,13.71,2.32,7.82,-145.31,206.66,1
-8.83,2.17,1.67,8.38,-6.82,-2.44,1.61,6.12,-1.31,-13.70,-137.86,213.50,1
-8.14,1.25,1.48,3.02,-10.85,-1.85,2.90,1.34,-3.37,-19.10,-68.83,172.90,1
-7.83,0.90,2.07,6.80,-7.92,-3.53,4.63,-2.16,-6.22,-16.73,-27.01,94.49,1
-7.93,1.54,1.69,-2.61,7.60,8.29,5.11,-0.70,-5.56,32.63,92.84,-199.42,1
-7.82,1.48,1.82,1.58,15.73,10.07,1.23,4.10,-0.99,0.51,139.04,-250.14,1
-8.25,2.45,1.61,-4.32,27.96,6.82,-2.28,15.84,6.50,-91.43,205.02,-250.14,1
-14.09,1.30,0.56,-18.78,13.34,-4.84,-7.14,19.62,14.68,-44.63,66.47,-75.10,1
-8.18,1.63,1.77,19.44,-18.05,-15.80,-0.38,9.43,1.24,31.02,-184.60,214.76,1
-9.22,2.14,0.28,-0.96,-19.10,-7.30,0.56,4.31,-2.45,35.92,-161.61,219.97,1
-8.57,0.75,1.43,1.01,-23.16,-3.44,2.95,0.29,-4.70,18.25,-129.28,172.52,1
-6.25,0.86,3.14,-1.61,-19.86,-4.52,7.80,-6.08,-10.27,18.69,-3.22,41.49,1
-8.02,1.82,3.60,-3.73,18.69,6.63,-0.04,3.31,0.83,23.99,130.02,-250.14,1
-7.93,1.78,1.94,-19.76,28.97,11.87,-2.32,18.14,5.59,-57.20,114.00,-237.28,1
-14.02,-0.25,1.27,-30.55,-0.63,-6.89,-6.29,19.62,14.47,-36.39,41.19,-9.46,1
-10.17,-1.41,2.84,18.56,-6.78,-21.73,-1.08,19.62,8.89,75.92,-121.50,125.35,1
-7.94,2.05,1.56,1.46,-5.31,5.79,3.26,1.84,-3.16,-31.73,-77.05,184.85,1
-9.00,1.00,1.73,-1.44,-11.77,-0.47,3.66,-1.59,-6.14,-21.44,-31.19,150.69,1
-7.88,1.08,2.61,-9.88,-12.78,-2.83,7.18,-5.84,-9.41,34.47,31.42,23.98,1
-6.96,1.08,2.29,-11.14,-0.45,4.31,5.61,-4.45,-6.61,36.44,69.67,-143.58,1
-7.26,1.14,1.85,-15.66,30.67,10.08,-2.75,13.90,2.55,-1.55,151.60,-250.14,1
-11.11,1.26,0.97,-30.73,27.25,4.29,-9.00,19.62,12.56,1.89,75.55,-79.91,1
-12.26,-1.60,2.30,-13.07,-19.04,-11.03,-2.08,19.62,12.27,24.89,-59.27,111.63,1
-9.02,-0.65,1.42,24.14,7.46,-31.09,0.28,15.22,4.80,-25.16,-144.88,207.45,1
-8.94,1.17,-0.10,-1.82,-17.68,4.69,3.18,-2.57,-6.20,-15.20,-51.40,152.31,1
-8.26,0.56,1.74,-2.92,-15.84,1.41,6.81,-5.74,-9.62,21.40,10.69,59.25,1
-7.29,1.22,2.23,-0.21,-0.38,-4.95,6.45,-5.08,-7.46,12.82,64.60,-110.66,1
-7.20,1.25,1.77,-3.73,11.87,-0.90,3.12,-0.70,-3.35,-23.58,109.68,-227.98,1
-9.60,0.94,0.94,-15.16,22.56,7.96,-9.31,19.62,10.86,7.31,69.85,-119.48,1
-14.71,0.06,0.63,-27.82,4.19,-7.79,-5.40,19.62,13.97,75.13,-22.34,49.81,1
-10.06,-0.07,2.16,18.18,-1.45,-14.47,-0.68,19.62,4.91,-18.44,-106.08,175.73,1
-8.82,1.06,0.93,17.82,-0.69,-14.79,1.17,6.98,0.24,-78.87,-146.85,218.78,1
-8.67,1.12,0.97,-13.26,-10.47,6.50,6.17,-5.60,-9.08,53.92,-2.06,95.66,1
-7.77,0.99,1.06,-14.16,-17.77,0.54,6.42,-6.19,-8.62,36.64,46.18,-29.88,1
-7.41,0.56,1.17,-7.47,-4.65,1.04,5.07,-3.66,-5.83,-26.59,108.76,-195.60,1
-7.70,1.31,1.44,-5.27,7.28,7.92,-0.19,2.32,-0.16,-11.07,136.98,-250.14,1
-14.13,-0.36,0.35,-28.45,12.24,-6.44,-9.96,19.62,14.65,20.85,14.27,-14.68,1
-11.02,-0.68,2.45,22.13,-32.31,-12.28,-3.32,19.62,9.91,3.11,-110.48,108.21,1
-8.97,0.54,1.57,33.86,-5.94,-25.84,-0.36,14.79,2.77,-4.24,-146.84,207.35,1
-8.68,1.71,0.75,18.76,-2.65,-15.48,0.39,6.03,-1.47,12.47,-147.76,250.13,1
-7.98,0.96,1.18,0.07,-18.96,-5.39,6.45,-6.88,-8.16,32.34,27.24,32.79,1
-7.21,0.91,1.84,3.82,-8.98,-2.38,6.30,-6.11,-6.45,-5.67,73.09,-109.44,1
-7.63,1.30,1.74,-2.41,4.76,4.41,3.00,-1.60,-2.25,-31.15,99.84,-236.94,1
-8.17,1.27,1.68,-1.00,11.37,10.33,-1.85,7.24,6.04,28.72,126.04,-250.14,1
-12.48,-0.30,0.60,-0.21,-22.92,2.89,-3.87,19.62,12.18,-18.60,-54.76,72.22,1
-9.42,0.75,1.78,14.21,-10.21,-14.05,-0.32,18.05,5.53,-43.49,-107.82,167.40,1
-8.43,1.55,1.30,9.44,-10.40,-14.10,0.79,7.93,1.10,-22.45,-145.77,222.60,1
-10.54,2.06,-1.07,-26.19,14.30,-16.48,0.79,1.72,-1.82,6.02,-118.97,201.27,1
-7.20,0.30,2.37,-16.75,-15.76,0.04,5.85,-6.08,-7.39,26.09,70.80,-96.18,1
-6.88,0.48,2.19,-12.53,1.80,5.61,5.26,-4.01,-5.99,-26.95,103.81,-222.71,1
-8.33,1.33,0.68,-16.34,14.11,8.33,-1.42,5.52,2.09,36.14,126.97,-250.14,1
-8.84,1.66,1.31,-32.91,22.67,17.77,-4.61,19.62,7.92,-42.40,174.85,-237.57,1
-9.13,-0.35,2.30,14.12,-6.46,-16.03,-1.10,17.49,3.41,-23.11,-109.73,179.99,1
-8.00,-0.33,1.62,23.44,-5.51,-16.55,0.18,10.39,-0.45,-14.97,-122.11,234.18,1
-10.07,1.88,1.20,12.45,-8.86,-5.72,1.54,2.95,-2.13,-41.61,-90.40,215.14,1
-8.63,1.12,1.46,0.38,-23.44,-1.28,4.73,-3.42,-6.48,7.27,-40.73,153.87,1
-7.86,0.51,1.90,2.56,2.13,-3.59,4.35,-3.30,-4.93,5.66,82.85,-200.98,1
-8.19,1.21,2.02,-3.28,10.68,8.51,1.56,0.82,-1.64,13.71,97.26,-250.14,1
-7.81,1.34,1.58,-0.75,19.61,10.40,-2.53,13.52,8.62,-28.72,123.15,-250.14,1
-8.78,1.07,0.71,-5.45,11.11,4.91,-9.01,19.62,11.69,-127.09,100.40,-104.50,1
-8.24,-0.40,1.89,31.63,-6.58,-24.66,0.33,15.36,4.64,4.72,-183.34,198.46,1
-7.63,0.71,2.07,30.00,-3.23,-14.08,1.55,6.95,-0.11,0.01,-150.24,216.03,1
-8.67,2.05,1.05,11.13,-0.04,-5.04,1.48,2.22,-2.94,4.44,-113.37,211.85,1
-8.44,1.19,2.32,-0.21,-19.44,1.29,4.80,-5.68,-9.83,28.86,-13.81,132.45,1
-7.68,0.66,2.23,1.63,8.37,3.47,2.90,-2.15,-4.13,-41.34,114.89,-250.14,1
-7.99,1.43,1.80,0.32,11.70,9.45,-1.55,2.84,1.83,-47.59,141.31,-250.14,1
-8.44,1.18,0.83,-1.37,23.02,18.60,-6.99,17.98,6.56,-85.96,165.31,-250.14,1
-14.28,0.11,1.01,-29.07,11.80,1.45,-9.52,19.62,17.18,12.18,37.21,-20.09,1
-7.93,1.08,1.53,22.27,-0.17,-16.64,-0.13,8.91,2.01,10.41,-176.18,228.52,1
-8.94,2.12,0.76,4.97,2.89,-3.56,0.47,2.93,-2.31,34.34,-143.37,223.60,1
-8.62,0.94,1.23,-5.39,-6.95,9.64,4.34,-3.29,-8.14,49.15,-57.69,164.08,1
-7.96,1.27,1.40,-16.00,-5.04,2.78,7.91,-7.50,-10.50,34.37,43.33,-1.72,1
-8.24,1.73,1.61,-10.79,11.40,7.92,-0.69,4.03,1.78,-14.31,153.73,-250.14,1
-8.28,1.31,1.44,-18.25,13.83,14.20,-2.86,11.80,7.15,47.37,129.51,-238.73,1
-10.90,0.70,2.11,-18.25,33.34,5.39,-11.56,19.62,12.80,-4.13,67.69,-73.19,1
-11.32,-0.95,1.58,3.83,-32.85,-4.20,-5.18,19.62,11.83,23.44,-74.11,74.56,1
-8.70,2.37,1.16,4.73,3.35,-10.52,0.97,5.25,0.03,19.08,-153.01,217.50,1
-9.30,1.88,-0.23,-1.50,-3.47,0.11,1.54,1.70,-2.09,8.69,-121.18,199.96,1
-8.27,0.65,2.11,-9.54,-7.01,6.95,5.89,-4.87,-8.74,32.14,-57.69,114.39,1
-7.95,1.20,0.82,-5.79,-9.56,3.90,7.41,-5.74,-9.50,31.79,31.44,-51.60,1
-8.24,1.65,1.56,-17.56,10.73,14.62,-1.82,6.26,5.03,0.34,157.77,-250.14,1
-8.35,1.60,0.71,-9.15,12.21,18.97,-4.81,15.40,5.05,-18.81,158.38,-237.82,1
-12.50,0.85,0.43,-29.73,21.59,4.98,-10.71,19.62,14.49,14.31,12.54,-24.92,1
-10.27,0.74,1.94,-1.53,-26.95,-3.37,-3.53,19.62,8.93,-7.05,-105.25,120.29,1
-8.61,1.65,0.95,-2.09,-1.73,-8.67,2.20,3.30,-2.72,25.11,-106.08,212.48,1
-8.78,1.35,0.25,-4.91,-6.60,-0.10,3.74,-2.11,-6.79,10.47,-46.70,167.03,1
-8.03,1.22,0.96,-18.16,-12.01,-3.46,6.39,-5.96,-8.24,17.21,33.52,18.32,1
-7.70,0.73,1.81,-5.70,-5.18,-3.87,5.45,-3.86,-5.55,-18.42,99.89,-146.62,1
-8.40,1.51,1.19,-9.27,5.02,12.78,-3.25,12.75,2.16,20.66,110.07,-237.42,1
-9.17,0.69,0.42,-10.80,17.08,11.92,-10.77,19.62,12.95,59.37,64.50,-70.33,1
-14.07,0.39,0.66,3.58,-16.06,-2.86,-2.24,19.62,10.11,48.03,-79.57,91.00,1
-9.97,0.68,1.85,12.97,-3.62,-18.56,-0.09,15.96,3.92,-53.66,-129.93,166.87,1
-8.78,1.57,0.11,9.56,-3.93,-3.47,1.55,2.39,-2.85,-31.37,-85.06,170.81,1
-8.40,1.54,1.41,3.89,-17.22,5.76,4.71,-2.96,-7.35,-17.18,-46.02,112.31,1
-7.89,1.24,1.46,-5.96,-14.23,-1.33,6.61,-4.74,-7.05,41.21,25.27,-24.93,1
-7.76,1.36,2.08,-6.83,1.21,0.05,5.86,-2.93,-5.26,-11.82,90.87,-176.30,1
-8.23,1.10,-0.24,-0.50,16.02,18.60,-5.25,19.01,6.02,-51.31,151.47,-238.53,1
-11.44,1.67,1.41,-25.28,25.45,8.66,-10.32,19.62,13.72,32.21,33.24,-42.82,1
-11.05,0.82,2.23,6.18,-32.45,1.66,-3.04,19.62,8.38,32.84,-97.05,105.55,1
-8.37,1.31,1.94,7.64,-9.31,-17.22,-0.22,14.75,2.46,-42.40,-129.71,199.79,1
-8.86,1.36,1.54,-5.73,-10.48,0.57,4.06,-3.14,-6.83,5.22,-37.63,148.38,1
-7.76,1.61,1.79,-19.12,-3.53,-4.35,6.89,-5.73,-8.15,44.51,32.98,22.28,1
-7.44,1.03,1.88,-8.21,1.80,-5.14,6.00,-3.88,-5.39,1.30,92.55,-134.35,1
-7.93,1.48,1.60,-6.36,10.50,1.02,1.94,0.53,-1.21,-37.18,124.07,-248.98,1
-13.45,0.67,0.84,-23.95,23.64,-1.67,-8.38,19.62,14.82,39.85,12.34,-10.40,1
-10.15,0.21,2.20,14.27,-22.31,-11.17,-2.83,19.62,8.19,7.79,-106.01,119.88,1
-8.49,1.22,1.46,14.42,-2.29,-25.40,0.18,13.08,2.93,-20.40,-135.21,209.91,1
-8.60,1.75,0.66,10.26,-0.51,-17.16,1.49,4.66,-0.93,2.53,-116.60,222.33,1
-8.19,0.81,1.34,-6.69,-8.16,-3.29,6.83,-6.10,-7.14,24.81,38.85,-34.85,1
-7.95,0.87,1.47,-0.17,-3.37,-3.95,5.85,-3.64,-5.10,-23.85,85.08,-167.19,1
-8.33,1.45,1.16,-0.76,4.48,1.02,2.01,1.14,-1.41,-45.75,124.38,-250.14,1
-8.46,1.24,0.96,-6.40,10.38,9.43,-2.55,11.60,8.00,45.50,136.75,-250.14,1
-9.96,0.19,2.10,13.16,-25.15,-5.34,-2.09,19.62,8.28,-22.58,-88.30,131.51,1
-8.72,0.91,1.36,14.82,-7.94,-20.08,0.15,12.22,4.08,-17.42,-133.50,202.24,1
-8.66,1.72,1.00,6.67,-5.63,-11.66,1.13,4.71,-0.28,6.77,-125.18,217.34,1
-8.92,1.16,0.80,-1.50,-7.60,2.28,2.46,-0.44,-3.72,12.90,-77.20,171.56,1
-7.69,0.99,1.82,-2.24,2.29,-3.60,4.96,-2.30,-4.82,-36.27,94.73,-182.34,1
-8.11,1.55,1.39,-0.19,6.75,2.55,1.12,2.02,-0.54,-12.87,122.79,-250.14,1
-8.18,1.57,0.90,-9.42,8.31,12.39,-1.97,11.91,6.07,63.02,107.25,-236.38,1
-10.32,1.03,1.68,-19.07,21.20,3.92,-9.27,19.62,10.77,19.02,53.37,-64.45,1
-8.34,1.45,1.53,16.01,-5.80,-18.24,1.29,10.38,1.15,5.15,-99.61,231.10,1
-8.51,2.02,0.85,-0.75,2.78,-9.82,1.48,3.93,-1.48,-24.00,-93.58,223.87,1
-9.07,0.98,0.73,-7.31,-1.14,5.13,3.45,-3.85,-5.65,-9.60,-48.75,156.30,1
-8.09,1.05,0.77,-21.36,-5.31,-2.05,5.93,-6.32,-7.27,43.32,36.02,16.60,1
-8.15,1.61,1.70,-4.75,5.79,6.79,-0.65,4.92,4.20,19.63,100.76,-250.14,1
-7.97,0.54,0.47,-5.81,10.33,14.88,-3.57,16.04,4.14,26.31,112.79,-247.07,1
-11.33,0.72,0.60,-21.47,25.72,2.69,-7.69,19.62,10.56,16.66,49.61,-37.18,1
-11.57,0.10,1.80,9.43,-19.85,-3.21,-0.35,19.62,5.72,-38.84,-74.26,125.51,1
-8.67,1.61,0.61,3.95,2.11,-10.66,1.96,0.91,-2.01,-16.42,-67.35,173.31,1
-8.76,0.72,0.58,-1.85,-14.23,1.38,4.18,-3.30,-5.55,32.01,-18.60,102.76,1
-8.14,0.90,1.12,-6.02,-10.24,-0.64,5.48,-3.95,-4.90,22.41,20.82,-40.18,1
-7.81,1.03,1.52,-3.75,-1.88,-3.82,4.87,-2.02,-3.23,-27.24,52.99,-171.56,1
-8.07,1.19,0.58,-1.80,13.51,13.87,-8.89,19.62,4.84,-1.63,77.89,-205.78,1
-12.85,0.33,0.46,-20.09,17.00,-0.45,-8.15,19.62,13.52,-14.85,-2.04,10.38,1
-10.49,0.31,2.24,17.41,-30.32,-9.01,-1.13,19.62,7.42,-16.63,-98.89,155.31,1
-7.78,0.81,1.28,18.37,-1.85,-24.63,0.11,11.27,2.86,6.55,-143.67,240.68,1
-8.85,0.83,1.44,-11.53,-11.42,0.84,5.16,-6.90,-9.24,82.24,-26.59,119.99,1
-7.97,0.86,1.21,-8.66,-11.82,-9.35,5.97,-6.78,-7.60,20.69,41.95,-62.11,1
-7.56,1.00,1.63,-2.50,-0.73,-11.35,4.25,-2.98,-4.41,-57.73,90.87,-209.95,1
-8.01,1.19,1.51,-2.69,-1.01,-1.21,-0.56,3.74,3.69,-35.14,121.06,-250.14,1
-14.98,-1.70,1.42,-23.49,-12.24,-10.30,-5.40,19.62,12.15,69.27,-58.72,51.94,1
-9.26,-1.07,2.89,26.55,-17.79,-21.61,-1.94,19.62,5.31,1.37,-126.11,155.95,1
-8.44,0.74,1.52,24.98,-5.63,-20.74,1.66,10.21,1.00,34.33,-145.34,229.79,1
-8.96,1.25,0.79,-2.31,-1.64,-4.13,1.92,4.05,-2.02,38.09,-104.31,246.67,1
